hitIndex,hitDocId,hitStart,hitEnd,score,quoteIndex,quoteStart,quoteEnd,quoteDocId,workCount,quoteMeta,hitMeta,quoteText,hitText,result,annotator
0,0177400800,390967,391346,0.901,0,211082,211369,A48874,41,top5,top5,"nother reason *why* God hath scattered up and down *several degrees of pleasure and pain, in all the things that environ and affect us*; and blended them together, in almost all that our Thoughts and Senses have to do with; that we finding imperfection, dissatisfaction, and want of comp","ive<br />how God s ill make us relifm infinite Pleasures<br />in the Enjoymlnnt of him, than to apprehend<br />how, in our present State, the Bodies occalion<br />in us pleasant Sensations: Since there being no<br />natural Relation between those Sensations, and<br />the A&tions of Bodies upon that which our<br /><br />Soul<br /><br />Soul is united to, there is no other Way to folse<br />that Difficulty, but by having Recourse to",M,2
1,0031900105,399713,400092,0.901,0,211082,211369,A48874,41,top5,top5,"nother reason *why* God hath scattered up and down *several degrees of pleasure and pain, in all the things that environ and affect us*; and blended them together, in almost all that our Thoughts and Senses have to do with; that we finding imperfection, dissatisfaction, and want of comp","side for a while our re-<br />membrance of the good and evil we have seen<br />befalling mankind, we should be apt to con-<br />clude that the pleasures and pains, the fuc-<br />cesses and disappointments of all were in<br />quantity alike. For though it be certain God<br />may uncontrolably and lawfully deal with his<br />creatures as he pleases, yet can we find no<br />reason in any conceptions we can form of him,",M,2
2,0280200303,64897,65277,0.899,0,211082,211369,A48874,41,top5,top5,"nother reason *why* God hath scattered up and down *several degrees of pleasure and pain, in all the things that environ and affect us*; and blended them together, in almost all that our Thoughts and Senses have to do with; that we finding imperfection, dissatisfaction, and want of comp","and<br /><br />and is the true and proper Cause of all our<br />Sensations, of that Pleasure and that Pain<br />which we feel by the Mediation of the Cor-<br />poreal and Sensible World. That in the<br />various Rencounter of Bodies knockingand<br />juftling one against ahother the only Part of<br />us that is aded upon, is our Bodj: and<br />though our Spirit susser by that Occasion,<br />yet that 'tis God only that truly ads",M,2
3,0725200900,546080,546501,0.897,0,211082,211369,A48874,41,top5,top5,"nother reason *why* God hath scattered up and down *several degrees of pleasure and pain, in all the things that environ and affect us*; and blended them together, in almost all that our Thoughts and Senses have to do with; that we finding imperfection, dissatisfaction, and want of comp","God is very<br />natural and affecing to every warm and virtuous<br />heart. Why, therefore, are we so continually<br />difcontendcd and miserable? Why do we so<br />frequently complain of the want of happiness<br />and enjoyment, if it be not because we permit<br />the mind to be imposed upon by false appear-<br />ances; because sensuality frequently predomi-<br />nates over reason; because we prefer deceitful<br />gifts and fleeting pleasures to more essential",M,2
4,0942900105,716029,716417,0.895,0,211082,211369,A48874,41,top5,top5,"nother reason *why* God hath scattered up and down *several degrees of pleasure and pain, in all the things that environ and affect us*; and blended them together, in almost all that our Thoughts and Senses have to do with; that we finding imperfection, dissatisfaction, and want of comp","and dif-<br />position of our minds,and in the actions and course<br />of our lives, neither can God take pleasure in us,<br />nor we in him, but there will be a perpetual jarring<br />and discord between him and us; and tho' we were<br />in heaven, and feated in the place of the blefled, yet<br />we lhould not, nay we could not be happy; because<br />we hould want the necessary materials and ingredi-<br />ents of happiness.",T,2
159,0132500500,215855,216208,0.863,0,211082,211369,A48874,41,top5,top0-10,"nother reason *why* God hath scattered up and down *several degrees of pleasure and pain, in all the things that environ and affect us*; and blended them together, in almost all that our Thoughts and Senses have to do with; that we finding imperfection, dissatisfaction, and want of comp","perfetly<br />happy. How shall we reconcile these<br />things ? How Ihall we make the Almighty's<br />works agree? There is one certain way to<br />remove all difficulties, to teach us whence<br />we came, whither we go, and what we<br />fliall be. If God hath sent us into this<br />world, it is not to dwell here for ever; if he<br />hath lodged our fouls in weak and perish-<br />able bodies, it",T,2
1010,0071101000,693111,693471,0.845,0,211082,211369,A48874,41,top5,top0-10,"nother reason *why* God hath scattered up and down *several degrees of pleasure and pain, in all the things that environ and affect us*; and blended them together, in almost all that our Thoughts and Senses have to do with; that we finding imperfection, dissatisfaction, and want of comp","ance beholds them, and his Delight is<br />in them, and their Prayers: But all that adds nothing<br />i to the infinite Satisfaitiun and Complacency which the<br />dEternal Mind hath in it self. God can enjoy himself<br />without us, tho' we cou'd have but little Enjoyment of<br />i our selves without our Friends; This magnifies his Con-<br />n descension, in that tho' our Services be no",N,2
1026,1116801400,12792,13140,0.845,0,211082,211369,A48874,41,top5,top0-10,"nother reason *why* God hath scattered up and down *several degrees of pleasure and pain, in all the things that environ and affect us*; and blended them together, in almost all that our Thoughts and Senses have to do with; that we finding imperfection, dissatisfaction, and want of comp","has set forth to<br />us by all such things as we are most com-<br />monly affected with :-As a crown,-a<br />kingdom,-a treasure, an inheritance<br /><br />undefiled,<br /><br />undefiled, that fadeth not away ;-and a-<br />state of everlasting joy and pleafurle.<br /><br />Neg. If God designed men for this<br />happiness, how came they to forfeit their<br />title to it ?<br /><br />Min. They do it by being guilty",N,2
1710,0242800400,598284,598677,0.839,0,211082,211369,A48874,41,top5,top0-10,"nother reason *why* God hath scattered up and down *several degrees of pleasure and pain, in all the things that environ and affect us*; and blended them together, in almost all that our Thoughts and Senses have to do with; that we finding imperfection, dissatisfaction, and want of comp","nature and laws<br />of the christian Religion, and very low<br />and too unworthy thoughts of the joys<br />and glories of Heaven, and of all that our<br />Saviour hath done and suffered for us in<br />order to our obtaining them, if we can<br />after all this still content our selves with<br />any lower degrees of grace and holiness in<br />this life, or of glory in the next, that is,<br />with lower degrees of the love and fa-<br />vour",T,2
2115,0261601500,58522,58857,0.836,0,211082,211369,A48874,41,top5,top0-10,"nother reason *why* God hath scattered up and down *several degrees of pleasure and pain, in all the things that environ and affect us*; and blended them together, in almost all that our Thoughts and Senses have to do with; that we finding imperfection, dissatisfaction, and want of comp","God is not in all our thoughts, it is well if<br />: e ia anty : Of the Rock that begat us, we<br />riv been unmindful o, and have forgotten the<br />,;il that formed us p; We have forgotten him<br />',? witlhout number, and our hearts have walk-<br />d after vanity, and become vain. Their inward<br />* a.it having been, that our houses flould con-<br />itue for ever;",T,2
3470,0251701800,8573,8978,0.83,0,211082,211369,A48874,41,top5,top10-20,"nother reason *why* God hath scattered up and down *several degrees of pleasure and pain, in all the things that environ and affect us*; and blended them together, in almost all that our Thoughts and Senses have to do with; that we finding imperfection, dissatisfaction, and want of comp","us, that the greatest Good, to which<br />man can aspire, is a sense of the appro-<br />bation of his Maker; that this, in every<br />stage of his existence, must be the -foundation<br />of his happiness, and the only unchangeable<br />part of it; that all externals, refpeding<br /><br />either<br /><br />[9]<br />either the mind or the body, are of a relative<br />nature, and affect him with pleasure or pain<br />in a degree that depends on his own disposition",M,2
5759,1629200700,8006,8364,0.822,0,211082,211369,A48874,41,top5,top10-20,"nother reason *why* God hath scattered up and down *several degrees of pleasure and pain, in all the things that environ and affect us*; and blended them together, in almost all that our Thoughts and Senses have to do with; that we finding imperfection, dissatisfaction, and want of comp","World do strangely<br />alienate our Hearts from God, and the more we are busied<br /><br />in providing for the Flesh, the leTs Care we<br /><br />matt. 6. 3 3. Ihall take of the Spirit, The Kingdom of God<br /><br />and his Righteoufnefi are usually negleaed,<br /><br />while Men are follicitous about what they shall eat, and what<br />they Jfall drink, and wvherewithall they jflall be cloathed; and<br />sel",N,2
7028,0389201000,186038,186406,0.819,0,211082,211369,A48874,41,top5,top10-20,"nother reason *why* God hath scattered up and down *several degrees of pleasure and pain, in all the things that environ and affect us*; and blended them together, in almost all that our Thoughts and Senses have to do with; that we finding imperfection, dissatisfaction, and want of comp","change is not in God, but in the persons<br />themselves. When, therefore, from loving<br />any person, God becomes angry with him,<br />or, being angry, he becomes appeased, in<br />these cafes God is not changed, because he<br />a&s according to his eternal mind and will,<br />which is unchangeably set to love righteous.<br />ness, and hate iniquity; but the change is<br />in the persons themselves; and",N,2
7168,0276000601,436864,437236,0.819,0,211082,211369,A48874,41,top5,top10-20,"nother reason *why* God hath scattered up and down *several degrees of pleasure and pain, in all the things that environ and affect us*; and blended them together, in almost all that our Thoughts and Senses have to do with; that we finding imperfection, dissatisfaction, and want of comp","all<br />our thoughts and aftions. Thozu Jalt fJar the Lord<br />thy God, and /halt erve him alone.. Deut vi. 13.<br /><br />3. A second motive is our essential dependence<br />on God, in whom we live and move. We can have<br />nothing, we can do nothing but in and by God. It<br />is then tnoft just that we flould give to him the<br />homage of all, and employ our whole life and<br />strength for him, and to glori",T,2
8587,1232300400,412132,412556,0.816,0,211082,211369,A48874,41,top5,top10-20,"nother reason *why* God hath scattered up and down *several degrees of pleasure and pain, in all the things that environ and affect us*; and blended them together, in almost all that our Thoughts and Senses have to do with; that we finding imperfection, dissatisfaction, and want of comp","disorders and confusions in<br />the world, of which it is not productive.<br />For we should ever distinguish what<br />religion requires of us, as it may be<br />deduced from the law of nature, and<br />our relative situation as created beings;<br />what it farther requires of us, as the<br />Almighty by various means and ce at<br />sundry times"" hath revealed his will to<br />us, which must always be confifent<br />with those laws and that situation,<br />though much more",T,2
9888,1605501400,11758,12123,0.813,0,211082,211369,A48874,41,top5,top20-30,"nother reason *why* God hath scattered up and down *several degrees of pleasure and pain, in all the things that environ and affect us*; and blended them together, in almost all that our Thoughts and Senses have to do with; that we finding imperfection, dissatisfaction, and want of comp","then it is no<br />wonder, if the whole conduct of our lives, suitably to<br />the very wrong diifpolition that we fiet out: with, be no-<br />thing but one continued scene of' unfaithfulnefs.<br /><br />God, who is the author of every good gift, knows<br /><br />exac?1ly how much he has given every one to traffic with<br />and manage for him, and wye are taught by our natu-<br />ral notions of him, as well",T,2
11204,1013500200,5339,5694,0.811,0,211082,211369,A48874,41,top5,top20-30,"nother reason *why* God hath scattered up and down *several degrees of pleasure and pain, in all the things that environ and affect us*; and blended them together, in almost all that our Thoughts and Senses have to do with; that we finding imperfection, dissatisfaction, and want of comp",", our GOD is just;<br /><br />Pure hallelujah's ting.<br />The universe can't him contain;<br /><br />In truth doth he delight;<br />From chaos' vast profundity<br /><br />He call'd celestial light.<br />At his command the earth arose,<br /><br />Confusion heard his voice;<br />Let sacred righteousness dire&,<br /><br />And virtue be our choice.<br />He in one place reftrain'd the waves,<br /><br />And kept them up in store;<br />Let all the",N,2
11786,0431700300,248695,249064,0.81,0,211082,211369,A48874,41,top5,top20-30,"nother reason *why* God hath scattered up and down *several degrees of pleasure and pain, in all the things that environ and affect us*; and blended them together, in almost all that our Thoughts and Senses have to do with; that we finding imperfection, dissatisfaction, and want of comp","this Life, our best and<br />fecureft Condition is exposed to a World of<br />fad and uncomfortable Accidents, which we<br />have neither the Wisdom to foresee, nor the<br />Power to prevent: And where ihail we find<br />Relief, if there be no GOD ?<br /><br />Superstition renders a Man a Fool, and<br />Scepticism makes him mad.<br /><br />We have a Thing called Reason within us,<br />which is very ingenious in giving St",T,2
12122,0712901800,119619,119934,0.81,0,211082,211369,A48874,41,top5,top20-30,"nother reason *why* God hath scattered up and down *several degrees of pleasure and pain, in all the things that environ and affect us*; and blended them together, in almost all that our Thoughts and Senses have to do with; that we finding imperfection, dissatisfaction, and want of comp","ulefs Pow'r and WVifdom, we explore !<br />Thus on the reas'ning foul, we feel or fee<br />Strong deep impressions mark'd of DEITYt<br />All infinite, eternal, good and wife,<br />Above, below, beyond, none else can rife;<br />While Reason ditates, Nature calls aloud,<br />Omnipotence alone pertains to GOD !<br /><br />Tho' circumfcrib'd our pow'rs, yet",N,2
14902,1130601400,22111,22447,0.806,0,211082,211369,A48874,41,top5,top20-30,"nother reason *why* God hath scattered up and down *several degrees of pleasure and pain, in all the things that environ and affect us*; and blended them together, in almost all that our Thoughts and Senses have to do with; that we finding imperfection, dissatisfaction, and want of comp","continually."" - While<br />we are in a state of nature, (I believe) there is an<br />implacable enmity in our hearts to God and holi-<br />ness ;- we are neither able, nor willing to return<br />to God, from whom we have fallen;-we are in-<br />tirely "" without hope""-nay, "" without God in<br />"" the world.""-<br /><br />In so dismal, and, deplorable a situation as this;<br />shut",T,2
18176,0135500800,79419,79760,0.802,0,211082,211369,A48874,41,top5,top30-40,"nother reason *why* God hath scattered up and down *several degrees of pleasure and pain, in all the things that environ and affect us*; and blended them together, in almost all that our Thoughts and Senses have to do with; that we finding imperfection, dissatisfaction, and want of comp","in that Place?<br />17. I am not careful to answer in this Matter. It is<br />not mi' part to fay, Whether GOD hath done Good by-<br />'my Hands, Whether I have a Particular Turn of Mindi<br />for this, or not: And whether Want of Success (where;<br />our Attempts did not succeed) was owing to Imprudence,.<br />or to other Causes.' But the latter part of the Objetion,.",N,2
20203,0855400100,312869,313235,0.799,0,211082,211369,A48874,41,top5,top30-40,"nother reason *why* God hath scattered up and down *several degrees of pleasure and pain, in all the things that environ and affect us*; and blended them together, in almost all that our Thoughts and Senses have to do with; that we finding imperfection, dissatisfaction, and want of comp","all equally fallen short of<br />the glory of God, and liable to all the curses and male-<br />ditions of the law ; so that he that glori:th, mult glory<br /><br />G 4. on-<br /><br />only in the Lord. For none of us have any thing which<br />we did not receive; and whatever we havereceived;we did<br />not in the least merit it, or could we lay the least claim<br />ro it on any account whatever :-- We are wv",T,2
20241,0340600100,371740,372078,0.799,0,211082,211369,A48874,41,top5,top30-40,"nother reason *why* God hath scattered up and down *several degrees of pleasure and pain, in all the things that environ and affect us*; and blended them together, in almost all that our Thoughts and Senses have to do with; that we finding imperfection, dissatisfaction, and want of comp","confin'd and limitted to them, and could no where else accep-<br />tably be perform'd: But now God is so far from efleeming any<br />one place noly ab':v-e another to any such purpose, that, on the<br />contrary, our S viour declares all that God requires is, that we<br />worfnip him in Spirit and in Truth, without any regard to this<br />or t'cther 'lace ; and",N,2
21111,1476800600,41780,42154,0.799,0,211082,211369,A48874,41,top5,top30-40,"nother reason *why* God hath scattered up and down *several degrees of pleasure and pain, in all the things that environ and affect us*; and blended them together, in almost all that our Thoughts and Senses have to do with; that we finding imperfection, dissatisfaction, and want of comp","both to God, and the World, that the Fault must<br />be in our Selves. Whether we view that sacred<br />Prince, either in her Religious Disposition and Pie-<br />ty towards God ; or in the Unparalleled Bleflings,<br />+which he has upon that account,from the Beginning<br />poured down, and fill continues to pour down,upon<br />her happy Reign , We may .indeed conclude from<br />the Lart,that She really is,",N,2
23940,0611100500,20252,20634,0.796,0,211082,211369,A48874,41,top5,top30-40,"nother reason *why* God hath scattered up and down *several degrees of pleasure and pain, in all the things that environ and affect us*; and blended them together, in almost all that our Thoughts and Senses have to do with; that we finding imperfection, dissatisfaction, and want of comp","us of<br />God; and in Per. 13. Spiritual things, which we must<br />nnderftand of all the Blessings which we enjoy here<br />below, and which we wait for in Heaven above;<br />which I note, because that it seems to me that this<br />pailage of Scripture, at least among the popularity, is<br />often nnderftood, as if the meaning were such, That<br />the Excellency of our Eternal Happiness in the Life<br />to come, will",N,2
27706,0209800402,183421,183754,0.793,0,211082,211369,A48874,41,top5,top40-50,"nother reason *why* God hath scattered up and down *several degrees of pleasure and pain, in all the things that environ and affect us*; and blended them together, in almost all that our Thoughts and Senses have to do with; that we finding imperfection, dissatisfaction, and want of comp","de ne jamais féparer la nature de<br />la providence particuliere, qui préfide fpécia-<br />lement à tout événement quelconque. Perfonne<br />par-conféquent tant foit peu au fair de fon flyle,<br />ne s'étonnera de fa façon de s'énoncer, quand<br />elle dit: Le Seigneur Dieu ayant donc formn de<br />la terre tous les animaux terrefres & tousles os faux<br />du ciel,",N,5
29157,0308900900,11189,11598,0.791,0,211082,211369,A48874,41,top5,top40-50,"nother reason *why* God hath scattered up and down *several degrees of pleasure and pain, in all the things that environ and affect us*; and blended them together, in almost all that our Thoughts and Senses have to do with; that we finding imperfection, dissatisfaction, and want of comp","strained by any foreign forcible<br />impression, and without sensible struggle and contestation<br />from Heaven, and whilst that they have a mere natural event<br />and issue, are yet swayed and direEted by a presiding provi-<br />dence, to the display of God's might or mercies in the world ?<br />Allowing this, that God takes advantage of men's paflions,<br />and conducts them finally according to his will; allowing<br /><br />God's<br /><br />(8)<br />God'",M,2
33537,0938700200,26222,26580,0.788,0,211082,211369,A48874,41,top5,top40-50,"nother reason *why* God hath scattered up and down *several degrees of pleasure and pain, in all the things that environ and affect us*; and blended them together, in almost all that our Thoughts and Senses have to do with; that we finding imperfection, dissatisfaction, and want of comp","as in this world of ours, the<br />Ungodly are far more numerous than the<br />Godly; But in that other VVorld, the<br />good Angels are probably more in num-<br />ber than the evil Angels that fell: This<br />Earth of ours is but a very small spot,<br />and yet, How is it throng'd with Inhabi-<br />tants ? But what vast Tracks are * there<br />between Heaven, and this our contempti-<br />ble Clod on",N,2
35817,1493100600,36145,36493,0.786,0,211082,211369,A48874,41,top5,top40-50,"nother reason *why* God hath scattered up and down *several degrees of pleasure and pain, in all the things that environ and affect us*; and blended them together, in almost all that our Thoughts and Senses have to do with; that we finding imperfection, dissatisfaction, and want of comp","of God are very obscure, and the Me-<br />thods he takes fetem to us to be very intricate and per-<br />plext a yet there is great Reason to be calm and<br />resigning, lince whatever his infinite Power hath<br />produc'd, his lieddy and unerring Wisdom governs.<br />The People of God thall be happy in the end, tbo<br />the Reasons of many intermepdiatle Events are con-<br />ceal'",N,2
36224,0136400202,35528,35957,0.786,0,211082,211369,A48874,41,top5,top40-50,"nother reason *why* God hath scattered up and down *several degrees of pleasure and pain, in all the things that environ and affect us*; and blended them together, in almost all that our Thoughts and Senses have to do with; that we finding imperfection, dissatisfaction, and want of comp","in the main, is to suppose our-<br /><br />selves<br /><br />selves totally unacquainted both with the senti-<br />ments of the world, and the principles of common<br />understanding.<br /><br />To make a proper application of the foregoing<br />reflexions, we muff confider that in disposing of<br />the various lots in human affairs, the benignity<br />of providence intended an equal portion of felicity<br />for all: he wifely designed that if the poor man<br />had nothing more than a cott",M,2
44797,1103600600,26769,27128,0.781,0,211082,211369,A48874,41,top5,top50-60,"nother reason *why* God hath scattered up and down *several degrees of pleasure and pain, in all the things that environ and affect us*; and blended them together, in almost all that our Thoughts and Senses have to do with; that we finding imperfection, dissatisfaction, and want of comp","our mind,<br />and with all our Jrength ; Which Implies,<br />That we fllould very frequently Contemplate<br />the High Perfcdions, which are in God, in<br />order to Raise and Preserve the Highest Ad-<br />miration of them within our Selves: That<br />this Admiration fllould not aftfd our 'ndcr.<br />flandings alone, but descend upon our Hearts,<br />and move Full Complacency There: That<br />we illo",T,2
48245,0584602500,182227,182571,0.779,0,211082,211369,A48874,41,top5,top50-60,"nother reason *why* God hath scattered up and down *several degrees of pleasure and pain, in all the things that environ and affect us*; and blended them together, in almost all that our Thoughts and Senses have to do with; that we finding imperfection, dissatisfaction, and want of comp",":<br />Now, this is the truth with relpee to us ChriJifans<br />also. The all-wife God has so conflituted things,<br />that even we likewise groan under the various pref-<br />fures of life, which is afal implicitly signifying, or<br />declaring, that we wait for redemption, not being<br />as yet actually possessed of it.""<br /><br />(41) Who hae had the firfJ-fraits of the Spirit.",N,2
49884,0697900200,1258018,1258418,0.778,0,211082,211369,A48874,41,top5,top50-60,"nother reason *why* God hath scattered up and down *several degrees of pleasure and pain, in all the things that environ and affect us*; and blended them together, in almost all that our Thoughts and Senses have to do with; that we finding imperfection, dissatisfaction, and want of comp","of God, there are but few amongst<br />ps that are malecontent, and fewer that have cause to be so.<br /><br />SIR, the allknowing God knows our greatest ambition<br />is to live a poor and quiet life, in a corner of the world,<br />without offence to God or man. Wee came not into this<br />wilderness to feeke great things to ourselves, and if any<br />come after us to feeke them heere, they will be disappointed.<br />Wee keep ourselves",N,2
51603,0127702900,417140,417507,0.777,0,211082,211369,A48874,41,top5,top50-60,"nother reason *why* God hath scattered up and down *several degrees of pleasure and pain, in all the things that environ and affect us*; and blended them together, in almost all that our Thoughts and Senses have to do with; that we finding imperfection, dissatisfaction, and want of comp","0! thought ihe, how ought every one in this Life to<br />rely fiedfaitly on the divine Providence, who knows<br />better than ourselves what is fit for us, and frequently<br />makes the very Evils we dread the Causes of our<br />Happiness. As this Day was so agreeable toPamela,<br />She could not but be very desirous to write down the<br /><br />Occur<br /><br />Occurrences of it to be joined to the Series of",T,2
52816,0543401800,56749,57096,0.776,0,211082,211369,A48874,41,top5,top50-60,"nother reason *why* God hath scattered up and down *several degrees of pleasure and pain, in all the things that environ and affect us*; and blended them together, in almost all that our Thoughts and Senses have to do with; that we finding imperfection, dissatisfaction, and want of comp","ly have of the divine PerfeCtions, and<br />"" the clear Notions of Good and Evil imprinted<br />"" upon our Natures ; because we have no other<br />"" Way to judge what is worthy of God, and<br />"" credible to be revealed by him, and what not,<br />"" but by the natural Notions which we have of<br /><br />"" God<br />* Tillot. Works, Vol. II. p. 14.<br /><br />(4')<br />c God, and of his essential Perfe",T,2
53833,0270500500,65856,66234,0.775,0,211082,211369,A48874,41,top5,top60-70,"nother reason *why* God hath scattered up and down *several degrees of pleasure and pain, in all the things that environ and affect us*; and blended them together, in almost all that our Thoughts and Senses have to do with; that we finding imperfection, dissatisfaction, and want of comp","do; for though it<br />must be granted, that all our endeavours depend upon the<br />divine blessing, yet if we are wanting in any thing to our-<br />selves, how can we expeCt that blessing to succeed our en-<br />deavours ? My business therefore in this fetion fiall be to<br />Ihew how women that desire to have children mhould order<br />themselves.<br /><br />Firit, women that are delirous to have children, muff,",N,2
55622,0811800300,52343,52668,0.775,0,211082,211369,A48874,41,top5,top60-70,"nother reason *why* God hath scattered up and down *several degrees of pleasure and pain, in all the things that environ and affect us*; and blended them together, in almost all that our Thoughts and Senses have to do with; that we finding imperfection, dissatisfaction, and want of comp","Heaven; and yet, if we com-<br />pare our Righteousness, that is, our firtue,<br />with the Morals (ift.) of the antient Hea-<br />thens; which of us all (I will not fay, ex-<br />ceeds, but (comes up to These, who had only<br />the Light of Reason to guide them, in the<br />common and social Duties of Life ? Where<br />is that Generojfty of Soul, that Magna",T,2
61442,0553302700,27494,27869,0.772,0,211082,211369,A48874,41,top5,top60-70,"nother reason *why* God hath scattered up and down *several degrees of pleasure and pain, in all the things that environ and affect us*; and blended them together, in almost all that our Thoughts and Senses have to do with; that we finding imperfection, dissatisfaction, and want of comp","us a sense of our wants, and the<br />worth of the mercies we pray for; exciting<br />faith and hope, humility and importunity.<br />Can we doubt of an answer to those desires,<br />that are of his own exciting ? To this end,<br />carry it well towards him in your ordina-<br />ry walk: If you grieve him, he will re-<br /><br />C tire;<br /><br />tire; and then what dull work will you<br />make of it in your closet? What a lum-",T,2
62481,0819600500,159811,160153,0.771,0,211082,211369,A48874,41,top5,top60-70,"nother reason *why* God hath scattered up and down *several degrees of pleasure and pain, in all the things that environ and affect us*; and blended them together, in almost all that our Thoughts and Senses have to do with; that we finding imperfection, dissatisfaction, and want of comp","Goodness, in<br />those about us, and under our Care. And as we<br />have Ability, and are called to it by the Provi-<br />dence of GoD, we are to communicate and do<br />Good to the Bodies, as well as the Souls of o-<br />thers.<br /><br />In thus doing we are not denied any thing that<br />may give Vigour to our Spirits, and excite Grati-<br />tude to Heaven, and promote Love to our",N,2
66290,0647000201,24934,25298,0.769,0,211082,211369,A48874,41,top5,top60-70,"nother reason *why* God hath scattered up and down *several degrees of pleasure and pain, in all the things that environ and affect us*; and blended them together, in almost all that our Thoughts and Senses have to do with; that we finding imperfection, dissatisfaction, and want of comp","part, we dimly scan<br />Through the dark medium of life's feverish dream;<br />Yet dare arraign the whole stupendous plan,<br />If but that little part incongruous seem.<br />Nor is that part perhaps what mortals deem;<br />Oft from apparent ill our blessings rise.<br />O then renounce that impious self-esteem,<br />That aims to trace the secrets of the skies:<br />For thou art but of dust; be humble",N,2
76249,0742900400,288171,288530,0.765,0,211082,211369,A48874,41,top5,top70-80,"nother reason *why* God hath scattered up and down *several degrees of pleasure and pain, in all the things that environ and affect us*; and blended them together, in almost all that our Thoughts and Senses have to do with; that we finding imperfection, dissatisfaction, and want of comp","God, by acknow-<br />ledging our entire dependence on him. Another, by the bler-<br />sing accompanying it, to be the mean of waining our de-<br />praved hearts from that evil, and to dispose and incline them<br />to that good, which they are naturally averse from. But,<br />it was no part of the design of it, to asset, or influence a God<br />of infinite perfeEtion, to that which he is",N,2
77172,1061601900,6101,6460,0.765,0,211082,211369,A48874,41,top5,top70-80,"nother reason *why* God hath scattered up and down *several degrees of pleasure and pain, in all the things that environ and affect us*; and blended them together, in almost all that our Thoughts and Senses have to do with; that we finding imperfection, dissatisfaction, and want of comp","s of the Air have Nefls; are better<br />provided in that Refpe& than be, for the Son<br />of Man bath not where mv lay his Head. What<br />if we have no House of dur own ? Or if<br />we have that, yet no rich Furniture ? What<br />if we have no high Roofs, or embroidered<br />Hangings ? Will not a Life of Communion<br />with God make us happy without these ?<br />Our Lord had none of .em.<br /><br />Again",N,2
78047,1749900300,25593,25958,0.764,0,211082,211369,A48874,41,top5,top70-80,"nother reason *why* God hath scattered up and down *several degrees of pleasure and pain, in all the things that environ and affect us*; and blended them together, in almost all that our Thoughts and Senses have to do with; that we finding imperfection, dissatisfaction, and want of comp","them. And what<br />poilibly of higher Moment can there be, what nobler De/ign to<br />concern our Minds, our whole selves about, then the salvation<br />of Men ? Since but one Soul, even ofthe poorest and most derpi-<br />rable Person, we know, and mutt confers to be of greater Value<br />than all the Kingdoms of the Earth: And yet what Troubled<br />Thoughts, what Fears and Jealousies arise",T,2
87779,0703700600,12258,12603,0.76,0,211082,211369,A48874,41,top5,top70-80,"nother reason *why* God hath scattered up and down *several degrees of pleasure and pain, in all the things that environ and affect us*; and blended them together, in almost all that our Thoughts and Senses have to do with; that we finding imperfection, dissatisfaction, and want of comp","of our de-<br />riving our being from God, with all the bene-<br />fits we have ever enjoyed, and of our necefla-<br /><br />B 2 rily<br />';; Mal. i 6.<br /><br />( 2 )<br />rily depending upon him every moment for all<br />the happiness of which we are farther capable:<br />how should, the consideration, that when tl:.i-<br />verfally involved in a state of guilt and wic!Ld-<br />ness, he enthis only",T,2
88798,0397500500,530239,530542,0.76,0,211082,211369,A48874,41,top5,top70-80,"nother reason *why* God hath scattered up and down *several degrees of pleasure and pain, in all the things that environ and affect us*; and blended them together, in almost all that our Thoughts and Senses have to do with; that we finding imperfection, dissatisfaction, and want of comp","foins, à nous procurer quelque bien - être,<br />qui nous excite auffi aux aions glorieufes &.<br />donne du reftort à nos penfées. Lorsque cette<br />forte d'amour de nous même et fubordonnée<br />aux loix de la fociété & qu'on ne s'y livre point<br />aux dépends d'autrui, c'eft un amour- propre<br />raifonnable; c'efl entrer dans",M,5
92260,1101000100,742402,742699,0.759,0,211082,211369,A48874,41,top5,top80-90,"nother reason *why* God hath scattered up and down *several degrees of pleasure and pain, in all the things that environ and affect us*; and blended them together, in almost all that our Thoughts and Senses have to do with; that we finding imperfection, dissatisfaction, and want of comp","? How<br />o!nes it then, that what is So divine in us should lose its<br />Charafter in the Divine Being ? And that, according as the<br />Deity is reprefeLited to us, he Ihould more resemble the Weak,<br />YWomanilh, and Impotent Part of our Nature, ihan the Gene-,<br />Sois, Manly and DLivinle Iid,<br /><br />( 39)<br />Ibid. p. 6o.",T,2
96742,0147505400,116181,116544,0.757,0,211082,211369,A48874,41,top5,top80-90,"nother reason *why* God hath scattered up and down *several degrees of pleasure and pain, in all the things that environ and affect us*; and blended them together, in almost all that our Thoughts and Senses have to do with; that we finding imperfection, dissatisfaction, and want of comp",", or of qualifying us for a future life ; and that in this state we mull get<br />habits and qualities to fit us for that. It is by the improvement of our nature<br />here that it is fitted for an higher sIate hereafter. This teems the design<br />of God; this the con!titution ot things which he has fettled. God is,<br />without doubt, as one of the Apostles has defined him, LOVE;",N,2
99475,0913600600,38917,39302,0.756,0,211082,211369,A48874,41,top5,top80-90,"nother reason *why* God hath scattered up and down *several degrees of pleasure and pain, in all the things that environ and affect us*; and blended them together, in almost all that our Thoughts and Senses have to do with; that we finding imperfection, dissatisfaction, and want of comp",", whether they be of God ?<br />Let us therefore confider how it is that in the Experi-<br />ments we make upon ourselves we form a proper Judg-<br />ment of our bodily Health or of the Welfare of our<br />Minds, what Sort of Evidence offers itself to convince<br />us that we are well and hearty in both these Refpe&s,<br />and then apply the fame Reasoning to our fpiritualWel-<br />fare, and we shall find that we can",N,2
99606,0756601400,20435,20776,0.756,0,211082,211369,A48874,41,top5,top80-90,"nother reason *why* God hath scattered up and down *several degrees of pleasure and pain, in all the things that environ and affect us*; and blended them together, in almost all that our Thoughts and Senses have to do with; that we finding imperfection, dissatisfaction, and want of comp","iness of others, de-<br />pending upon this Conformity of our Con-<br /><br />dud<br /><br />(I9)<br />dud to the Wisdom of God; our Self-<br />enjoyment, and inward Satisfation in this<br />World; our being owned by Christ as his<br />Servants, at his Coming, or our being re-<br />jeaed by him; or, our Happiness and<br />Misery in another Life, which depend<br />upon our Improvement in these Excel",N,2
104428,0938300300,8822,9189,0.754,0,211082,211369,A48874,41,top5,top80-90,"nother reason *why* God hath scattered up and down *several degrees of pleasure and pain, in all the things that environ and affect us*; and blended them together, in almost all that our Thoughts and Senses have to do with; that we finding imperfection, dissatisfaction, and want of comp","our bosoms affectionately cherished by<br />the rational powers, this could not be : but reason is, perhaps,<br />often less bury in guiding inftinat than in fupprefling it. The<br />effect is both inward and outward, pcrfonal and public, *con-<br />fJifon and cvery evil work.<br /><br />It were here earv for us to exclaim against those whom<br />Divine Providence hath placed in this world above us;",N,2
0,1166700700,341525,341881,0.864,24,443110,443407,A48874,15,top6-50,top5,"uppose a Man be carried, whilst fast asleep, into a Room, where is a Person he longs to see and speak with; and be there locked fast in, beyond his Power to get out: he awakes, and is glad to find himself in so desirable Company, which he stays willingly in, *i. e.* preferrs his stay to going awa","into a room where there is a person he.<br />longs to 'fee and converse with; and be there<br />locked fast in and thus deprived of opportunity<br />to get out; he awakes, and unconscious of his<br />confinement, is glad to find himself in so de-<br />firable company, which he flays willingly in.<br />He is the subjeCt of true volition refpeaing for-<br />bearing to go. But alter the cafe",P,5
1,0991900100,55538,55894,0.862,24,443110,443407,A48874,15,top6-50,top5,"uppose a Man be carried, whilst fast asleep, into a Room, where is a Person he longs to see and speak with; and be there locked fast in, beyond his Power to get out: he awakes, and is glad to find himself in so desirable Company, which he stays willingly in, *i. e.* preferrs his stay to going awa",", and where he pleases.<br />Nay, you cannot sleep, unless he pleases<br />you should; for he will order you<br />sometimes out of bed at midnight, and<br />hurry you away at a moment's warn-<br />ing: indeed, if you can sleep .in his ve-<br />hicle, he cannot prevent it; nay, in-<br />deed, to give him his due, this he is<br />ordinarily disposed to encourage; for<br />the earlier he forces you to",M,5
2,0711000400,1906,2269,0.861,24,443110,443407,A48874,15,top6-50,top5,"uppose a Man be carried, whilst fast asleep, into a Room, where is a Person he longs to see and speak with; and be there locked fast in, beyond his Power to get out: he awakes, and is glad to find himself in so desirable Company, which he stays willingly in, *i. e.* preferrs his stay to going awa","so speak) and none to move. A<br />man confined to his bed by broken Limbs, has an<br />ability to remain in bed, but he has no ability to<br />go out of the bed: and therefore we do not fay,<br />he continues in bed freely, however contented he<br />is to remain there. He is under necefity, and can-<br />not come out of the bed, if he would. A man<br />does not actfreely, except, when it was in",M,5
3,0976600400,83069,83454,0.848,24,443110,443407,A48874,15,top6-50,top5,"uppose a Man be carried, whilst fast asleep, into a Room, where is a Person he longs to see and speak with; and be there locked fast in, beyond his Power to get out: he awakes, and is glad to find himself in so desirable Company, which he stays willingly in, *i. e.* preferrs his stay to going awa","-houfes,<br />there the man is in his dungeon already, (the only<br />fort of dungeon, at lead, which. I conceive any<br />man need be in) very safe and quiet. He is like-<br />wife entertaining himself with his bread and<br />water: with only one little circumstance in his<br />favor, that whenever he is tired of that regimen,<br />'it is in his own power to put himself under a bet-<br />ter: unless my contractor choofes",T,5
4,0035900700,7038,7425,0.844,24,443110,443407,A48874,15,top6-50,top5,"uppose a Man be carried, whilst fast asleep, into a Room, where is a Person he longs to see and speak with; and be there locked fast in, beyond his Power to get out: he awakes, and is glad to find himself in so desirable Company, which he stays willingly in, *i. e.* preferrs his stay to going awa","is in any degree, fit for either<br />bufineG or conversation, who does not com-<br />mand his attention to the present object, be<br />what it will. When I fee a man absent in<br />mind, I chose tobe abfentin body; for it is<br />almost impossible for me to stay in the room,<br />as I cannot sand inattention and awkward-<br />ness.<br /><br />I would rather be in company with a dead<br />man, than with an absent dne: for if the<br />dead",T,5
287,1128101306,113086,113460,0.805,24,443110,443407,A48874,15,top6-50,top0-10,"uppose a Man be carried, whilst fast asleep, into a Room, where is a Person he longs to see and speak with; and be there locked fast in, beyond his Power to get out: he awakes, and is glad to find himself in so desirable Company, which he stays willingly in, *i. e.* preferrs his stay to going awa","in private; takes a chair without be-<br />ing desired, and fays, I hope I do not intrude on you;<br />or, I will be gone: however, down he squats himself,<br />and there fits. It is expeaced he will soon take his<br />leave; but his patience exceeds yours, and he flicks<br />by you till the person with whom you had business is<br />gone.<br /><br />If two persons, having a mutual tenderness for each<br />other, but",T,5
1607,1240602102,173080,173466,0.784,24,443110,443407,A48874,15,top6-50,top0-10,"uppose a Man be carried, whilst fast asleep, into a Room, where is a Person he longs to see and speak with; and be there locked fast in, beyond his Power to get out: he awakes, and is glad to find himself in so desirable Company, which he stays willingly in, *i. e.* preferrs his stay to going awa","means.""<br />"" I cannot imagine how you can have sustained<br />injuries from a man you never saw; it appears very<br />mysterious to me.""<br />""I cannot at present unfold it, but you would be<br />convinced of the reality, were I at liberty to disclose<br />it. But when will he be with you? He may yet<br /><br />do<br /><br />do my amiable friend signal service, as he, and i:<br />only, can fully cear up an affair, which has octa.<br />sione",N,5
1629,0579901102,73723,74031,0.784,24,443110,443407,A48874,15,top6-50,top0-10,"uppose a Man be carried, whilst fast asleep, into a Room, where is a Person he longs to see and speak with; and be there locked fast in, beyond his Power to get out: he awakes, and is glad to find himself in so desirable Company, which he stays willingly in, *i. e.* preferrs his stay to going awa","molt busy moments, all are admitted<br />' that want his afli(tance: "" For<br />thoughl I exclude idleness and plea-<br />"" sure, I will never,"" fays he, "" bar my<br />"" doors againit chnrity. To man is<br />"" permitted the contemplation of the<br />"" Ikies, but the praaice of virtue is<br />"" coulmanded.""<br />' Surely,' liid the plincefs, 'this",N,5
2680,0926500800,13864,14163,0.777,24,443110,443407,A48874,15,top6-50,top0-10,"uppose a Man be carried, whilst fast asleep, into a Room, where is a Person he longs to see and speak with; and be there locked fast in, beyond his Power to get out: he awakes, and is glad to find himself in so desirable Company, which he stays willingly in, *i. e.* preferrs his stay to going awa","upon a Couch, but the Devil a wink that he sleeps-<br />nor is he awake, but lies like a Man in a Trance,<br />between both: If I go into him, he falls a Swearing,<br />if I go from him, he falls a Singing; for my Part, I<br />can't tell whether he is in Pain, or Pleasure - od-fo,<br />he's mov'd at lait.<br /><br />Enter Bevil.<br />Bev",T,5
3317,0353400102,562181,562613,0.774,24,443110,443407,A48874,15,top6-50,top0-10,"uppose a Man be carried, whilst fast asleep, into a Room, where is a Person he longs to see and speak with; and be there locked fast in, beyond his Power to get out: he awakes, and is glad to find himself in so desirable Company, which he stays willingly in, *i. e.* preferrs his stay to going awa","that I mean to conclude from the ob-<br />servations I have delivered on habit, is, that every<br />thing is apparently, not equally useful or noxious<br />to every individual. Thus one man shall accustom<br />himself to sleep only a few hours, whereas another<br />through habit hall require twice as much. The<br />affinity or the repugnance we observe between dur<br />bodies and the external causes, extend only to a<br />certain degree; this cffential point can be de",N,5
5134,1177800153,155182,155520,0.768,24,443110,443407,A48874,15,top6-50,top10-20,"uppose a Man be carried, whilst fast asleep, into a Room, where is a Person he longs to see and speak with; and be there locked fast in, beyond his Power to get out: he awakes, and is glad to find himself in so desirable Company, which he stays willingly in, *i. e.* preferrs his stay to going awa","or negatively, and will 'not readily<br />carry off the redundancy in the one cafe, or supply<br />the deficiency in the other;<br /><br />E XP.<br /><br />l 87 l<br />EX P. V.<br />Yet let a person in the negative state, out of doors<br />in the dark, when the air is dry, -hold, with his arm<br />extended, a long s'harp needle, pointing upwards;<br />and he will soon be convinced, that ele",N,5
8214,1432300500,57681,58004,0.761,24,443110,443407,A48874,15,top6-50,top10-20,"uppose a Man be carried, whilst fast asleep, into a Room, where is a Person he longs to see and speak with; and be there locked fast in, beyond his Power to get out: he awakes, and is glad to find himself in so desirable Company, which he stays willingly in, *i. e.* preferrs his stay to going awa","are<br />""' able to chear his mind, and bear him up in the<br />"" midst of all those horrors which encompas~s him;<br />""t He knows that: his helper is at hand,~ and is al.<br />""' ways nearer to him than any thing else can be,<br />6"" which is capable of terrifying or annoying him a<br />""' In the midit of calumny or contempt he attends<br />""' to that Be",T,5
9779,0584800101,1280167,1280512,0.758,24,443110,443407,A48874,15,top6-50,top10-20,"uppose a Man be carried, whilst fast asleep, into a Room, where is a Person he longs to see and speak with; and be there locked fast in, beyond his Power to get out: he awakes, and is glad to find himself in so desirable Company, which he stays willingly in, *i. e.* preferrs his stay to going awa","vow, faying "" I will not speak to such an one,"" Avovagaini<br />and he should afterwards speak to that person while asleep, from filch flpeaking to<br /><br />such a peribn<br />a distance as may be within his hearing, he is forfworrn; because he is violated by<br />has spoken to that perlbn, and the words have reached his ears; al- ill, withlin<br />though, in confcquence",T,5
9976,1399100100,658178,658528,0.758,24,443110,443407,A48874,15,top6-50,top10-20,"uppose a Man be carried, whilst fast asleep, into a Room, where is a Person he longs to see and speak with; and be there locked fast in, beyond his Power to get out: he awakes, and is glad to find himself in so desirable Company, which he stays willingly in, *i. e.* preferrs his stay to going awa","' in a different manner, from what<br />' either of you propore. To ca!l this<br />· person to an account, before he has<br />' declared hime-lf, would be ridicu-<br />' lous; and even after that, would C probably be dangw~rous ; for advien-<br /><br />' turers of this kind· seldom want re-<br />· solution to support their schemes ;<br />'~ and then to forbid the woman the<br />' house, would",N,5
11800,0091400105,3148444,3148832,0.755,24,443110,443407,A48874,15,top6-50,top10-20,"uppose a Man be carried, whilst fast asleep, into a Room, where is a Person he longs to see and speak with; and be there locked fast in, beyond his Power to get out: he awakes, and is glad to find himself in so desirable Company, which he stays willingly in, *i. e.* preferrs his stay to going awa","a strong as-, couclii:g<br />between two burdens, or barriers, as the<br />word may more properly be rendered, not<br />improbably meaning the bars which diride the<br />atalls of animals. He is said to see that his<br />resting place is good, and the land pleasant; to<br />bend his shoulder to the burden, and to become<br />a tributary servant. This description exactly<br />suited the posterity of this patriarch, the lot of",N,5
13651,0624401500,13493,13852,0.753,24,443110,443407,A48874,15,top6-50,top20-30,"uppose a Man be carried, whilst fast asleep, into a Room, where is a Person he longs to see and speak with; and be there locked fast in, beyond his Power to get out: he awakes, and is glad to find himself in so desirable Company, which he stays willingly in, *i. e.* preferrs his stay to going awa","it is<br />impossible for me to enprefs under what Anxi-<br />eties I labour'd, on a consideration that I had<br />engaged in such base A&ions which I then ap-<br />prehended, as 1 have found since, bring nothing<br />but Poverty and Shame to him that follows<br />them: Besides, there is no Life' so glomy as the<br />Life of an Highwayman;'- he is a Stranger to<br />Peace of Mind and quiet Sleep;",N,5
15397,1103702600,38202,38544,0.751,24,443110,443407,A48874,15,top6-50,top20-30,"uppose a Man be carried, whilst fast asleep, into a Room, where is a Person he longs to see and speak with; and be there locked fast in, beyond his Power to get out: he awakes, and is glad to find himself in so desirable Company, which he stays willingly in, *i. e.* preferrs his stay to going awa","And yet if a Man -will be studying there things, he can-<br />not be sure he ihall continue a Year together in the fame<br />Sextiments: And, if he should not, lie mult either stifle his<br />Perilafion, against the Didates of his Conscience, or be cx-<br />pos'd to the worst Treatment, to be call'd a Renegado, a Falj'<br />Brovther, a Hcrctick, or any thing that o",N,5
16198,0892600100,344676,345010,0.75,24,443110,443407,A48874,15,top6-50,top20-30,"uppose a Man be carried, whilst fast asleep, into a Room, where is a Person he longs to see and speak with; and be there locked fast in, beyond his Power to get out: he awakes, and is glad to find himself in so desirable Company, which he stays willingly in, *i. e.* preferrs his stay to going awa","s, inn a exact: conformity to this rule ; yet we are as<br />apt to condemn;i a man who advances or enriches himself by<br />methods prc-judicial to general happiness, as we are to ho-<br />nour and appl.ud him, who pollpones his own personal in-<br />terest, :and hazards even life itself in cafes of moment to the<br />public wclfal;'. Not that the excrcife",N,5
16742,0009300202,99341,99705,0.749,24,443110,443407,A48874,15,top6-50,top20-30,"uppose a Man be carried, whilst fast asleep, into a Room, where is a Person he longs to see and speak with; and be there locked fast in, beyond his Power to get out: he awakes, and is glad to find himself in so desirable Company, which he stays willingly in, *i. e.* preferrs his stay to going awa","mysterious<br />reserve ; he takes it in her head truly to<br />be pru;dent, and not to meddle with other<br />people's affairs.<br /><br />To wait upon me assiduously, to fee<br />me every day, and yet to fay nothing!'<br /><br />To<br /><br />To be silent! To fay nothing at all.<br />What can he mean ? Is it my place to,<br />enter upon an explanation between us ?'<br />Whether he goes or flays, his behaviour,.<br />his designs,",N,5
20374,0985700300,138199,138582,0.746,24,443110,443407,A48874,15,top6-50,top20-30,"uppose a Man be carried, whilst fast asleep, into a Room, where is a Person he longs to see and speak with; and be there locked fast in, beyond his Power to get out: he awakes, and is glad to find himself in so desirable Company, which he stays willingly in, *i. e.* preferrs his stay to going awa","imagines that he has at. length obtained<br />his freedom. This narrow passage,<br /><br />I - through<br /><br />[ I47 ]<br />through which one of these animals only<br />can pass at a time, is covered at top:<br />on this top are placed some expert<br />huntfmen, who drive the elephant to the<br />end of the passage with a stick, to the:top<br />of which, is fastened a Sharp-pointed<br />hook. As soon as they have got him<br />here, they take",N,5
24874,0242800600,276722,277103,0.742,24,443110,443407,A48874,15,top6-50,top30-40,"uppose a Man be carried, whilst fast asleep, into a Room, where is a Person he longs to see and speak with; and be there locked fast in, beyond his Power to get out: he awakes, and is glad to find himself in so desirable Company, which he stays willingly in, *i. e.* preferrs his stay to going awa","his Life, be-<br />cause you cannot conviuce him that what he<br />now suffers is for his real Advantage, and will<br />turn-to his future Account. And this is the<br />very Principle of Self-determination and Con-<br />duct in brutish and unreasonable Men: They<br />have Souls indeed endued with rational Facul-<br /><br />ties,<br /><br />ties, which, if they would exercise as they<br />ought, muit direct them to an infinitely grea",N,5
27460,1026300700,236403,236760,0.74,24,443110,443407,A48874,15,top6-50,top30-40,"uppose a Man be carried, whilst fast asleep, into a Room, where is a Person he longs to see and speak with; and be there locked fast in, beyond his Power to get out: he awakes, and is glad to find himself in so desirable Company, which he stays willingly in, *i. e.* preferrs his stay to going awa","(a) he would give us,<br />in the room of those he would take away; as<br />not being able to fee or apprehend either that<br />fubJtantial or lasting Service he supposes to be<br />in those he leaves us.<br /><br />His Notions, I am lure, are of no Manner<br />of Service, except it be to sooth and gratify<br />the Pride and Presumption of some daring<br />Men, who will not condescend to hear of any",N,5
27540,1162700400,8025,8404,0.74,24,443110,443407,A48874,15,top6-50,top30-40,"uppose a Man be carried, whilst fast asleep, into a Room, where is a Person he longs to see and speak with; and be there locked fast in, beyond his Power to get out: he awakes, and is glad to find himself in so desirable Company, which he stays willingly in, *i. e.* preferrs his stay to going awa","(if he is wife) to cut-off all<br /><br />the-<br /><br />the ways and avenues; by which a conten-<br />tious disposition might possess it's self of his<br />mind: so every man, confidered or confi-<br />dering himself as a part of the Society or<br />State, with which he is leagued; will be<br />careful, for the fake of securing peace and<br />quiet, enjoyment and happiness to the whole,<br />to do all in his power to keep up the",N,5
28675,0674800300,97902,98269,0.739,24,443110,443407,A48874,15,top6-50,top30-40,"uppose a Man be carried, whilst fast asleep, into a Room, where is a Person he longs to see and speak with; and be there locked fast in, beyond his Power to get out: he awakes, and is glad to find himself in so desirable Company, which he stays willingly in, *i. e.* preferrs his stay to going awa","s; and proposes to them even a Plea-<br />sure fiom their Dangers, which, one time<br />or other, they will reflect on with Joy.<br />IHe tells them, the Place they were going to<br />nmut be obtained by various Difficulties<br />and l)angers, where, at last, they should<br />enjoy Tranquillity of Life. He animates<br />them to perfevcre in their Bravery, and<br />riferve themselves for a happy Condition",N,5
32345,0016600901,54804,55159,0.737,24,443110,443407,A48874,15,top6-50,top30-40,"uppose a Man be carried, whilst fast asleep, into a Room, where is a Person he longs to see and speak with; and be there locked fast in, beyond his Power to get out: he awakes, and is glad to find himself in so desirable Company, which he stays willingly in, *i. e.* preferrs his stay to going awa","is already in pof-<br />fcffion of an employment, from the emo-<br />luments of which, he is able to eftablifl<br />you in cafe and independency."" Alas!<br />said Eugenia, and must Alonfo toil tvwo<br />long years to promote my ease ? Is it on<br />these conditions I am to live in indepen-<br />dency ?-rather let him keep the money,<br />and endeavour to find out omen way<br />that I may accompany",N,5
37019,0812200600,13023,13408,0.734,24,443110,443407,A48874,15,top6-50,top40-50,"uppose a Man be carried, whilst fast asleep, into a Room, where is a Person he longs to see and speak with; and be there locked fast in, beyond his Power to get out: he awakes, and is glad to find himself in so desirable Company, which he stays willingly in, *i. e.* preferrs his stay to going awa","Nothing more than in a Power or Li-<br />berty ofchufing or refuting to do an Ation fuppo-<br />sing no external Force to hinder, or no inward<br />Impediment by a sudden Disease: Nothing is<br />more evident than that all Mankind are placed<br />in such a State : that a Man's having such and<br />such Propensities, to such or such an Acion,<br />should hinder his Choice is far from being the<br />Truth, for such Propensi",T,5
38709,0361100600,22953,23273,0.733,24,443110,443407,A48874,15,top6-50,top40-50,"uppose a Man be carried, whilst fast asleep, into a Room, where is a Person he longs to see and speak with; and be there locked fast in, beyond his Power to get out: he awakes, and is glad to find himself in so desirable Company, which he stays willingly in, *i. e.* preferrs his stay to going awa","s, "" quite<br />""incompatible,"" must all but. one be, (if not ablurd,<br /><br />2 yet)<br /><br />(7)<br />yet) ""' frivolous, and therefore infuficient to answer<br />,ó the End proposed."" 5. A drowning Man, we know,<br />will catch at any thing, tho' never so unable to save<br />him. In such a cafe, any thing, he thinks, is better<br />than nothing: It is but trying",N,5
44280,0844900200,22112,22496,0.73,24,443110,443407,A48874,15,top6-50,top40-50,"uppose a Man be carried, whilst fast asleep, into a Room, where is a Person he longs to see and speak with; and be there locked fast in, beyond his Power to get out: he awakes, and is glad to find himself in so desirable Company, which he stays willingly in, *i. e.* preferrs his stay to going awa","'ourfelves as he would have us.<br />And to whom are we to give it up ? Why<br />every fe& and every enthusiast lays claim<br />to this compliment, and they severally<br />afiert, with the' highest confidence, that<br />they alone are deputed ,by him to receive<br />it: and they tell us, that we are in the<br />greatest danger indeed, if we yield it up to<br />any other but themselves. But I think a<br />man very ill deserves",N,5
47376,0264700500,168197,168586,0.729,24,443110,443407,A48874,15,top6-50,top40-50,"uppose a Man be carried, whilst fast asleep, into a Room, where is a Person he longs to see and speak with; and be there locked fast in, beyond his Power to get out: he awakes, and is glad to find himself in so desirable Company, which he stays willingly in, *i. e.* preferrs his stay to going awa","though<br />under the best assistance, and with the<br />greatest caution, the limb be moved<br />ever so gently, yet the fears of the pa-<br />tient will never permit him coolly and<br />resolutely to repose that implicit con-<br />fidence in those who raise and support<br />his legs, as to leave it passively and<br /><br />intirely<br /><br />intirely to them; but he will (and in<br />fad we fee he does, by the tremulous<br />and fpafinodic efforts",N,5
47857,1444900100,2603527,2603876,0.729,24,443110,443407,A48874,15,top6-50,top40-50,"uppose a Man be carried, whilst fast asleep, into a Room, where is a Person he longs to see and speak with; and be there locked fast in, beyond his Power to get out: he awakes, and is glad to find himself in so desirable Company, which he stays willingly in, *i. e.* preferrs his stay to going awa","the principal part of these dif-<br />~burlemuens.<br /><br />Let a man, who gives way to his amorous<br /><br />pallions, be ever so cir~cumfipeA in his condut,<br />or seemingly relolved in his prudential plan<br />of operations, there are hours, there are<br />momlents,· when his unguarded heart is not<br />proof againth the charms of irrefiitable beauty.<br />H'e drank tea one evening! at Ran",N,5
58105,0151300700,33813,34174,0.724,24,443110,443407,A48874,15,top6-50,top50-60,"uppose a Man be carried, whilst fast asleep, into a Room, where is a Person he longs to see and speak with; and be there locked fast in, beyond his Power to get out: he awakes, and is glad to find himself in so desirable Company, which he stays willingly in, *i. e.* preferrs his stay to going awa","-<br />veniencies, serves him for a dwelling. His bed is a<br />hurdle, fitter to put the body to torture than to afford it<br />any ease. Some earthen pots, and a few wooden dilhes<br />-are his furniture. The coarse linen which covers part of<br />his body, neither secures him from the insupportable heats<br />of the day, nor the dangerous dews of the night. The<br />food he is supplied with",T,5
62456,1767300100,23347,23660,0.723,24,443110,443407,A48874,15,top6-50,top50-60,"uppose a Man be carried, whilst fast asleep, into a Room, where is a Person he longs to see and speak with; and be there locked fast in, beyond his Power to get out: he awakes, and is glad to find himself in so desirable Company, which he stays willingly in, *i. e.* preferrs his stay to going awa","good or bad, for one A~ion.<br />ASI A Man is not so oon healed as hurt.<br />s28 A Man in Difkrefs or Delpair, dbes as much as ten:<br />28S3 A Man in Passion rides a Horse that runs away<br /><br />with him.<br /><br />884 A Man knows his Companion in a long Journey and<br /><br />a little Inn.<br /><br />a85 A Man like a Watch is to be valued for his Goings. .<br />2s",N,5
64283,0858900600,263070,263411,0.722,24,443110,443407,A48874,15,top6-50,top50-60,"uppose a Man be carried, whilst fast asleep, into a Room, where is a Person he longs to see and speak with; and be there locked fast in, beyond his Power to get out: he awakes, and is glad to find himself in so desirable Company, which he stays willingly in, *i. e.* preferrs his stay to going awa","ed and proportioned to the<br />Magnitude of his Intellec, that no adven-<br />titious, intoxicating Fumes can find En-<br />trance. Hence<br /><br />There<br /><br />There may be Wife Men of very differ-<br />ent Capacities; as a small House may as<br />justly anfwcr the Rules of Architecturc, as<br />the most Magnificent Palace. So Wisdom<br />confifing in th: just Proportion between a<br />Man's",N,5
66291,0241000700,249053,249458,0.721,24,443110,443407,A48874,15,top6-50,top50-60,"uppose a Man be carried, whilst fast asleep, into a Room, where is a Person he longs to see and speak with; and be there locked fast in, beyond his Power to get out: he awakes, and is glad to find himself in so desirable Company, which he stays willingly in, *i. e.* preferrs his stay to going awa",", but which you mlift be careful never to<br />""attempt to perform outwardly."" So that<br />although my friend has not certainly observed it,<br />this is exadly and molt positively with one hand to<br />pull down the flrine of the bealt and his image,'in<br />whatever is not in fight, while with the other he<br />raifeth both higher up than ever, in whatever<br />appears in the fight of men.<br /><br />But for my part, though I never thought any",N,5
67740,0163900300,49618,49979,0.721,24,443110,443407,A48874,15,top6-50,top50-60,"uppose a Man be carried, whilst fast asleep, into a Room, where is a Person he longs to see and speak with; and be there locked fast in, beyond his Power to get out: he awakes, and is glad to find himself in so desirable Company, which he stays willingly in, *i. e.* preferrs his stay to going awa","water all the day, and fludy all the night. But admit it polhible,""<br />continues he, "" a man may be both extremely indigent, and sufficiently resolute (that is srong<br />"" without food. and fat by digesling the thin air): yet, in that cafe, with what regard lhall<br />"" his free and faithful advice be entertained ?""<br />It is much to be lairented, as the Bilhops would undoub",N,5
69009,0267100400,1987,2288,0.72,24,443110,443407,A48874,15,top6-50,top60-70,"uppose a Man be carried, whilst fast asleep, into a Room, where is a Person he longs to see and speak with; and be there locked fast in, beyond his Power to get out: he awakes, and is glad to find himself in so desirable Company, which he stays willingly in, *i. e.* preferrs his stay to going awa","Built, and fitted for all:theEnd<br />of Navigation: So concerning a Man, 't<br />' nothing to the Purpose to fay, he posseset<br />'so many Manours,- he hath so much M<br /><br />ney at Interest, he hath io emany to A<br />(a) Epit. 76.<br /><br />dre<br /><br />' dress or Complement him; he lieth:,.<br />' such a Rich Bed, or drinketh in the finest<br />'.G",N,5
70846,1090800700,401551,401913,0.72,24,443110,443407,A48874,15,top6-50,top60-70,"uppose a Man be carried, whilst fast asleep, into a Room, where is a Person he longs to see and speak with; and be there locked fast in, beyond his Power to get out: he awakes, and is glad to find himself in so desirable Company, which he stays willingly in, *i. e.* preferrs his stay to going awa","the graces of action; it is forcible indeed, and<br />sometimes expressive, but it is seldom elegant, and<br />never pleasing. To inveCtive, in which Mr. G.<br />has Sometimes deigned to have recourse, his man-<br />ner is better adapted than to the sedateness of<br />cool disquisition; and yet inveaive is not that in<br />which he principally excels: he is more fitted by<br />nature, and happi",N,5
77610,1341900100,77656,78011,0.718,24,443110,443407,A48874,15,top6-50,top60-70,"uppose a Man be carried, whilst fast asleep, into a Room, where is a Person he longs to see and speak with; and be there locked fast in, beyond his Power to get out: he awakes, and is glad to find himself in so desirable Company, which he stays willingly in, *i. e.* preferrs his stay to going awa",". perform with<br />more life and [pirit than he is otherwise inclinlable: if he<br />walks, trots', and canters nimbly, without dwel~ing upon<br />the gro~ud, taking ~up his_ fore-feet moderately high,<br />~flepping longer or thorter, according as~he fhids there is<br />occasion, and going near before and wide behind, he is<br />likely to carry his master well. But it is ~to be re",N,5
78610,0217500600,90861,91252,0.717,24,443110,443407,A48874,15,top6-50,top60-70,"uppose a Man be carried, whilst fast asleep, into a Room, where is a Person he longs to see and speak with; and be there locked fast in, beyond his Power to get out: he awakes, and is glad to find himself in so desirable Company, which he stays willingly in, *i. e.* preferrs his stay to going awa","(who,<br />I.fay,) would prefer this present Life, and all its<br />fading and transitory Enjoyments, especially<br />when they are incompatible with, or run counter<br />to, that Work which he was sent into this<br />World to do, namely, to fit and prepare him<br />for Enjoyments in another, of the highest and<br /><br />motl<br /><br />[ 63 1<br />most superlative Degree; who but he that<br />knoweth not the Things which make for his<br />Peace ; who",N,5
83009,1352500400,74772,75159,0.716,24,443110,443407,A48874,15,top6-50,top60-70,"uppose a Man be carried, whilst fast asleep, into a Room, where is a Person he longs to see and speak with; and be there locked fast in, beyond his Power to get out: he awakes, and is glad to find himself in so desirable Company, which he stays willingly in, *i. e.* preferrs his stay to going awa","in ormed us,<br />that having let too much of his house to<br />lodgers, they were obliged to put the maid's<br />bed in the room where he and his wife slept;<br />and that one morning he had seen the maid<br />lying asleep, nearly or quite uncovered, and<br />he again assured us that ever since that time<br />the devil had been every day tempting him<br />to do that which was nought with the maid.<br />I could not help thinking",N,5
96803,1226000400,73634,74028,0.712,24,443110,443407,A48874,15,top6-50,top70-80,"uppose a Man be carried, whilst fast asleep, into a Room, where is a Person he longs to see and speak with; and be there locked fast in, beyond his Power to get out: he awakes, and is glad to find himself in so desirable Company, which he stays willingly in, *i. e.* preferrs his stay to going awa","all be tent abroad, flould be duly qualified for<br />the work to which they are appointed, deiire<br />every one, who recommends any person to them<br />for that purpose, to testify their knowlcge, as<br />to the following particulars:<br /><br />I. The age of the person.-<br />2. His condition of life, whether single or<br /><br />married.<br />3. His temper.<br />4. His prudence.<br />5. His learning.<br />6. His fober and pious conversation.<br />7. His ze",N,5
98002,0744401300,19883,20233,0.712,24,443110,443407,A48874,15,top6-50,top70-80,"uppose a Man be carried, whilst fast asleep, into a Room, where is a Person he longs to see and speak with; and be there locked fast in, beyond his Power to get out: he awakes, and is glad to find himself in so desirable Company, which he stays willingly in, *i. e.* preferrs his stay to going awa","e, devoted man,<br />Form'd perfectly upon the Courtier plan;<br />Watches each motion of the Royal lips,<br />And round His Majesty so lively skips:<br />Keen as a hawk, observes his Sovereign's eye,<br /><br />Explores its wants, and dwells upon its tfare,<br />As if he really was to live or die,<br /><br />According to th' appearance of the glare:<br />Hops, dances, of true courtliness the type",N,5
99026,0613001202,363068,363466,0.712,24,443110,443407,A48874,15,top6-50,top70-80,"uppose a Man be carried, whilst fast asleep, into a Room, where is a Person he longs to see and speak with; and be there locked fast in, beyond his Power to get out: he awakes, and is glad to find himself in so desirable Company, which he stays willingly in, *i. e.* preferrs his stay to going awa",", difficulted how to<br />so as neither on the one hand, by a silent<br />difference, to neglet personal honour or<br />duty, nor on the other hand to endanger<br />future and not far distant profpets, by an<br />timed and perhaps unsuccessful desire of<br />geance. Under such circumstances, what c<br />he do, what could any man have .done, to<br />effectual purpose, and with an equal eyeof<br />gard to there important and perplexing co<br />ra",N,5
112134,0099202800,39113,39494,0.709,24,443110,443407,A48874,15,top6-50,top70-80,"uppose a Man be carried, whilst fast asleep, into a Room, where is a Person he longs to see and speak with; and be there locked fast in, beyond his Power to get out: he awakes, and is glad to find himself in so desirable Company, which he stays willingly in, *i. e.* preferrs his stay to going awa","hend<br />from it, and perhaps occalion a rupture before the Entail be out; and<br />therefore, in my Opinion, we lhall be very unwise to put it to the<br />hazard.<br /><br />Well, fays I, what do you propose then to avoid these melancholy<br />Consequences, which your fancy suggests to you He answered, that<br />he did not pretend to di&ate to any man, especially to such young<br />men as I, who always abound in our",N,5
113687,0941700100,134113,134466,0.708,24,443110,443407,A48874,15,top6-50,top70-80,"uppose a Man be carried, whilst fast asleep, into a Room, where is a Person he longs to see and speak with; and be there locked fast in, beyond his Power to get out: he awakes, and is glad to find himself in so desirable Company, which he stays willingly in, *i. e.* preferrs his stay to going awa",", and of<br />the Dangers that threaten you. He thinks of<br />you, and of your Enemies too; what their Pow-<br />er is, what their Plots and Designs are against<br />you; what they have done, and what they are<br />about to do. He thinks of you when you are<br />Well, and takes Pleasure in your Prosperity;<br />and also, when you are Sick, and labouring un-<br />der Distempers. Thus it was",N,5
118462,0848000300,39919,40250,0.707,24,443110,443407,A48874,15,top6-50,top80-90,"uppose a Man be carried, whilst fast asleep, into a Room, where is a Person he longs to see and speak with; and be there locked fast in, beyond his Power to get out: he awakes, and is glad to find himself in so desirable Company, which he stays willingly in, *i. e.* preferrs his stay to going awa","any Wrong, I will<br />make him Satisfaction, as far as I am<br />able, without being forced by Law,<br />-To do unto others what I would<br />they should do to me.<br /><br />To this End, I will endeavour to<br />live peaceably and charitably with all!<br />People;- avoiding 'all Aalice, and,<br />Revenge, and Evil-fpeaking, and-<br />Contention, as much as poflibly.I can.<br />-And",N,5
124132,0128000200,153563,153860,0.706,24,443110,443407,A48874,15,top6-50,top80-90,"uppose a Man be carried, whilst fast asleep, into a Room, where is a Person he longs to see and speak with; and be there locked fast in, beyond his Power to get out: he awakes, and is glad to find himself in so desirable Company, which he stays willingly in, *i. e.* preferrs his stay to going awa","no wife of this man: baidy<br />s he has uscd me, I am not his wire. 'He has no au-<br />ority overme. If he go away by-and-by, and you aft<br />his authority.to detain me, look to it. Then raking<br />c of the lights, the turned from them, and went away<br /><br />tlic~ ~ ~ ~ ~~~~~~&<br />r.<br />huea routying able to tolest her. Trem",N,5
127502,0352600200,199811,200205,0.705,24,443110,443407,A48874,15,top6-50,top80-90,"uppose a Man be carried, whilst fast asleep, into a Room, where is a Person he longs to see and speak with; and be there locked fast in, beyond his Power to get out: he awakes, and is glad to find himself in so desirable Company, which he stays willingly in, *i. e.* preferrs his stay to going awa","the bridegrtcom; and cleanse<br />and adorn his wedding garment, before he comes to<br />the marriage feast. But where the public service of a<br />man's country, or the private necessities of himself<br />or his family eng.age him in so much business, as<br />that he has not such leisure for retirement; if, in<br />the midst of his affairs, he takes care to have God<br />in his thoughts, and often to lift up his heart to<br />him",N,5
127924,0605900300,1291197,1291609,0.705,24,443110,443407,A48874,15,top6-50,top80-90,"uppose a Man be carried, whilst fast asleep, into a Room, where is a Person he longs to see and speak with; and be there locked fast in, beyond his Power to get out: he awakes, and is glad to find himself in so desirable Company, which he stays willingly in, *i. e.* preferrs his stay to going awa","s of friendihip<br />and of tender love, which we thought likely to move him; the pleasure we<br />should have in feeing him from time to time near us, and in pafiing some<br />part of our days with him, which we might promise ourselves from the<br />neighbourhood of the dominions that were offered him; the fatisfation of<br />initruating him our ourselves concerning the state of our affairs, and of re-<br />lying upon him for the future;",N,5
134100,0728700500,46671,47065,0.704,24,443110,443407,A48874,15,top6-50,top80-90,"uppose a Man be carried, whilst fast asleep, into a Room, where is a Person he longs to see and speak with; and be there locked fast in, beyond his Power to get out: he awakes, and is glad to find himself in so desirable Company, which he stays willingly in, *i. e.* preferrs his stay to going awa","the Work they are engaged in,<br />or in the Service of their great Employer and Master. If one<br />be engaged in a Piece of Work, too hard for him singly. to<br />accomplish, another will readily lend him an helping Hand ;<br />if one fall another will lift him up, and they all derive Courage<br />and Strength from the Union that subsists among them. Thus<br />the wife Man describes the Advantages of Society, or having",N,5
0,0176800700,693673,694056,0.884,4,785540,785713,A48874,31,top5,top5,"rom the other. There are Fishes that have Wings, and are not Strangers to the airy Region: and there are some Birds, that are Inhabitants of the Water; whose Bloud is cold a","and a continued series of things, that in each,<br />remove differ very little one from the other. There<br />are fishes that have wings, and are no strangers to the<br />airy region: and there are some birds, that are inha-<br />bitants of the water, whose blood is cold as fiihes, and<br />their fleih o like in tafe, that the ferupulous are<br />allowed them on fiih-days. There are animals so<br />near of kin both",P,2
1,0562601300,198217,198510,0.867,4,785540,785713,A48874,31,top5,top5,"rom the other. There are Fishes that have Wings, and are not Strangers to the airy Region: and there are some Birds, that are Inhabitants of the Water; whose Bloud is cold a","surface des mers azurees, & les<br />cygnes, qui voguent en flottes au milieu des lacs'du<br />nord. II y en a d'autles aussi qui, pour contraster<br />avec ceux-la,. se detahent du ciel ou, des eaiux.par<br />des couleurs noires ou rembrunies: tels;siot, par<br />un exemple, le corbeau de nos climats, qui s'ap-<br />pero",T,5
2,1470100100,1528712,1529050,0.861,4,785540,785713,A48874,31,top5,top5,"rom the other. There are Fishes that have Wings, and are not Strangers to the airy Region: and there are some Birds, that are Inhabitants of the Water; whose Bloud is cold a","of Birds: And of there too rnuft be excepted all such Animals, as live in the<br />Water, such as proceed from a Mixture of dif ferent Species, and luch as charige their Colour, Size, and<br />Shape, by changing their Climate, and thence, in different Countries, seem tabe different Species; tho'<br />in Reality they are not. WSlkins's Efft7y. It is to",M,2
3,0698900301,424182,424576,0.855,4,785540,785713,A48874,31,top5,top5,"rom the other. There are Fishes that have Wings, and are not Strangers to the airy Region: and there are some Birds, that are Inhabitants of the Water; whose Bloud is cold a",", and pilchard,<br />that may be called fish of passage, and bear a strong<br />analogy to birds of passage; both from their social<br />disposition, and the immensity of their numbers.<br />Other fi(h live in our vicinity, and reside on our<br />coasts all the year round; or keep in the depths of<br />the ocean, and are but seldom seen: but these, at<br />stated seasons, visit the more southern ihores with<br />regular certainty,",T,2
4,1170200200,226720,227078,0.853,4,785540,785713,A48874,31,top5,top5,"rom the other. There are Fishes that have Wings, and are not Strangers to the airy Region: and there are some Birds, that are Inhabitants of the Water; whose Bloud is cold a","s in the air, as in winter-<br />time, those birds do either abscond, or betake<br />themselves into hot countries.<br /><br />2. The Colymbi, or D]ouchers, or Loons, whose<br />bodies are admirably fitted and conformed for div-<br />ing under water, being covered with a very thick<br />plumage, and the Sz.perficies of their feathers so<br />smooth and Ilippery, that the water cannot pene-<br />trate",M,2
128,1623700100,1867749,1868127,0.825,4,785540,785713,A48874,31,top5,top0-10,"rom the other. There are Fishes that have Wings, and are not Strangers to the airy Region: and there are some Birds, that are Inhabitants of the Water; whose Bloud is cold a","the two others, which are longer, are<br />kept in the water, serving like paddles, to fleer<br />their caurfe by. When' the weather is calm, it is<br />seen expanding only a part of its fail, and rowing<br />'with the reft.<br /><br />Sea Snais of every species appear to be a much<br /><br />more active animated tribe, than from their figure<br />we should be induced- to imagine. Though they<br />Teem, to an inattentive fpe",T,2
1072,1313400200,1209987,1210343,0.798,4,785540,785713,A48874,31,top5,top0-10,"rom the other. There are Fishes that have Wings, and are not Strangers to the airy Region: and there are some Birds, that are Inhabitants of the Water; whose Bloud is cold a",", cannot have the Scope necessary to raise and<br />float them on the Air again. The Noddies arefmall-<br />cr and flat footed also.<br /><br />What I would remark more of them, is, the ad-<br /><br />mirable InRtin& in these Birds, with refped to the<br />proper Seasons, and the proper Places for Support.<br />In the aforemention'd Months, when the large Fish<br />are here, numerous Flocks of Fowl",T,2
1086,0350300500,1657095,1657470,0.798,4,785540,785713,A48874,31,top5,top0-10,"rom the other. There are Fishes that have Wings, and are not Strangers to the airy Region: and there are some Birds, that are Inhabitants of the Water; whose Bloud is cold a","bat and flying-<br />squirrel, though quadrupeds, have wings to buoy themselves up in the<br />air. Some birds inhabit the waters; and there are fishes that have wings,<br /><br />and<br />73<br /><br />and are not strangers to the airy regions; the amphibious animals blend<br />the terrestrial and aquatic together.<br /><br />The animal and vegetable kingdoms are likewise so nearly connected,<br />that if you take the highest",P,2
2105,0912300800,114879,115245,0.788,4,785540,785713,A48874,31,top5,top0-10,"rom the other. There are Fishes that have Wings, and are not Strangers to the airy Region: and there are some Birds, that are Inhabitants of the Water; whose Bloud is cold a","them. Atlas.<br /><br />Lozugh-Loman is famous for its floating Island,<br />for Fish, without Fins, and for being frequent-<br />ly tempestuous in calm Weather ; thereabout<br />is the Merlin, a kind of Hawk of small Size;<br />it. hatht very. tender Feet, which cannot endure<br />cold ; wherefore Nature hath provided. that it<br />huns, a Bird.in.the Evening, fits upon it all<br /><br />Night<br /><br />Night to keep its",M,2
2770,0468800301,144592,144917,0.784,4,785540,785713,A48874,31,top5,top0-10,"rom the other. There are Fishes that have Wings, and are not Strangers to the airy Region: and there are some Birds, that are Inhabitants of the Water; whose Bloud is cold a","fouvent<br />trop charg ; car deux cens papillons, & autant de<br />coouiliages, qui ne different que par leurs nuan-<br />ce , n'inftrLiilènt pas plus fitr la nature de ces<br />aniniaux, que deux cens variétés de marbre fur<br />celle des pierres calcaires. Il eft permis de s'amu-<br />fer des couleurs; mais les moutons , les vers à<br />fie, les abeilles,",T,5
4727,1765500103,246739,247071,0.775,4,785540,785713,A48874,31,top5,top10-20,"rom the other. There are Fishes that have Wings, and are not Strangers to the airy Region: and there are some Birds, that are Inhabitants of the Water; whose Bloud is cold a","place they may be furnished,<br />· during the season, with opening buds, flower-<br />' ing thyme, warbling birds, sporting lambkins,<br />' and fountain - water, right and good, and<br />' bottled on the spot by one sent down on<br />' purpose.<br /><br />' N. B. The nymphs and swains are farther<br />'given to understand, that in those happy<br />'climes, they are so far.",T,2
8249,0606600402,165523,165883,0.764,4,785540,785713,A48874,31,top5,top10-20,"rom the other. There are Fishes that have Wings, and are not Strangers to the airy Region: and there are some Birds, that are Inhabitants of the Water; whose Bloud is cold a","s of the Sln<br />rcflect on it, the color is greatly heightened.<br /><br />The Humming-birds are in great plenty<br />here, but not near so numerous, as I am<br />informed, they arc to the Southward.-<br />This bird being not only beautiful,. but<br />having many pcculiarities, and being the<br />least of the feathered creation, not being<br />much larger than an humble bee, you'll<br /><br />pardon<br /><br />pardon my",T,2
10121,0394400108,783742,784122,0.76,4,785540,785713,A48874,31,top5,top10-20,"rom the other. There are Fishes that have Wings, and are not Strangers to the airy Region: and there are some Birds, that are Inhabitants of the Water; whose Bloud is cold a",", there are none so plenty as fish. A<br />little rivulet, that glides almost unperceived through<br />a vast traf of rich land, will support more hun-<br />dreds with the flelh of its inhabitants, than the<br />meadow will nourish individuals. But if this be<br />true of rivers, it is much truer of the sea shores,<br />which abound with such immense variety of fish,<br />that the curious fisherman, after he hat",T,2
10338,0851200400,626182,626463,0.76,4,785540,785713,A48874,31,top5,top10-20,"rom the other. There are Fishes that have Wings, and are not Strangers to the airy Region: and there are some Birds, that are Inhabitants of the Water; whose Bloud is cold a","s , y perdices en re.<br />des.<br /><br />El caz:ar con halcones r<br />esta en uso por aca.<br /><br />DE PESCAR.<br />Es vn. amigo de pescar r<br />Pesco lmas a menudo enel<br />plato qute en el rio , o' en d<br />estanque , con la caña , n.<br />zrulo , y cordel.<br /><br />El pescar con redes es bie.<br />no para los que viven de ell<br />solamente.",T,6
12422,0932800100,193841,194226,0.756,4,785540,785713,A48874,31,top5,top10-20,"rom the other. There are Fishes that have Wings, and are not Strangers to the airy Region: and there are some Birds, that are Inhabitants of the Water; whose Bloud is cold a","s here, in many places, will scarcely admit<br />our boats between them; and the rocks around us, stand out of<br />the water, and are covered with the largest birds which were<br />ever seen. The Arabs call them Meriah. They have a pro-<br />digious long bill and long legs, which enable them to catch fifll<br />in near a fathom water. The current seems to be for us, but<br />we have no opportunity to try it. At",T,2
14619,0489000303,59849,60185,0.753,4,785540,785713,A48874,31,top5,top20-30,"rom the other. There are Fishes that have Wings, and are not Strangers to the airy Region: and there are some Birds, that are Inhabitants of the Water; whose Bloud is cold a","oit comme une glace de crif-<br />tal d'une grandeur merveilleufe, au travers de<br />laquelle jecroyois voir un autre ciel, des mon-<br />tagnes & des-collines oppofées à celles qui étoient<br />autour de ce lac.<br /><br />Il y a encore une autre obfervation à faire, c'eft<br />que tous les corpsobliques ont pareillement leurs<br />images refléchies obliquement fur l'eau,",N,5
16789,1125200900,33117,33424,0.75,4,785540,785713,A48874,31,top5,top20-30,"rom the other. There are Fishes that have Wings, and are not Strangers to the airy Region: and there are some Birds, that are Inhabitants of the Water; whose Bloud is cold a","l'é-<br />tendue de l'une & de l'autre foit très - con-<br />fidérablc , elles ne fe reflemblent, quant à<br />leur divifion, ni par la fituation & les cir-<br />conftances de leur territoire, ni par les peu-<br />ples qui les habitent & qui les cultivent. L'A-<br />mérique feptentrionale, je parle de it plus<br />grande partie, cft habitée",N,5
17885,0968300100,14724,15110,0.748,4,785540,785713,A48874,31,top5,top20-30,"rom the other. There are Fishes that have Wings, and are not Strangers to the airy Region: and there are some Birds, that are Inhabitants of the Water; whose Bloud is cold a","other Side the Line, of quite contrary<br />Qualities, and equally cold with ours<br />from the North. On which Account, the<br />first Thing necessary to be taken Notice<br />of, with Regard to the Healthfulness of<br />Situations in Refped of the Winds, is<br />the Climate and Latitude of the Place;<br />those Winds being noxious in one Cllme,<br />which in another may have quite con-<br />trary Qulalities, agreeable to Bapti",T,2
18534,1451901800,13800,14171,0.747,4,785540,785713,A48874,31,top5,top20-30,"rom the other. There are Fishes that have Wings, and are not Strangers to the airy Region: and there are some Birds, that are Inhabitants of the Water; whose Bloud is cold a","is no other than an im-<br /><br />mense body of the feathered race<br /><br />winging thcir flight to a milder re-<br />gion ; the fwiallows, you are to know,<br /><br />are of too delicate a nature to endure<br /><br />the rigour of our winter, and there-<br />fore Providence has wifely implanted<br />in their nature an instinctive faculty<br /><br />that occasions them to colle in<br /><br />large bodies in the month of O&tober<br />and migrate",T,2
22611,1573900100,193982,194290,0.743,4,785540,785713,A48874,31,top5,top20-30,"rom the other. There are Fishes that have Wings, and are not Strangers to the airy Region: and there are some Birds, that are Inhabitants of the Water; whose Bloud is cold a","s of<br />them well wooded, many of them inhabited<br />by husbandmen, and others covered with~ Cat-<br />fl~i -It abounds likewise: with ~a great varies<br />ty of ifik such as Pike, Bream,· Roach~, Eels<br />and -Trouts, the< lasE ·ofan ·excessive~ size.<br />Exiit this Loughi is chiefly valuable for its Sal-<br />men,. which are caught in",N,2
27538,1043700700,585578,585910,0.738,4,785540,785713,A48874,31,top5,top30-40,"rom the other. There are Fishes that have Wings, and are not Strangers to the airy Region: and there are some Birds, that are Inhabitants of the Water; whose Bloud is cold a",", wherein are things creeping innumerable, both linall and<br />""' great beafis,"" Pial. civ. 24, 25. .And we read, Lam. iv. 3. of<br />Sea-mnionflers, which draw out their breasts to their young. Pliny<br />and Purchas tell incredible stories about them. About the tropic of<br />Capricorn, our seamen meet with flying fishes, that have wings like a<br />re",M,2
30778,0277300402,78698,79116,0.735,4,785540,785713,A48874,31,top5,top30-40,"rom the other. There are Fishes that have Wings, and are not Strangers to the airy Region: and there are some Birds, that are Inhabitants of the Water; whose Bloud is cold a","s to make both by land ana<br />water in search of their food; and besides, they<br />can fill up their leisure hours agreeably by means<br />of two very fortunate circumstances, their pow-<br />er of commanding sleep when they please,<br />and their talent for conversation. By these<br />means, geese, when they are saved from the<br />hand of the poulterer, are able to go on to a<br />refpedable old age, without ever being at a loss<br />how to kill the time",T,2
30851,1089800106,155960,156256,0.735,4,785540,785713,A48874,31,top5,top30-40,"rom the other. There are Fishes that have Wings, and are not Strangers to the airy Region: and there are some Birds, that are Inhabitants of the Water; whose Bloud is cold a","certen Isles adjoning to Fame Ifleland bigger then<br />Farne it self. But in them is no Habitation. Certen bigge<br />Foules, canllid S. Cuthbertes Byrdes, brede in them, and<br /><br />a IE O COquuet. z CuthebertCs.<br /><br />Pufns^ Birdes less then Dukkes having grey Fethers like<br />Dukkes, but withoute paintid Fethers, and",N,2
32107,1299300300,40446,40784,0.734,4,785540,785713,A48874,31,top5,top30-40,"rom the other. There are Fishes that have Wings, and are not Strangers to the airy Region: and there are some Birds, that are Inhabitants of the Water; whose Bloud is cold a","them. The geese were knocked down<br />with flones, so that it was no unusual thing<br />for a boat to bring off Iixty or seventy of those<br />birds, without the necceiiry of shooting a<br />single one. Seals and penguins abound here,<br />-fea-lions 6f a prodigious size are found upon<br />the sea-coast, and there is plenty of muscles,<br />cockles, clams, and limpets.",T,2
36549,0318501200,226779,227060,0.73,4,785540,785713,A48874,31,top5,top30-40,"rom the other. There are Fishes that have Wings, and are not Strangers to the airy Region: and there are some Birds, that are Inhabitants of the Water; whose Bloud is cold a","shire.<br />806. Floating Feather-moss. - H. fluitans.<br /><br />Shoots straggling, branched, leaves spear-<br />awl-shaped, scattered.-Dillenius. XXXVIII.<br />33.<br />Stagnant Waters, September, A. Rare.<br /><br />Ponds on the Go!dington Road.<br /><br />Obs:<br />Whltre it grows it is found in profusion, but zneer fructifes<br />here",N,2
42303,1161001100,13085,13440,0.726,4,785540,785713,A48874,31,top5,top40-50,"rom the other. There are Fishes that have Wings, and are not Strangers to the airy Region: and there are some Birds, that are Inhabitants of the Water; whose Bloud is cold a","fish are not seen<br />in fording, is the flory of the Tree re-<br />peated. Trouts are so plenty in altmoft<br />every firearri itnScotland,that they are ofvery<br />little estimation: they are' to be found in<br />such abundance, even in the finall itreams<br />that flow from the mountains, that shep-.<br />herds often catch them with the hand.<br />To asSert fads, upon mere appearances, is",T,2
43960,1448000900,132295,132619,0.725,4,785540,785713,A48874,31,top5,top40-50,"rom the other. There are Fishes that have Wings, and are not Strangers to the airy Region: and there are some Birds, that are Inhabitants of the Water; whose Bloud is cold a","any other difference<br />between them than the plumnage; this bird<br />is as large as a goose and eait as good, al-<br />though the forreft and wYoods abound with<br />a variety of fowl, this is the only one the<br />Indians- deem- worthy notice; wte did this<br /><1ay also k~illa larg~e sith which~ they call the<br />mnanuaddy; it very· much resembles: a",T,2
50762,0146601800,13762,14100,0.721,4,785540,785713,A48874,31,top5,top40-50,"rom the other. There are Fishes that have Wings, and are not Strangers to the airy Region: and there are some Birds, that are Inhabitants of the Water; whose Bloud is cold a","Some less refin'd, beneath the Moon's pale Light<br />Hover, and catch the ihooting Stars by Night;<br />Or fuck the Mills in growier Air below<br />Or dip their Pinions in the painted Bow,<br />Or brew fierce Tempests on the wintry Main.<br />Or on the Glebe diflil the kindly Rain.<br />Others on Earth o'er humane Race preside,<br />Watch all their Ways, and all their A",N,2
54032,0494900202,449627,449965,0.719,4,785540,785713,A48874,31,top5,top40-50,"rom the other. There are Fishes that have Wings, and are not Strangers to the airy Region: and there are some Birds, that are Inhabitants of the Water; whose Bloud is cold a","that<br />of the sea by its progreflive motion, but still more by the<br />great quantity of moss, leaves, and broken boughs that<br />covered it. A multitude of Oche d' acqua, or Sea-geefe,<br />hovered over that track, and plunged to peck, I know<br />not what kind of food. The Oca d' acqua is a fine bird,<br />as far as I could fee, and has its name from the rese",T,2
54491,0331000402,298908,299277,0.719,4,785540,785713,A48874,31,top5,top40-50,"rom the other. There are Fishes that have Wings, and are not Strangers to the airy Region: and there are some Birds, that are Inhabitants of the Water; whose Bloud is cold a","fs<br />quantities, than the bees in a comb. How these<br />shell-fish were generated, and how they can exist<br />in this dark retreat, is a matter well worthy of the<br />enquiry of a naturalist *. It may be suggested,<br />that the spawn entered through the pores of the<br />stone; and it is confidently asserted here, that a<br />certain worm is frequently seen to insinuate itself<br />into the fame por",T,2
66225,0225201100,249486,249865,0.713,4,785540,785713,A48874,31,top5,top50-60,"rom the other. There are Fishes that have Wings, and are not Strangers to the airy Region: and there are some Birds, that are Inhabitants of the Water; whose Bloud is cold a",". I own that Seamen, and such as dwell<br />by the Sea.side in Marshy Grounds, who for<br />the molt part live on Salt Meat and Fish, are<br />more troubled with the Scurvy than others.<br />But this proceeds not from their eating a larger<br />quantity of Salt, but from eating more Flesh<br />and Sith than others do, which abound with<br />Alkalious Particles, and from the moistness of<br />the Air about 'em, which",N,2
71611,0591200200,63558,63952,0.711,4,785540,785713,A48874,31,top5,top50-60,"rom the other. There are Fishes that have Wings, and are not Strangers to the airy Region: and there are some Birds, that are Inhabitants of the Water; whose Bloud is cold a","of the eggshell, which serves as<br />lungs for the chicken, to those of the more perfect animals; In one in-<br />stance, viz. that of the syren, both gills and lungs are seen in the same<br />animal. The windpipe and larynx are then shown, under all their<br />different forms. The kidnies, which separate the superfluous fluids<br />from the circulation, make the last part of this subject.<br /><br />The third class takes up",M,2
73694,0029700402,233867,234298,0.71,4,785540,785713,A48874,31,top5,top50-60,"rom the other. There are Fishes that have Wings, and are not Strangers to the airy Region: and there are some Birds, that are Inhabitants of the Water; whose Bloud is cold a","den of the healthiness of mild sea-<br />sons over the cold and rigorous, will be found<br />just, though the variation will be greater pro-<br />portionally in the scale of fatality in great ci-<br />ties than in the country. This will arise from<br />obvious causes, one of which doubtless will be<br />the change of temperature daily alternating<br />during the frosty weather, occasioned by the<br />heat from the multiplicity of fires, united to<br />the sun-beams during",N,2
76074,1377800700,121040,121313,0.709,4,785540,785713,A48874,31,top5,top50-60,"rom the other. There are Fishes that have Wings, and are not Strangers to the airy Region: and there are some Birds, that are Inhabitants of the Water; whose Bloud is cold a","the Canaries usually<br />friequen~ts the fl~inty gUllies of the mounteains; the<br />g~oldfinch delights inl sandy dowrns, t he lark in the<br />mneadows; the nightingale in woods, by thle<br />brook's fice; the fwvYeet-noted bulfinch in the<br />white thorna. Th-e thrush~, the yellow-hammer,<br />the",T,2
77404,0316300102,4637367,4637734,0.708,4,785540,785713,A48874,31,top5,top50-60,"rom the other. There are Fishes that have Wings, and are not Strangers to the airy Region: and there are some Birds, that are Inhabitants of the Water; whose Bloud is cold a","and not exceed its measure to be filled the flork and ostrich ? both remarkable for their<br />iup: this seems to denote some restraint on finners, wings: and natablus renders the word here an<br />that they may'nt be able to go all the lengths they ofrich;- which, according to Pliny k, is the largest<br />would; and some rebuke upon them, that they of birds, and almost as big as",T,5
79328,0466800500,193893,194279,0.707,4,785540,785713,A48874,31,top5,top60-70,"rom the other. There are Fishes that have Wings, and are not Strangers to the airy Region: and there are some Birds, that are Inhabitants of the Water; whose Bloud is cold a","commoniamong; the rivers in Wales 'that-<br /><br />the<br /><br />the natives use it as an expedient for taking<br />those fih, and often create an artificial caf,<br />cade, where nature has denied one; they then<br />place nets near the edge of the fall,,and the<br />salmon, endeavouring to leap above it, are<br />caught in the attempt.<br /><br />All this may be easily conceived; butit<br />will create some degree of surprise when it<br />is a",N,2
81675,1605702000,42466,42775,0.706,4,785540,785713,A48874,31,top5,top60-70,"rom the other. There are Fishes that have Wings, and are not Strangers to the airy Region: and there are some Birds, that are Inhabitants of the Water; whose Bloud is cold a","scaly Breed,<br /><br />And eyes the dancing Cork, and bending Reed.<br /><br />Our plenteous Streams a various Race supply,<br />The bright-ey'd 'Perch, with Fins of Tyrian Dye;<br />The silver Eel, in Thining Volumes roll'd,<br /><br />The yellow Carp, in Scales be-drop'd with Gold;<br /><br />Swifc Trouts, diverfify'd with Crimson Stains,<br /><br />And Pikes, the",T,2
88491,0206600900,238937,239206,0.704,4,785540,785713,A48874,31,top5,top60-70,"rom the other. There are Fishes that have Wings, and are not Strangers to the airy Region: and there are some Birds, that are Inhabitants of the Water; whose Bloud is cold a","Q0ail<br />Young quail<br />Rail<br />Raven<br />Rtdbreaft<br />Ringdove Rough-footed pigeon<br />Rook<br />Scray, or fea-fwallow<br />Screechowl<br />Sea-lbwl<br />Seagul<br />Snipe Sparrow<br />SIlirrowhawk<br />Stare, or ftirling<br />Stockdove<br />Stork<br />Swallow<br />Swan<br />Teal<br /><br />R D S, &c.<br /><br />Aultruche f<br />Hibou m<br />Perroul-et m<br />Perdrix in<br />Perdreau m",N,2
89660,1697900101,15184,15529,0.703,4,785540,785713,A48874,31,top5,top60-70,"rom the other. There are Fishes that have Wings, and are not Strangers to the airy Region: and there are some Birds, that are Inhabitants of the Water; whose Bloud is cold a","ef, pork, and fowls already mentioned, and<br />biy great quantities of wild .fowls; for I nuft ob-<br />'derve, that near the centre of the i~sland there~<br /><br />were<br /><br />were two considerable pieces of freth water,<br />which a~bounded with duc~k, teal, and curlew;<br />not to mention the whiftaing-plover, which we<br />found there in the greatest plenty.<br /><br />'' It may, perhaps",N,2
94559,0509500701,104406,104730,0.701,4,785540,785713,A48874,31,top5,top60-70,"rom the other. There are Fishes that have Wings, and are not Strangers to the airy Region: and there are some Birds, that are Inhabitants of the Water; whose Bloud is cold a","nger, touch-<br />"" ing the Lakes of Cecubo, Reate, and<br />"" BaJanello; These Lakes have many<br />"" flands, which float and move up and<br />"" down with the Wind, no othernvife<br />""than as a Ship tofs'd to and fro by the<br />"" Waves of the Sea. Now would not<br />"" Persons that were to behold this Flu-<br />"" Euation of Islands, and were not pre-<br />"" possess",N,2
109109,0545300200,61196,61576,0.696,4,785540,785713,A48874,31,top5,top70-80,"rom the other. There are Fishes that have Wings, and are not Strangers to the airy Region: and there are some Birds, that are Inhabitants of the Water; whose Bloud is cold a","its banks. Other masses of ice in. various<br /><br />parts,<br /><br />( 65 )<br />parts, rife to the surface, and are brought<br />down by the stream. The upper part of<br />the water is not frozen, and by the time<br />the fun has been four hours above the ho-<br />rizon, the whole is dissolved, and the mill<br />no longer impeded in its operation. It may<br />not be improper to add, that the fame kind<br />of frost has been observed",N,2
110245,0362300601,233485,233812,0.696,4,785540,785713,A48874,31,top5,top70-80,"rom the other. There are Fishes that have Wings, and are not Strangers to the airy Region: and there are some Birds, that are Inhabitants of the Water; whose Bloud is cold a","oies & les canards, qui<br />fe nourriffoient ou de ces eaux ou des débris. Les<br />poiffons étoient nuifibles, & quelquefois funeftes<br />à ceux qui les mangeoient. Le mouton , que l'on<br /><br />pouvoit à peine fe procurer au poids de l'or,<br />écoit la feule nourriture que l'on prenoir avec<br />quelque sûreté.<br /><br />Les mahdies fe multiplièrent en raifon de",T,5
111098,0287400900,88200,88582,0.696,4,785540,785713,A48874,31,top5,top70-80,"rom the other. There are Fishes that have Wings, and are not Strangers to the airy Region: and there are some Birds, that are Inhabitants of the Water; whose Bloud is cold a",", are an' extremely fmall'Part of-<br />the whole. Different Countries produce very different'<br />Sorts. How many, still more different, the grat-Waters<br />conceal from us, we cannot even guess. Multitudes<br />remain, so little as almof to escape our Sight, with the<br />best Assistance that we arc able to give it; and probably<br />liultitudes more, which escape it intirely. But all<br />that we can observe,",M,2
123088,0983601500,16004,16388,0.692,4,785540,785713,A48874,31,top5,top70-80,"rom the other. There are Fishes that have Wings, and are not Strangers to the airy Region: and there are some Birds, that are Inhabitants of the Water; whose Bloud is cold a","es within the torrid zone, are not equally<br />black. Those who are born and brought<br />up near barren sands, are blacker than those<br />who have been found in fertile places. The<br />heat of the fun is much more intense on the<br /><br />B 2<br /><br />-<br />former foil than on the latter. The manner<br />of living has also an effet on the complex-<br />ion. Tribes who dwell in dirty, smoky<br />cabins, or huts, are clad with the und",T,2
124416,1589500102,111571,111893,0.691,4,785540,785713,A48874,31,top5,top70-80,"rom the other. There are Fishes that have Wings, and are not Strangers to the airy Region: and there are some Birds, that are Inhabitants of the Water; whose Bloud is cold a","Somne<br />birds fee objeds below them, and round<br />them, to a great difiance, without the help<br />or neceff ity of long tubes. Sose infeats ee<br />vaflly minute objeas, their bJuiinefs being<br />with f'uch, and yet are not confined to~ the<br />short focal difiances, or the narrow [paces<br />of the microficope. A len~s of nature's<br />forming, if the",T,2
128871,0030500400,34229,34572,0.69,4,785540,785713,A48874,31,top5,top80-90,"rom the other. There are Fishes that have Wings, and are not Strangers to the airy Region: and there are some Birds, that are Inhabitants of the Water; whose Bloud is cold a",", and as some say even by birds:--thle<br />height being such, so as to cause their tops to be<br />covered with eternal snow!<br /><br />There is a Iarge island in: the Nbrth, or<br />fozen sea, peopled 'by the Norwegians called<br />fland:, its longest day in the sutnmer-solstice is.<br />twenty-fioufr hours without any night, and so<br />contrarily when the 'sun enters capricor",N,2
134578,1329700800,97970,98292,0.688,4,785540,785713,A48874,31,top5,top80-90,"rom the other. There are Fishes that have Wings, and are not Strangers to the airy Region: and there are some Birds, that are Inhabitants of the Water; whose Bloud is cold a","nel<br />p, b.<br /><br />N,17. 'We by no means advise flues to be<br /><br />laid into funnels, as they often are the occa-<br />sion of finoke : therefore let them always be<br />avoided if poss2ible; but if they Inuit be had,<br />never let: them gointo the funnel horizontally,<br />.but~ alwayps in an inclined direation, above<br />the gathering, as represented.<br /><br />B.",N,2
138136,0606000300,110773,111107,0.687,4,785540,785713,A48874,31,top5,top80-90,"rom the other. There are Fishes that have Wings, and are not Strangers to the airy Region: and there are some Birds, that are Inhabitants of the Water; whose Bloud is cold a","grace the fAeinsg scene<br />Fields ever freill and grores for ever greeen !""<br /><br />Twickenhatm<br />* Cygnets are to this day fold at Norwich, about Clhrimas,<br />for a guinea a piece. Few birds make so inelegant a figure out<br />of the water, or have the conlmand cf fich beautiful attitudes on<br /><br />that<br />79<br /><br />Twickenham, a village ten miles and a quarter<br />from",N,2
138548,0433500201,341394,341714,0.687,4,785540,785713,A48874,31,top5,top80-90,"rom the other. There are Fishes that have Wings, and are not Strangers to the airy Region: and there are some Birds, that are Inhabitants of the Water; whose Bloud is cold a","s<br />appear about the vernal equinox. The<br /><br />""The swallows and swifts have very short<br />""legs, (fays Dr. Derham, Phyfico-Theology, book<br />""7. chap. i. note) and their toes grasping any<br />""thing very ifrongly. All which is useful to<br />""them in building their nests, and other such<br />""occasions, as necessitate them to hang fre-<br />""quently",T,2
144218,1042400301,86090,86454,0.686,4,785540,785713,A48874,31,top5,top80-90,"rom the other. There are Fishes that have Wings, and are not Strangers to the airy Region: and there are some Birds, that are Inhabitants of the Water; whose Bloud is cold a","which are reckoned good eating. We<br />rambled to collect shells, and sea-weed, a<br />great variety of which is to be found among<br />there rocks. The ocean on one hand, with<br />the flips fleering different courses, and the<br />cavern grottos worn in the high cliffs, on<br />the other, contribute to form a scene at once<br />awfully grand, and pleasingly romantic. Un-<br />der some of these high",T,2
0,1170300100,104857,105255,0.841,3,787158,787329,A48874,31,top5,top5,"e being, in degrees of Perfection, much more remote from the infinite Being of GOD, than we are from the lowest state of Being, and that which approaches nearest to nothin","some degree in our selves; and therefore they may be<br />in the highest degree that is possible in another.The eternity of God and<br />his immenfity,and his being of himself, how difficult soever tliey may be<br />to be conceived, yet there perfections must be granted to be somewhere;<br />and therefore they may as well, nay much better, be afcrib'd to God,in<br />whom we suppose all other perfections to meet, than to",M,2
1,0025700100,1352562,1352967,0.839,3,787158,787329,A48874,31,top5,top5,"e being, in degrees of Perfection, much more remote from the infinite Being of GOD, than we are from the lowest state of Being, and that which approaches nearest to nothin","e perfection<br />of God, though ever at an infinite distance. For, as every finite length is infinitely<br />nearer to nothing, than to a metaphysically infinite one (to make this supposition for<br />argument's fake); so all finite virtue is infinitely more distant from the infinite perfection<br />of God, than from nothing. And thus indeed all our righteousness is filthy rags, and<br />all our virtue infinite vice. But this",P,2
2,0318900103,1776826,1777209,0.82,3,787158,787329,A48874,31,top5,top5,"e being, in degrees of Perfection, much more remote from the infinite Being of GOD, than we are from the lowest state of Being, and that which approaches nearest to nothin","over in our minds millions and millions of ages,<br />we are as far off from eternity as when we began;<br />and when we have pervaded all worlds, and every<br />space and place, we have got no further into im-<br />menfity than at firt ; we are confounded when we<br />think of a being without beginning and without<br />bounds, unoriginated and unlimited; yea, even it<br />is but a small part of the works of God in",T,2
3,1022301002,134961,135368,0.817,3,787158,787329,A48874,31,top5,top5,"e being, in degrees of Perfection, much more remote from the infinite Being of GOD, than we are from the lowest state of Being, and that which approaches nearest to nothin","e of an infinite and all-perfeCt Being,<br />we cannot possibly define or conceive what<br />is the highest order of perfection: and con-<br />ceive of the Divine Perfection as high as<br />you can in its effecds, the subjec of our<br />present discourse, these must still appear<br />and be objeCted to as mean, while they have<br />nothing inferior below them.<br /><br />SUPREME goodness, infinite perfection<br />and fulness should seem to imply and com",P,2
4,0476801100,30733,31155,0.817,3,787158,787329,A48874,31,top5,top5,"e being, in degrees of Perfection, much more remote from the infinite Being of GOD, than we are from the lowest state of Being, and that which approaches nearest to nothin",", but can<br />never possibly arrive at absolute perfec-<br />tion. God will for ever dwell in light in-<br />accessible, and full of glory: he will be<br />for ever infinitely superior to all created<br />beings. Finite creatures, indeed, cannot<br />conceive how rational and intelligent be-<br />ings should be for ever approacling near-<br />er and nearer to the standard of absolute<br />perfection, and never reach it: but rea-<br />son, and the nature of the thing,",M,2
148,0693500703,160102,160475,0.779,3,787158,787329,A48874,31,top5,top0-10,"e being, in degrees of Perfection, much more remote from the infinite Being of GOD, than we are from the lowest state of Being, and that which approaches nearest to nothin","traas of time and space; filling<br />immensity, inhabiting eternity; poffefling<br />the knowledge of all truths, and of all events<br />pafi, present or future.<br /><br />It muff indeed be confessed, that we are<br />exceedingly unequal to an accurate inveftiga-<br />tion of these divine natural attributes. We<br />no sooner attempt to pry into infinity, but<br />we are loft: the eye of reason is dazzled:<br />our we",M,2
1022,0243301200,22755,23047,0.751,3,787158,787329,A48874,31,top5,top0-10,"e being, in degrees of Perfection, much more remote from the infinite Being of GOD, than we are from the lowest state of Being, and that which approaches nearest to nothin",", ceux dont le Ciel a<br />été compofé jusqu'apréfent font en fort petit nombre,<br />r. Parceque la .perfecion du Ciel s'accroit en rai-<br />fhn de fa multiplicité. VI. Et en fin parceque tout<br />oeuvre.de la divinité vife à l'nfini, & a l'éternité.<br /><br />8. I. 2ée le genre humain efl laBafe fur laquelle le Ciel",M,5
1036,0581100501,664979,665334,0.751,3,787158,787329,A48874,31,top5,top0-10,"e being, in degrees of Perfection, much more remote from the infinite Being of GOD, than we are from the lowest state of Being, and that which approaches nearest to nothin","that the Lord Jesus, tho he ascended ever so<br /><br />fwifitly<br /><br />fiviftly, could not have got thither by this time, much<br />less in so short a space as we aflign: From whence they<br />conclude that whatever is said of this Empyreal or high.<br />eft Heaven, is a mere human FiCtion. Anfwr. Who<br />does not perceive but that such Fooleries as this tend to "" /<br />the Ridicule and Con",N,2
1743,0458701300,31820,32197,0.741,3,787158,787329,A48874,31,top5,top0-10,"e being, in degrees of Perfection, much more remote from the infinite Being of GOD, than we are from the lowest state of Being, and that which approaches nearest to nothin","e or infinite ? If it is but<br />finite, as you know it is, how can you<br />think thereby to grasp infinity ? But the<br />light of your reason is only darkness, there-<br />fore it conceiveth irrational ideas of the<br />deep things of GOD.<br /><br />Be you afiured, that when you land in<br />these intolerable mansions, you will then, if<br />not before, repent that you give the tefti-<br />mony of reason the preference",T,2
2237,0631000200,170403,170777,0.737,3,787158,787329,A48874,31,top5,top0-10,"e being, in degrees of Perfection, much more remote from the infinite Being of GOD, than we are from the lowest state of Being, and that which approaches nearest to nothin","divine<br />Being, by which he is unlimited and unbounded.<br />There can be no Confines to his incomparable Es-<br />fence; that which is naturally and necessarily exi-<br />ftent, must exist every where; an entire Necessity<br />of Exifgence can't be tied to this or the other<br />Place; it must be every where alike; on Earth, as<br />well as in Heaven (tho his glorious Displays may be<br />there;) beyond the",T,2
3637,0619900800,80187,80542,0.727,3,787158,787329,A48874,31,top5,top10-20,"e being, in degrees of Perfection, much more remote from the infinite Being of GOD, than we are from the lowest state of Being, and that which approaches nearest to nothin","Efence should<br />o and extend, and no farther. The first Being there-<br />fore that hath its Being in it self, hath nothing to give<br />it any Limitation, or set any Bounds to it, and therefore<br />must needs be Infinite and Immense: Infinite in Life,<br />and so Eternal; Infinite in Wisdom, and so Omniscient;<br />Infinite in Power, and so Omnipotent ; and Infinite in<br />Goodness",T,2
6013,0609200600,320718,321063,0.716,3,787158,787329,A48874,31,top5,top10-20,"e being, in degrees of Perfection, much more remote from the infinite Being of GOD, than we are from the lowest state of Being, and that which approaches nearest to nothin","not observe them, un-<br />less they be thus particularly pointed out.<br /><br />S H E 0<br /><br />Being a brief<br />DISSERTATION<br /><br />Concerning the P L A CE of<br />DEPARTED SOULS,<br />Between the Time of their Di s SOLUTION;<br /><br />and the general RESURRECTION.<br />dnd besides all this, between us and you there is a great<br />gulf fixed; so that they, which would pa/s from hence<br />to you, cannot",T,2
7308,0432800201,46032,46413,0.711,3,787158,787329,A48874,31,top5,top10-20,"e being, in degrees of Perfection, much more remote from the infinite Being of GOD, than we are from the lowest state of Being, and that which approaches nearest to nothin","re ? which to the height enrag'd, 9S<br />Will either quite consume us, and reduce<br />To nothing this essential; happier far,<br />Than miserable to have eternal being.<br />Or if our substance be indeed divine,<br />And cannot cease to be, we are at wort loo<br />On this fide nothing; and by proof we feel<br />Our power sufficient to disturb his Heav'n,<br />And with perpetual inrodes to alarm,<br />Though inaccessible,",T,2
7520,0273100500,3952,4291,0.711,3,787158,787329,A48874,31,top5,top10-20,"e being, in degrees of Perfection, much more remote from the infinite Being of GOD, than we are from the lowest state of Being, and that which approaches nearest to nothin",", God is there more nearly and inti-<br />' mately, than we ourselves are.<br /><br />' Perhaps you will fly to me, 7/,hat then aei<br />·' e in/pir'd? Yes without doubt; but not as<br />'the Prophets and Apostles. Without the<br />' actual Inspiration of the Spirit of Grace, we can<br />' neither do, iqill, nor beiisve any Good. We<br />c are therefore always inJpir'd; but we",T,5
9031,0056800102,455924,456276,0.706,3,787158,787329,A48874,31,top5,top10-20,"e being, in degrees of Perfection, much more remote from the infinite Being of GOD, than we are from the lowest state of Being, and that which approaches nearest to nothin","us, who is holy,<br />harmless, undefiled, separate from Sinners, and<br />made higher than the Heavens: Endued with<br />such an Almighty Power, that be is ABLE to<br />save to the UTTERMOST those that come unto<br />God by him; feeing he ever lived to make Inter-<br />cefion for them: Neither is there SALVATiOb<br />in any other; there being no other Nadme un-<br />der Heaven given where",T,2
10542,1258400100,221681,222031,0.702,3,787158,787329,A48874,31,top5,top20-30,"e being, in degrees of Perfection, much more remote from the infinite Being of GOD, than we are from the lowest state of Being, and that which approaches nearest to nothin","' God after time; and that<br />thizs is attainable. 'Thef re e things whereabout there is a deep<br />silence, not so much as a word of them, far less any proof. If<br />ever we were to expecEt such a thing we might look for it from<br />those who have not merely touched at this subject by the bye, and<br />in d.,rk hints, but have diicourfed of moral ends on set purpose,",N,2
12079,0258401100,318391,318731,0.698,3,787158,787329,A48874,31,top5,top20-30,"e being, in degrees of Perfection, much more remote from the infinite Being of GOD, than we are from the lowest state of Being, and that which approaches nearest to nothin","Animals, which yet<br />with our meer Sight we never fee? Do<br />we not find all Places and Things almost re-<br />plenifh'd with Beings; and ihall we be po-<br />fitive that the vast Expanse of Air is without<br />any? Do we know the Extent of the Power<br />of Omnipotence, and that God has no way of<br /><br />ex-<br /><br />( 232 )<br />exerting his Omnipotence, but by ObjeAs vi-<br />fible to",T,2
12645,1111300400,125697,126048,0.697,3,787158,787329,A48874,31,top5,top20-30,"e being, in degrees of Perfection, much more remote from the infinite Being of GOD, than we are from the lowest state of Being, and that which approaches nearest to nothin","gechcr glorious and unknown. And feeing it is daily per-<br />formed upon numberless objeEts before us, we have no<br />room left to doubt the fulfilling of it; though blind<br />as we at present are, we know not by what method it<br />is to be cffeced. Nor have we more reason to despair<br />of the Almighty's enabling us to atchieve whatever he<br />vx.illcth us to do; provided",N,2
12997,0476402300,32965,33346,0.696,3,787158,787329,A48874,31,top5,top20-30,"e being, in degrees of Perfection, much more remote from the infinite Being of GOD, than we are from the lowest state of Being, and that which approaches nearest to nothin","es, and do find<br /><br />in<br /><br />in the Creatures. For, contrary to the<br />Heavenly Bodies, the more distant earthly<br />Enjoyments are from us, the greater they<br />are in our eye; but when we come at<br />them, they appear very little and incon-<br />fiderable; nor can we touch them, but,<br />like the Apples of Sodom, they presently<br />fall into Ashes, notwithstanding their beau-<br />tiful Form. Children are vainly wont",T,2
16002,0022500200,551890,552251,0.691,3,787158,787329,A48874,31,top5,top20-30,"e being, in degrees of Perfection, much more remote from the infinite Being of GOD, than we are from the lowest state of Being, and that which approaches nearest to nothin","that there must<br />' be an infinite, invisible, independent, and almighty<br />Being, which presides over all things by his eternal<br />' Providence.'<br /><br />These Reasonings prevail'd on Sevarias, and<br />brought him to acknowledge, that there was a fu-<br />preme invisible G 0D, greater than the SU N;<br />but they could not dispossess him of the Notion,<br />that ' the S U N was also a G 0 D;",T,2
19939,1097100200,94987,95333,0.684,3,787158,787329,A48874,31,top5,top30-40,"e being, in degrees of Perfection, much more remote from the infinite Being of GOD, than we are from the lowest state of Being, and that which approaches nearest to nothin","and refor-<br />mation, has, in point of righteousness, no<br />fJich demand, can have no such eipeStation.<br />But, I imagine, that we are not at all to<br />direct our hopes from the infinite good-<br />ness of God, or to measure them by any<br />apprehended rule of proportionable merit<br />and reward. Suppose an unblemished vir-<br />tue in this life, and a steady sinless obedi-",T,2
21966,0661702500,48514,48846,0.682,3,787158,787329,A48874,31,top5,top30-40,"e being, in degrees of Perfection, much more remote from the infinite Being of GOD, than we are from the lowest state of Being, and that which approaches nearest to nothin","of the universe I<br /><br />A J ·survey, whether it be the wide<br />· T canopy of heaven above, or the<br />earthly ball beneath; as no creature can be<br />the cause of, or give Being to itself, I there-<br />fore conclude, there must be one supreme,<br />unoriginated, felf-exiftent Being, who cre-<br />ated all things that are in heaven andcol. i. i6.<br />earth; of whom",N,2
22066,0035601000,442627,442991,0.681,3,787158,787329,A48874,31,top5,top30-40,"e being, in degrees of Perfection, much more remote from the infinite Being of GOD, than we are from the lowest state of Being, and that which approaches nearest to nothin","yet on it.<br />There is a noble intimacy with heaven while we are yet beneath<br />it. And can it be hard for us to lay aside this world, since they<br />that have fared best in it have only the fewest objections against<br />it? The worldly wilhes which an old man fends out are like<br />Nvoa's doves they cannot find whereon to light, and mull re-<br />turn to his own heart again for relt.",T,5
23120,1563501800,18319,18683,0.68,3,787158,787329,A48874,31,top5,top30-40,"e being, in degrees of Perfection, much more remote from the infinite Being of GOD, than we are from the lowest state of Being, and that which approaches nearest to nothin","ed ? Can we ima-<br />g~ine a revelation from the Deity<br />to be otherwise~ than altogether<br />~true ? Moses se~ems to think that<br />all the expans~e above us, which<br />he calls the firmnament of heaven,<br />was made for no0 other purpose<br />than for our use. But who is<br />there now that would not fay<br />that the fun was not only made<br />for this earth, but for the planets<br />-that the moon is not",N,5
26154,0397901500,35494,35880,0.676,3,787158,787329,A48874,31,top5,top30-40,"e being, in degrees of Perfection, much more remote from the infinite Being of GOD, than we are from the lowest state of Being, and that which approaches nearest to nothin","ighty God; and in-<br />deed so as to make all religion, and all attempts<br />towards any advancements in piety and virtue,<br />lb far as regards our future condition, unnecef-<br />fary and useless. By which means, on one hand,<br />many pious people have been driven to great, and<br />even fatal despondency, by not perceiving within<br />themselves those internal feelings of the divine<br />favour and acceptance, which",N,5
30333,0518800500,55239,55555,0.672,3,787158,787329,A48874,31,top5,top40-50,"e being, in degrees of Perfection, much more remote from the infinite Being of GOD, than we are from the lowest state of Being, and that which approaches nearest to nothin","ifibles. On ne conçoit pas<br />pourquoi leur exiftence eft<br />permife. Ils exiftent pour.<br />tant, & cette exiftence eft<br />auffi glorieufe à la Providen-<br />ce de Dieu, que celle des<br />Aftres & des Etres les plus<br />nobles de la Nature.<br /><br />THE-<br /><br />T H E S E' E.<br />Je fai fort bien que les fins<br />de la Juftice Divine font au<br />deffus de la portée",M,5
31605,0742600200,55732,56086,0.67,3,787158,787329,A48874,31,top5,top40-50,"e being, in degrees of Perfection, much more remote from the infinite Being of GOD, than we are from the lowest state of Being, and that which approaches nearest to nothin","far<br />more exceeding and eternal Weight of Glory;<br />' while we look not at the Things which are seen,<br />but at the Things which are not seen: For the<br />T'hings which ate seen, are temporal ; but the<br />Things which are not 'cen, are eternal (s).'-<br />Once more, confider theNcejffty of Faith to your Saiva-<br />lion. To believe a Heaven is neceflary to prepare<br />for it; and",N,2
36061,1207900300,21067,21436,0.666,3,787158,787329,A48874,31,top5,top40-50,"e being, in degrees of Perfection, much more remote from the infinite Being of GOD, than we are from the lowest state of Being, and that which approaches nearest to nothin","a heavenly and spiritual body will doubtless<br />exceed in glory; even as one star differeth from<br />another star in glory; or as a terrestrial body dif-<br />fereth from a celestial one. Indeed, an inequa-<br />lity among the glorified Saints is a doEtrine so con-<br />trary to the tenour of scripture, that the Apostle<br />could noi have advanced it. This is a point which<br />I shall now attempt",N,2
38761,0083701400,92582,92920,0.664,3,787158,787329,A48874,31,top5,top40-50,"e being, in degrees of Perfection, much more remote from the infinite Being of GOD, than we are from the lowest state of Being, and that which approaches nearest to nothin","boundless Eternity to which<br />"" we are all hastening, we know<br />"" not: But we have Reason to believe,<br />"" that they will be inconceivably great;<br /><br />"" and<br /><br />"" and that they will in a goodMeafure,<br />""if not altogether, be unconnected<br />""with Body and Sense. For our Bo-<br />""dies, if we flall be possessed of Bodies<br />"" in that more perfe6t State, will doubt-",N,5
39190,0777100400,117502,117865,0.663,3,787158,787329,A48874,31,top5,top40-50,"e being, in degrees of Perfection, much more remote from the infinite Being of GOD, than we are from the lowest state of Being, and that which approaches nearest to nothin","per-<br />set underfRanding, and immense goodness, may<br />fitly be compared to the boundless ocean. * Canq<br />thou by searching find out God? Canst thou find out<br />the Almighty unto petfcelion ? The measure of his<br />infinite mind is - longer than the earth, and<br />broader than the sea. This love of God is re-<br />solved into his sovereign will: it is his good<br />pleasure, which he hath",T,2
48297,1085602800,13789,14120,0.656,3,787158,787329,A48874,31,top5,top50-60,"e being, in degrees of Perfection, much more remote from the infinite Being of GOD, than we are from the lowest state of Being, and that which approaches nearest to nothin","if God be not for us,<br />can we think that he will not be-againft us ? Do we sup-<br />pose that God will fland Neuter, an unconcern'd SpeAator<br />of the Things that are done here below, not caring who<br />wins the Prize, nor who becomes a Prey to a Powerful and<br />cruel Enemy? Is there no Interei,- but our own, going<br />on in the World ? Has not God",T,5
51685,0610200103,61485,61805,0.654,3,787158,787329,A48874,31,top5,top50-60,"e being, in degrees of Perfection, much more remote from the infinite Being of GOD, than we are from the lowest state of Being, and that which approaches nearest to nothin","ance de ce qui s'eff<br />paffé entre dieu, les anges & les hommes. Vous ne fcavez pas<br />l'hiftoire de l'éternité; vous n'avez point lu les livres qui font<br />écrits au ciel; ce qui vous en a été révélé n'eft qu'une petite<br />partie de la bibliothèque divine: & ceux qui, comme nous,<br />en approchent de plus près, tandis qu'ils font en",M,5
53173,0998100300,1267,1667,0.653,3,787158,787329,A48874,31,top5,top50-60,"e being, in degrees of Perfection, much more remote from the infinite Being of GOD, than we are from the lowest state of Being, and that which approaches nearest to nothin","that we cannot<br />but conclude, (what scripture affires us is<br />true) that the human frame has undergone<br />some great shock, and contracted some very<br />fatal disorder, since it first came out of the<br />bands of its wife and benevolent Author.<br />We perceive ourselves incapable of pleas-<br />ing a God of infinite purity and holiness,<br />witho.ut sone further help than nature can<br />give ;us, and without greater indulgences",T,2
55235,1783000102,521917,522278,0.651,3,787158,787329,A48874,31,top5,top50-60,"e being, in degrees of Perfection, much more remote from the infinite Being of GOD, than we are from the lowest state of Being, and that which approaches nearest to nothin","Which we ascribe to heaven : b the fated sky<br />Gives us free scope; only, doth backward pull<br />Our flow designs, when we ourselves are dull.<br />What power is it, which mounts my love so high;<br />That makes me fee, and cannot feed mine eye ?<br />c The mightiest space in nature fortune brings<br />To join like * likes, and kiss like native things.<br />s Impoflible be firange attempts",N,2
56572,0465703100,62196,62581,0.65,3,787158,787329,A48874,31,top5,top50-60,"e being, in degrees of Perfection, much more remote from the infinite Being of GOD, than we are from the lowest state of Being, and that which approaches nearest to nothin","t; God owed us nothing but Wrath; but we owe<br />many Millions of Talents to his infinite Justice. In a<br />Word, it is free, in Opposition to, all Motives from<br />without God himself. There was nothing about us,<br />to move him to pity us, Ten thousand Things to move<br />him to destroy us. Upon what Condition in us could<br />God be moved to give his Christ to us, feeing our best<br />Condition, before he give",T,5
57961,0697300101,996813,997207,0.65,3,787158,787329,A48874,31,top5,top60-70,"e being, in degrees of Perfection, much more remote from the infinite Being of GOD, than we are from the lowest state of Being, and that which approaches nearest to nothin","in this<br />argument. It is indeed no wonder that we cannot fully<br />understand and explain these things: for as the angel<br />said to Daniel himself, (ver. 4 and 9.) though manyJhould<br />lrun to and fro, should inquire and examin into there<br />things, and thereby knowlegefhould be increased; yet the<br />fiill undcrfcanding of them is reserved for the time of the<br />end, the words are closed up, and fealed till the",N,2
59985,1190801700,5437,5781,0.648,3,787158,787329,A48874,31,top5,top60-70,"e being, in degrees of Perfection, much more remote from the infinite Being of GOD, than we are from the lowest state of Being, and that which approaches nearest to nothin","the Grace and Mercy of God in Christ,<br />nor enfltae the Heart with Love to God, nor fantifie<br />it, nor overcome the World; for this is by a right Efli-<br />mate of Things in the Heart; whereby it manifestly ap-<br />pears, that Heavenly Things do infinitely out-weigh.<br />Earthly Things, and Ihould do so in the Minds of Men.<br />No Implicit Belief can effe&tt thi",T,2
66081,0416601400,30426,30815,0.645,3,787158,787329,A48874,31,top5,top60-70,"e being, in degrees of Perfection, much more remote from the infinite Being of GOD, than we are from the lowest state of Being, and that which approaches nearest to nothin","ence<br />it is that instead of our hearing this fundamental<br />doctrine preached in our churches, and proclaim-<br />ed, as it ought to be, upon the house-tops; we<br />hear it rather exploded as a most absurd notion<br />and quite irrational; to suppose that God can<br />accept us, either without any regard to our good-<br />ness, or before we have done any good to recom.<br />mend us to his favour: or that he will accept",N,2
67331,0927300801,121481,121893,0.644,3,787158,787329,A48874,31,top5,top60-70,"e being, in degrees of Perfection, much more remote from the infinite Being of GOD, than we are from the lowest state of Being, and that which approaches nearest to nothin","ones; but we always meet with God in our<br />Search after there, and this puts a Stop to our fur-<br />ther Knowledge; for God is an infinite Being, and<br />if we compare the whole Universe with him, it<br />will be found almost nothing.-In our Search after<br />pbyfical Causes, we should not be over follicitous<br />to determine every thing in which Experiment will<br />not assist us; for we never cn be certain of the<br />Truth of such Discover",M,2
71254,0649400200,156972,157358,0.642,3,787158,787329,A48874,31,top5,top60-70,"e being, in degrees of Perfection, much more remote from the infinite Being of GOD, than we are from the lowest state of Being, and that which approaches nearest to nothin","Mat-<br />ter in the Bowels of the Earth, there<br />being nothing else but a conltant Series<br />of Generations and Corruptions every-<br />where. Whether Want of Cogitation<br />or atual Thinking would destroy the<br />Soul, is not so manifest to us, who<br />have not so clear Ideas of the Soul, as<br />we can have of Matter. What the<br />Powers of Matter are, we may have a<br />tolerable Notion of; but what those of<br />the Soulare",N,5
82461,0100901900,84631,85009,0.636,3,787158,787329,A48874,31,top5,top70-80,"e being, in degrees of Perfection, much more remote from the infinite Being of GOD, than we are from the lowest state of Being, and that which approaches nearest to nothin",", the truth of most things which<br />cannot be demonstrated. But the existence of<br />£pirit and deity was never one of those things.<br />Of this I am certain, from consciousness, from<br />reason, from demonstration. But I have often<br />,doubted the real exifgence of matter; for this<br />I have not even the testimony of my senses,<br />only prejudice and inftind. It is only such a<br />philosopher as our inf",T,2
83194,0561700300,69645,69982,0.635,3,787158,787329,A48874,31,top5,top70-80,"e being, in degrees of Perfection, much more remote from the infinite Being of GOD, than we are from the lowest state of Being, and that which approaches nearest to nothin","ness infinite would wean the mind,<br /><br />By strange vicissitudes and endless strife,<br />From Earth's dull joys, to happiness refin'd<br /><br />In the pure regions of eternal life-<br />Where crowns of glory for the good await,<br /><br />Whose dazzling splendor, to our eyes unknown,<br />Shall far surpass the eastern monarch's state<br /><br />'Mid all the gaudy glitter of his thro",N,2
83954,0055701102,32593,32898,0.635,3,787158,787329,A48874,31,top5,top70-80,"e being, in degrees of Perfection, much more remote from the infinite Being of GOD, than we are from the lowest state of Being, and that which approaches nearest to nothin","our A&ions from the GODS, reply'd, "" that<br />' it was impossible ; since they were privy to our<br />"" mos secret :uhts.""<br />'<br />HE us'd often to fay, thi'_the greatei Thing<br />in the World was Spacee b/caufe it contain'd<br />all Beings within it; that the'flrongeft was Ne-<br />cejity, because it overcame evxery Thing; that<br />the",N,2
94911,0814400201,35310,35677,0.63,3,787158,787329,A48874,31,top5,top70-80,"e being, in degrees of Perfection, much more remote from the infinite Being of GOD, than we are from the lowest state of Being, and that which approaches nearest to nothin","âmes encore<br />Bossey quelquesniois. Nous y fûmes conin<br /><br />n nous représente le premier homme en-<br />ore dans le paradis terrestre, mais ayant<br />essé d'en jouir; c'était en apparence la<br />me situation, et en effet une toute autre<br />anière d'être. L'attachement, le respect,<br />intimité, la confiance, ne liaient plus les<br />èvesàleurs guides; nous ne lesregardions<br />us comme des dieux qui",T,5
96169,0298102400,24212,24595,0.629,3,787158,787329,A48874,31,top5,top70-80,"e being, in degrees of Perfection, much more remote from the infinite Being of GOD, than we are from the lowest state of Being, and that which approaches nearest to nothin","ying the mind intensely about earthly<br />things, even when it may be our duty, has a tendency<br />to divert the channel of our affetions from that course<br />marked by God. All God's people without exception<br />give a preference to spiritual enjoyment, above every o-<br />ther; therefore, fays the pfalmilt,"" When many fay, who<br />will (hew us any good ? Lord, lift upon me the light of<br />thy countenance ,",N,2
99848,1603200400,115247,115587,0.628,3,787158,787329,A48874,31,top5,top80-90,"e being, in degrees of Perfection, much more remote from the infinite Being of GOD, than we are from the lowest state of Being, and that which approaches nearest to nothin","our Souls, and th'e Time and Oppor-<br />tunities and all the other Means which God as-1<br />fords us to that end, render that matter incon-<br />teftabl .<br /><br />Without doubt therefore, God expects from<br /><br />one who has been long Habituated~ to a couirfe of<br />Godliness·, that he thould Im extraor~dinarily<br />watchful,and that he ihould extraordinarily fore;<br />arnt hm",N,2
104106,0126102000,31103,31479,0.626,3,787158,787329,A48874,31,top5,top80-90,"e being, in degrees of Perfection, much more remote from the infinite Being of GOD, than we are from the lowest state of Being, and that which approaches nearest to nothin","and<br />Earth is always, and every where<br />open. It is not in the power of<br />our most malicious Enemies to shut<br />it up they can neither hinder the<br />Aspirations or Ascent of a pious<br />Soul towards Heaven, nor prevent<br />God's gracious Visits and Commu-<br />nications to such a one. When his<br />Children are ihut up in Prisons and<br />Dungeons, or are banilh'd at the<br />greatest ditlance from their earthly",N,2
107276,0333700600,43700,44065,0.624,3,787158,787329,A48874,31,top5,top80-90,"e being, in degrees of Perfection, much more remote from the infinite Being of GOD, than we are from the lowest state of Being, and that which approaches nearest to nothin","ible that all is imperfect that is within<br />Is a ftep, another ftep to our ac- us, faith, charity, hope, dread.<br />ceptance with God, which will thoughts, words, and works, and<br />terminate, but not before a sus- therefore not apt to merit, and de-<br />ficient process, and the practice serve any part of our juflification<br />of every human, social, and divine for us. The 3d part",T,5
107473,1144900600,2934,3324,0.624,3,787158,787329,A48874,31,top5,top80-90,"e being, in degrees of Perfection, much more remote from the infinite Being of GOD, than we are from the lowest state of Being, and that which approaches nearest to nothin","some divine Revelation. a<br /><br />A N D since, as St. Paul here quotes his<br />Countryman Aratus, We are the Offspring<br />of God, what can be so suitable to the Good-<br />ness, so agreeable to the rendernefs of our<br />heavenly Father, as to recover his own loft<br />Offspring, and ranlom his captivated Progeny?<br />to grant them a gracious Revelation, and<br />teach them what by Nature and Reason they<br />could not discover ?",T,2
112475,0631901000,69537,69913,0.622,3,787158,787329,A48874,31,top5,top80-90,"e being, in degrees of Perfection, much more remote from the infinite Being of GOD, than we are from the lowest state of Being, and that which approaches nearest to nothin","e under-<br />flanding of all things pofible ;-and Scientia vifionis,<br />called libera et definita, or the knowledge which God<br />from Eternity had of all that he was to produce, are<br />confidered as comprehending all that c;un be known.<br />THE condition of the human-race entered into that<br />one Decree, which, embracing at once the end and the<br />means, ordained from Eternity, with perfet wisdom",N,5
0,0053500400,145990,146358,0.825,1,786240,786402,A48874,37,top5,top5," the Animal and Vegetable Kingdoms, are so nearly join'd, that if you will take the lowest of one, and the highest of the other, there will scarce be perceived an","Kingdoms are so nearly joined,<br />""that, if you will take the lowest of one<br />""and the highest of the other, there will<br />"" scarce be perceived any great Difference<br />"" between them ; and so on, till we come<br />""to the lowest and the most inorganical<br />""Parts of Matter, we shall find, every-<br />"" where, that the several Species are link-<br />"" ed together, and differ but in almost in-<br />""",P,2
1,1015500300,715621,716054,0.825,1,786240,786402,A48874,37,top5,top5," the Animal and Vegetable Kingdoms, are so nearly join'd, that if you will take the lowest of one, and the highest of the other, there will scarce be perceived an","in the vegetable and animal tribes belong-<br />ing to the earth, and have discovered that the lowest of<br />the animal species and the highest of the vegetable approx-<br />imate so near to each other, that the difference betweenk<br />the two can scarcely be perceived; but this is the very<br />summit of their researches; they are unable to trace the<br />connection of things any further, and reft satisfied in ad-<br />mitting that<br /><br />The chain continues, but its",P,2
2,1168600400,28429,28832,0.794,1,786240,786402,A48874,37,top5,top5," the Animal and Vegetable Kingdoms, are so nearly join'd, that if you will take the lowest of one, and the highest of the other, there will scarce be perceived an","ach to animals; and that this similarity, as well as the<br />difficulty of fixing the precise boundaries by which. these two great.<br />kingdoms of nature are limited, are diret. cbnfequences of the or-<br />ganization of vegetables. It. is owing to their organic flruaure<br />alone, that plants and animals are capable of affording reciprocal<br />nourishment to each other. This organic firuaure, though greatly<br />diversified",M,2
3,1741200102,141008,141430,0.791,1,786240,786402,A48874,37,top5,top5," the Animal and Vegetable Kingdoms, are so nearly join'd, that if you will take the lowest of one, and the highest of the other, there will scarce be perceived an","vegetable kingdoms seem to<br />be so essentially separated, that we cannot even imagine<br />the leaR approximation of the one to the other. Thlole<br />naturalilts, indeed,, who have foppofed the ditiuaion<br />between animals and vegetables to consist in any thing<br />else than what we have already mentioned, have found<br />themselves greatly embarrassed, and have generally<br />agreed, that it was extremely difficult, if not impolfible,<br />to fetttle",T,2
4,1739400201,381489,381916,0.791,1,786240,786402,A48874,37,top5,top5," the Animal and Vegetable Kingdoms, are so nearly join'd, that if you will take the lowest of one, and the highest of the other, there will scarce be perceived an","the animal.<br /><br />First then, feeing vegetables draw their nourish-<br /><br />ment from minerals, and animals derive theirs from<br />vegetables, the bodies which conititute these three<br />kingdoms seem to be generated.the one by the other,<br />in a manner that determines their natural rank.<br /><br />Secondly, this disposition procures us the advan-<br /><br />tage of tracing the principles, from their source in<br />the mineral kingdom, down to the last combinations<br />into",M,2
196,0211502500,66717,67060,0.739,1,786240,786402,A48874,37,top5,top0-10," the Animal and Vegetable Kingdoms, are so nearly join'd, that if you will take the lowest of one, and the highest of the other, there will scarce be perceived an",".<br />timent de la pensee ! Et avec combien d' es.<br />forts les etres d'une nature relative, & pour<br />ainfi dire, moyenne, ne tendent.ils point a s'unir,<br />lans pouvoir jamais passer la ligne -infurmon.<br />ta.le qui les fepare! Sans cette juste gradation<br />entre les differentes creatures, les unes pour.<br />roient.elles etre foimifes aux autres & toutes a<br />tri ?",M,5
1240,0860700200,346810,347119,0.711,1,786240,786402,A48874,37,top5,top0-10," the Animal and Vegetable Kingdoms, are so nearly join'd, that if you will take the lowest of one, and the highest of the other, there will scarce be perceived an","s, plutôtqu'un corps de mar-<br />chands opulens & faftueux ? Où les meurs les plus<br />pures prévalent-elles dans les Etats-unis? Où les<br />habicans vivent-ils plus heureux & plus égaux?<br />N'eft ce pas dans les parties intérieures où l'agricul.<br />ture donne la fanté & l'abondance, & où le com.<br />merce eft à peine connu? Dans",N,2
1251,0951100401,307514,307887,0.711,1,786240,786402,A48874,37,top5,top0-10," the Animal and Vegetable Kingdoms, are so nearly join'd, that if you will take the lowest of one, and the highest of the other, there will scarce be perceived an","m ; and so on till we come to the very lowest in<br />' organical parts of matter, we Iiall find every where<br />""that the several species are linked together, and dif-<br /><br />ser but by almost insensible degrees; And'when we<br />"" confider the infinite power and wisdom of the crea-<br />""tor, we have reason to think that it is suitable to<br />""the magnificent harmony of the universe, and th'e<br />""gre",M,2
2132,0302000802,162849,163237,0.703,1,786240,786402,A48874,37,top5,top0-10," the Animal and Vegetable Kingdoms, are so nearly join'd, that if you will take the lowest of one, and the highest of the other, there will scarce be perceived an","y, the bulk at least of its members, contribute<br />by their personal exertions to the creation of this<br />produce. What can be more desirable and just,<br />than that the produce itself flould, with ome de-<br />gree of equality, be shared among them ? What<br />more injurious, than the accumulating upon a few<br />every means of superfluity and luxury, to the total<br />deflrution of the ease, and plain, but plenti",N,2
2757,0357700201,642723,643108,0.699,1,786240,786402,A48874,37,top5,top0-10," the Animal and Vegetable Kingdoms, are so nearly join'd, that if you will take the lowest of one, and the highest of the other, there will scarce be perceived an","lion --<br /><br />And as that regular Diverlity which we fee<br />in the Forms of Nature, and especially in<br />the Bodies of Animals, could not be from any<br />blind Principle either of Necessity or of Chance;<br />so in the last Place, that Subordination which<br />we fee in the Parts of Nature, and Subser-<br />viency to one another, the less Noble to the<br />more Noble, the Inanimate to the Animate,<br />and all Things upon",M,2
4484,0117000300,302304,302663,0.69,1,786240,786402,A48874,37,top5,top10-20," the Animal and Vegetable Kingdoms, are so nearly join'd, that if you will take the lowest of one, and the highest of the other, there will scarce be perceived an",", Dwarfs, Monsters, &c: of-which<br />our first Discoverers pretended it to be full, we have<br />found none'for this Ioo Years past. That People may<br />have eaten one another (as Mr. Salmon justly observes)<br />driven to it by Famine, may possibly be true; but 'tis<br />hard an Inflance or two of this Nature, should be<br />thought sufficient to denominate a whole Country Can-<br />nibal",N,2
7317,0540302100,316796,317216,0.682,1,786240,786402,A48874,37,top5,top10-20," the Animal and Vegetable Kingdoms, are so nearly join'd, that if you will take the lowest of one, and the highest of the other, there will scarce be perceived an","with a cabbage at the top; an<br />improvement certainly not of such consequence as the<br />former, becanfe it cannot answer any purpose either<br />of cheapness or goodness, to put cabbages farther out<br />of our reach than they were before. It hows, how-<br />ever, as well as the other infances mentioned, that a<br />complete revolution has taken place in the vegetable<br />world; and that we may soon expec to cover our<br />tables with the richest and",T,2
8783,1637600500,147298,147592,0.678,1,786240,786402,A48874,37,top5,top10-20," the Animal and Vegetable Kingdoms, are so nearly join'd, that if you will take the lowest of one, and the highest of the other, there will scarce be perceived an","s Acnt suffi claires<br />que s'il n'y avoit rico du tout de ce<br />côté-là: ~Celles d'enhaut , quoi<br />que fermies du c6th du Jardin,<br />font percies de taint de fenétres,<br />qui'elles ne font guCre moins clai-<br />res que si elles 6toient tout à fa~it ou.<br />vertes; ces fenitres font moitic<br />quarrées oblongues , mais",N,5
8992,1406300902,221982,222270,0.678,1,786240,786402,A48874,37,top5,top10-20," the Animal and Vegetable Kingdoms, are so nearly join'd, that if you will take the lowest of one, and the highest of the other, there will scarce be perceived an","les hommnes ausçsi dbélicats sont rare.s ?<br /><br />Je pluis graind nombhre , aui contraire , nous<br />regardant commne des miachines destinde.s à les<br />amulser un mroment , se LAtant dle remiplic un<br />objet grossier et réfroidi; repus, nous laissent<br />en proie W des fAnmmie dévoralntes : d'au~tres,<br />se pi",T,5
10727,0745800501,2234748,2235098,0.674,1,786240,786402,A48874,37,top5,top10-20," the Animal and Vegetable Kingdoms, are so nearly join'd, that if you will take the lowest of one, and the highest of the other, there will scarce be perceived an","getes, illic veniunt fielicius uvwe.<br />Every Soil is not proper for all forts of Grain or Fruit; one ground is fit for Corn<br />another for Vines. And so it is in the tempers and dti/poftions of Children: Some are<br />more capable of one Excellency and Virtue than another, and some more ftrJn:ly in-<br />clined to one Vice than another: Which is a great Secret of",T,2
12569,1252700301,41693,42122,0.671,1,786240,786402,A48874,37,top5,top20-30," the Animal and Vegetable Kingdoms, are so nearly join'd, that if you will take the lowest of one, and the highest of the other, there will scarce be perceived an","prizing eminence without the least affifance<br />from a foreign education.<br /><br />IT is observed, that the difference between the several<br />species in the scale of beings is but just sufficient to preserve<br />their diftination; the highest of one Order approaching so<br />near to the lowest of the other, that the gradation is hard<br />to be determined; as the colours of the rainbow, thro' an<br />infinite variety of shades, die away into each other imper",M,2
14303,0895600300,104093,104520,0.669,1,786240,786402,A48874,37,top5,top20-30," the Animal and Vegetable Kingdoms, are so nearly join'd, that if you will take the lowest of one, and the highest of the other, there will scarce be perceived an","herself, and which leads us to overlook the circum-<br />stances of smaller importance, and to direct our attention<br />solely to general views.<br /><br />The vegetable kingdom, in common with the animal, live,<br />grow, and, I would venture to alledge, in a certain degree<br />feel. But you have all surely observed, that every animal<br />without external impulse, spontaneously performs certain mo-<br />tipns, and'thefe are done with a wife and useful purpose",M,2
15253,0991800100,69624,70042,0.667,1,786240,786402,A48874,37,top5,top20-30," the Animal and Vegetable Kingdoms, are so nearly join'd, that if you will take the lowest of one, and the highest of the other, there will scarce be perceived an","very bad quality be properly<br />improved, and brought to the highest degree of produc-<br />tivenefs of which it.is susceptible, it will be more than<br />as one hundred to one.<br /><br />Hence then it follows, that if all the arable land in<br />this kingdom had been laid down to grass at once, a<br />very great diminution f the quantity of human food<br />produced in this island must immediately ensue; and<br />though no augmentation in the number of the",T,2
15767,1231800700,89783,90158,0.667,1,786240,786402,A48874,37,top5,top20-30," the Animal and Vegetable Kingdoms, are so nearly join'd, that if you will take the lowest of one, and the highest of the other, there will scarce be perceived an","so ordered as to<br />be a considerable benefit to it: so that<br />these, or even wider intervals, would be.<br />no loss of ground, as will be hewn.<br />The three-feet ridges, as we have seen,<br />produced very valuable crops of Lucerne,<br />and the fix-feet ridges will produce crops<br />in proportion. The crops of other veget-<br />ables raised upon. the intervals, will<br />therefore in proportion, be so much",T,2
20003,1080601500,72644,72956,0.662,1,786240,786402,A48874,37,top5,top20-30," the Animal and Vegetable Kingdoms, are so nearly join'd, that if you will take the lowest of one, and the highest of the other, there will scarce be perceived an","de vue que ces réquifitions de toute<br />nature indiquent que les atteliers immenfes<br />qu'ils ont montés par-tout, pour faire des<br />habits, des chemiles & des fouliers, ne leur<br />fuflifcnt p.s encore. Leurs efforts mênme<br />pour extraire tout le falpêtre du royaume,<br />prouvent qu'il elf devenu rare; & M. de<br />M... dit qu'il n'e",N,5
25069,1105100402,233802,234090,0.657,1,786240,786402,A48874,37,top5,top30-40," the Animal and Vegetable Kingdoms, are so nearly join'd, that if you will take the lowest of one, and the highest of the other, there will scarce be perceived an","effet l'unique mobile<br />de la réunion des deux fexes, ne fuffit pour-<br />tant pas pour former une liaifon entr'eux;<br />& que, s'il eft précédé du defir qui rappro-<br />che, il n'eft pas moins fuivi du dégoût qui<br />repouffe ? C'eft une loi de la nature, que l'a-<br />mour feul peut changer; & de l'amour, en",T,5
27890,0052801000,81516,81886,0.654,1,786240,786402,A48874,37,top5,top30-40," the Animal and Vegetable Kingdoms, are so nearly join'd, that if you will take the lowest of one, and the highest of the other, there will scarce be perceived an","riety of discordant and contrary Princi-<br />ples; Light and Darkness, Pleasure, and<br />Pain, Good and Evil. There are multifa-<br />rious Natures, higher and lower, and ma-<br />ny intermediate ones between the wide-<br />distant Extremes. These are differently<br />situated, variously adjusted, and fubje&ed<br />to each other, and all of them fubardiaate<br />to the Order and Perfetion of the Whole.<br />We",M,2
27971,0541600600,184710,185127,0.654,1,786240,786402,A48874,37,top5,top30-40," the Animal and Vegetable Kingdoms, are so nearly join'd, that if you will take the lowest of one, and the highest of the other, there will scarce be perceived an","nature with the whole and differs only in<br />quantity; for this fort of division has no refpeEt<br />to the qualities of things, but to their relative<br />quantities only. But when a certain nature or<br />quality belonging to any body, is produced from<br />the union of ieveral other bodies, each of<br />different qualities, here arise a ground of divi-<br />lion of a different fort, which has no regard to<br />quantities, wholes, or parts, but mere",M,2
29210,1095900103,286813,287147,0.653,1,786240,786402,A48874,37,top5,top30-40," the Animal and Vegetable Kingdoms, are so nearly join'd, that if you will take the lowest of one, and the highest of the other, there will scarce be perceived an","place, in the Criticks, tom. 6.)<br />io in the parable of the muftard-feed, some objec-<br />tion has been made against that being called the least<br />of all feeds; whereas not only the cyprefs-tree (as her-<br />balifts fay) hath a smaller feed (as being, for its lit-<br />tlenefs, not, without straining the fight, discernable)<br />but poppy and rue yield (",T,2
33448,0165900100,23948,24284,0.65,1,786240,786402,A48874,37,top5,top30-40," the Animal and Vegetable Kingdoms, are so nearly join'd, that if you will take the lowest of one, and the highest of the other, there will scarce be perceived an","vegetable earths.<br /><br />It would take up too much room to enumerate<br />their different kinds; and much more the various<br />other species of earth, mentioned by chemical<br /><br />writers;<br />· Ca!smne, Tutty, &c. are cakes of zinc.<br /><br />writers-; -many of wich are onlyospoun dsoof<br />.those which have -been mentioned. What has<br />been -laid on this subjet is amply fu",T,2
38685,0985800600,17297,17639,0.646,1,786240,786402,A48874,37,top5,top40-50," the Animal and Vegetable Kingdoms, are so nearly join'd, that if you will take the lowest of one, and the highest of the other, there will scarce be perceived an","envoyer leurs denrées au marché,<br />les laifferent en confequence invendues. C'efi pourquoi<br />les affaires languirent dans plufieurs parties de l'union,<br />de fort que en ne confiderant que du côté du commerce,<br />les effets de la maladie dont il eft queftion, on peut dire,<br />que le choc qu'elle a caufé s'eft fait reffentir jufqu'aux<br />extremités les plus",N,5
40626,0846100101,65866,66256,0.645,1,786240,786402,A48874,37,top5,top40-50," the Animal and Vegetable Kingdoms, are so nearly join'd, that if you will take the lowest of one, and the highest of the other, there will scarce be perceived an",", as to require nice attention to discover the one<br />from the other; it also ascends and sinks in the air nearly<br />in the same manner: but it has little or no song, which<br />gives estimation to the sky-lark. J. JOHNSON.<br /><br />King Richard II. Vol. VIII. p. 188. To follow Dr.<br /><br />Farmer's note.<br />Bacon elsewhere glances at the same transaction. "" And<br />"" for your comparison with Richard II. I see you follow",N,2
46897,0092500102,403312,403691,0.642,1,786240,786402,A48874,37,top5,top40-50," the Animal and Vegetable Kingdoms, are so nearly join'd, that if you will take the lowest of one, and the highest of the other, there will scarce be perceived an","holding by the roots of trees, to<br />animate the beads with shouts, till they at once tart<br />down the declivity.<br /><br />There are indeed some places, where these declivities<br />are not on the fides of precipices; but the road is so<br />narrow and hollow, and the fides so nearly perpendicu-<br />lar, that the danger is almost equal to the former; for<br />the track being scarce wide enough to admit the mu",T,2
50358,0292400500,373334,373726,0.64,1,786240,786402,A48874,37,top5,top40-50," the Animal and Vegetable Kingdoms, are so nearly join'd, that if you will take the lowest of one, and the highest of the other, there will scarce be perceived an","a year<br />in the open air, mou!dering towecrs preferring their forms<br />for centuries after they cease to be inhabited: these fIriking<br />objects declare that gentle and divine gradation which nature<br />evidently aeas' in all her external works.<br />The moral world moves in an higher order than the natural,<br />but in a similar ratio: one reason governing both. States,<br />kingdors, and empires have -heir growth,",M,2
50893,0506700600,755,1071,0.639,1,786240,786402,A48874,37,top5,top40-50," the Animal and Vegetable Kingdoms, are so nearly join'd, that if you will take the lowest of one, and the highest of the other, there will scarce be perceived an","-<br />7the impossibility of vegetation, ~fc. being ref ored by<br />Chance--4thly, from the propagation of animals, ex-<br />emplified in birds, beafls, iegts.-73ie Calamities, to<br />which the human race is exposed, would be deflruEive of<br />the species, without the intervention of Providence-in-<br />fanced in 'dieases- PeJilence-- Famine",M,2
61630,1390800400,1803,2153,0.634,1,786240,786402,A48874,37,top5,top50-60," the Animal and Vegetable Kingdoms, are so nearly join'd, that if you will take the lowest of one, and the highest of the other, there will scarce be perceived an","and multiplying, naturally pre-<br />se~r acq~uaintance in their alliances; and thus<br />in civil as in natural plantations, the branch-<br />es of families come to intermingle and their<br />roots to run one into another.<br /><br />Now as mutual affeation between man-<br /><br />kind is contrat~ed by the nearner~s, and in-<br />creased by the number of their relations;<br />s~o of courf'e is it",M,2
66192,0131904400,103476,103835,0.632,1,786240,786402,A48874,37,top5,top50-60," the Animal and Vegetable Kingdoms, are so nearly join'd, that if you will take the lowest of one, and the highest of the other, there will scarce be perceived an","will ever be a Problem and a<br />Riddle to the carnal Mind; Out of the<br />Eater came forth Meat, alnd out of the<br />Strong came forth Sweelnefs.<br /><br />XXV. ANOTHER Example of<br />Industry is to be found in almost every.<br />Field and Garden, and meets the Eye of<br />Man, as a living Memento to improve his<br />Time, whenever he strays abroad. The<br />unwearied ANT collects her necefiary<br />Store",N,2
68448,0327901000,20330,20681,0.631,1,786240,786402,A48874,37,top5,top50-60," the Animal and Vegetable Kingdoms, are so nearly join'd, that if you will take the lowest of one, and the highest of the other, there will scarce be perceived an","air vrai que ce qui eft bien fenti.<br /><br />Hommes de Lettres, foyons fûrs<br />que les moeurs entretiennent la fenfi-<br />bilité & ajoutent aux talens; mettons<br />nous en garde contre notre fiécle;<br />n'allons point chercher la nature dans<br />le coeur des gens du monde, & la ré-<br />putation dans les cercles. Laiffons à<br /><br />des hommes blafés leurs expreffions<br />forcées & précieufes",T,5
70943,0161001900,130550,130933,0.63,1,786240,786402,A48874,37,top5,top50-60," the Animal and Vegetable Kingdoms, are so nearly join'd, that if you will take the lowest of one, and the highest of the other, there will scarce be perceived an","lick to each other wherever they<br />happen to touch, and in those parts of the web<br />most exposed to be torn, our natural artist<br />firengthens them, by doubling the threads some-<br />times fix fold.<br />Thus far naturalists have gone in the defcrip-<br />tion of this animal; what follows is the result of<br />my own observation upon that species of the in-<br />sec called an lo-ufe-Spider. I perceived about<br /><br />I",T,2
72469,0159301700,318637,318980,0.63,1,786240,786402,A48874,37,top5,top50-60," the Animal and Vegetable Kingdoms, are so nearly join'd, that if you will take the lowest of one, and the highest of the other, there will scarce be perceived an","ties, that none is exatly ' like another.<br /><br />What is not discovered by the help of microscopes g in the<br />finalleft feeds ! But how much virtue and efficacy i has God<br />put in them by one single k word, by which he seems to have<br />given plants a fort of immortality ! Let the earth bring forth'<br />,rafs =, and the herb 1 yielding 0 fled p, &c.<br /><br />Is there",T,2
74047,0493301300,7868,8231,0.629,1,786240,786402,A48874,37,top5,top60-70," the Animal and Vegetable Kingdoms, are so nearly join'd, that if you will take the lowest of one, and the highest of the other, there will scarce be perceived an","all parts of the animal oeconomy, by.'.<br />which, I hope, it may appear to have a realfounda-<br />tion in nature, which no mere hypothesis can have.<br /><br />As I find no author to produce in confirmation<br />of several things here advanced; I have no incli-<br />nation to. quote or refute fich, as have thought dif-<br />ferently on these Jubjes s: fbr every attempt to-<br />wards the. difovery",T,2
76507,0598700700,62114,62492,0.628,1,786240,786402,A48874,37,top5,top60-70," the Animal and Vegetable Kingdoms, are so nearly join'd, that if you will take the lowest of one, and the highest of the other, there will scarce be perceived an","will find the truer<br />perverseness and that you have entered at then:<br />end, though unwilling to acknowledge it this<br />sions endless disputes, and renders it difficult tt<br />tinguifls the right end of the path: it is a seura<br />perpetual differing, and sometimes of a final fl<br />tion, in this garden. Near this ipot may be met<br />a knotty plant, called obfJlincy, which bearsa<br />bitter fruit, that",N,2
84011,0509700200,113580,113883,0.625,1,786240,786402,A48874,37,top5,top60-70," the Animal and Vegetable Kingdoms, are so nearly join'd, that if you will take the lowest of one, and the highest of the other, there will scarce be perceived an","get:<br />Splcndcte, 0 reges! - rcgum mifcrcisiius ultro,<br /><br />Duin forte ll'c licitum eli infcriorc fiui.<br /><br />( 176 )<br /><br />IX.<br />Our portion is not large indeed;-<br />But then, how little do we need?<br /><br />For nature's calls are few.-<br />In this the art of living lies,<br />To want no more than may fuffice,<br /><br />And make that little do.<br /><br />X",T,2
85431,0800401000,27963,28291,0.625,1,786240,786402,A48874,37,top5,top60-70," the Animal and Vegetable Kingdoms, are so nearly join'd, that if you will take the lowest of one, and the highest of the other, there will scarce be perceived an","s,<br />nots arriverons à des conséquences incontestables. Si ""u<br />coin raire il y a erreur, en rcsumant,en rapprochant nies pro.<br />positions, l'erreur sera plus sensible &- plus facilcment relevée.<br /><br />I~~ ~ Le<br /><br />( 17)<br />Le produit de toutes les Antilles, en 1791, pouvoit être<br />estimé à 400 millions tournois, & leur culture est susceptible<br />d",N,5
90375,0413000101,8252,8603,0.623,1,786240,786402,A48874,37,top5,top60-70," the Animal and Vegetable Kingdoms, are so nearly join'd, that if you will take the lowest of one, and the highest of the other, there will scarce be perceived an",", the land becomes more unequal, and con-<br />sips of spacious levels, interfperled with easy rife-<br />ings; which graduailly advancing in height to-<br />wards the welt, terminate in a range of lofty<br />mountains, that form, as it were, a chain, whicl<br /><br />VOL. I. B runs<br /><br />runs throuout the continent of Nort erica<br />runs throughout the continent of North America,<br />at the",T,2
105395,0042001303,170140,170420,0.618,1,786240,786402,A48874,37,top5,top70-80," the Animal and Vegetable Kingdoms, are so nearly join'd, that if you will take the lowest of one, and the highest of the other, there will scarce be perceived an","ignanc<br />l'IEgliTf du côrc du Nord, & un petit ruifleau noimil!? Al/a;, a<br />l'Occident. Le coté Occidental de l'Eglife a 76 pieds de front ; lc<br />corps de l'édifice conflile en une nef & deux ai!cs à chaque côté, cou-<br />vertes de plomb, le haut die la nef plafonné & lambriiff de chêIne d",N,5
106712,0282000101,4091,4392,0.618,1,786240,786402,A48874,37,top5,top70-80," the Animal and Vegetable Kingdoms, are so nearly join'd, that if you will take the lowest of one, and the highest of the other, there will scarce be perceived an","doivent être & non tels<br />qu'ils font. Afin/ ces<br />Contes peu modeJtes, où<br />l'on neje donne pasJou-<br />vent la peine de mettre<br />une gaze legere aux di-<br />cours les plus libres e<br />où l'on voit à chaquepa-<br />ge desjoui/jancesfnies &<br />manquées , pajferont à<br />coup fur de mode avant<br />qu'ilfoit peu.<br /><br />'Mous ferez eétonnée<br />q",T,5
107751,1245800100,529877,530287,0.618,1,786240,786402,A48874,37,top5,top70-80," the Animal and Vegetable Kingdoms, are so nearly join'd, that if you will take the lowest of one, and the highest of the other, there will scarce be perceived an","in proportion as<br />any one body of the former species is heavier or lighter<br />than a body of the fame magnitude of the latter, which<br />is the fame in effect with the firll part of my assertion,<br />Let us now compare bodies of the fame weight, but<br />of diffrent magnitudes; and then it will appear that<br />the specific gravities of there bodies, that is, of the<br />several species to which they belong, will be recipro-<br />cally as",N,2
120667,0256700200,90344,90699,0.614,1,786240,786402,A48874,37,top5,top70-80," the Animal and Vegetable Kingdoms, are so nearly join'd, that if you will take the lowest of one, and the highest of the other, there will scarce be perceived an","polous and abundant in Cattle. This could<br />not be effected by any Plague, or pestilential<br />Air, by Lightening, or any other such Means,<br />because it would have indiscriminately de-<br />flroyed Men and Beasts, and not singled out<br />the firf-born; and therefore it required an<br />almighty Power, as well as an infinite Know-<br />ledge, to inflict such a Punishment, as this,",T,2
122404,1612301400,4776,5112,0.613,1,786240,786402,A48874,37,top5,top70-80," the Animal and Vegetable Kingdoms, are so nearly join'd, that if you will take the lowest of one, and the highest of the other, there will scarce be perceived an","coarser Sorts of<br />1Vialconfumed by the Populace: or poorer<br />Sorts of People (whro, as it is their chief<br />Subliftence, cat by m~uch the greatcit Part<br /><br />a o<br /><br />of the Brcad consumed ia theCe King<br />doms) have been chie~fly composed of and<br />ground down from Horfe-corn, by which<br />there mull evidently have been a propor-<br />tionable kfis Consumption of",N,2
126838,0292700300,91718,92067,0.612,1,786240,786402,A48874,37,top5,top80-90," the Animal and Vegetable Kingdoms, are so nearly join'd, that if you will take the lowest of one, and the highest of the other, there will scarce be perceived an","and INHU-<br />MANITY. It ought to be detested arid abolified by a<br />brave and generous people; I do not know - even on a<br />groundof interefl-that Planters would be sufferers. If the<br />propensities of nature now secure the propagat:on of the<br />species, the very tenderneti of a MAher may induce her<br /><br />F2 t<br /><br />to destroy an infant destined to Slavery. The praaice<br />is",N,2
133158,1190000401,217087,217447,0.611,1,786240,786402,A48874,37,top5,top80-90," the Animal and Vegetable Kingdoms, are so nearly join'd, that if you will take the lowest of one, and the highest of the other, there will scarce be perceived an","Increase or Diminution in the Number of<br />those ihe lays: She does not distinguish between her own<br />and thole of another Species; and when the Birth ap-<br />pears of never so different a kind, will cherilh it for her<br />own. In all these Circumfiances which do not carry<br />an immediate Regard to the Subsistence of her felfor<br />her Species, Ihe is a very Idiot.<br /><br />The<br /><br />- ,_<br />_",M,2
137318,0633901500,663847,664197,0.61,1,786240,786402,A48874,37,top5,top80-90," the Animal and Vegetable Kingdoms, are so nearly join'd, that if you will take the lowest of one, and the highest of the other, there will scarce be perceived an","; out of which<br />(at the End thereof) the Gog and Magogis to arise.<br />lut in this, here lies a greater Difficulty to me,<br />than in the Exposition which I have given.<br />Therefore, if all these things be duely confider'd<br />and laid together, it doth look to be more pofible<br />2nd lilely, that the Gog and Magog Army will<br />consist and be made up of the number of all",N,2
137719,1019701400,27736,28073,0.609,1,786240,786402,A48874,37,top5,top80-90," the Animal and Vegetable Kingdoms, are so nearly join'd, that if you will take the lowest of one, and the highest of the other, there will scarce be perceived an","is found necefTary to such a confitution,<br />as is inclinable to live, and feed, on less<br />food; and at the fame time, are far infe-<br />rior to the latterj in the quantity, as well<br />as quality of their mutton; so that the<br />grazier, by: fipporting a greater number<br />of those theep, which produce the finer<br /><br />wool<br /><br />- [ 29 ....]<br />wvool, may be able upon",T,2
143741,1311001300,4233,4577,0.608,1,786240,786402,A48874,37,top5,top80-90," the Animal and Vegetable Kingdoms, are so nearly join'd, that if you will take the lowest of one, and the highest of the other, there will scarce be perceived an","society. When all the founda-<br />tions of a great buldil~ng fink uniformly, the<br />symmetry of the parts is not injured; the<br />pressure on each member remnains~ as it was;<br />no rupture is made: the buildinlg will not be<br />so lofty, but it may fland; on a better bottom.<br />It does not require an oracle to inform us<br />(though an oracle has s~aid it) that riches",N,2
0,0176800700,694482,694886,0.847,2,786441,786651,A48874,32,top5,top5," on till we come to the lowest and the most inorganical parts of Matter, we shall find every-where, that the several Species are linked together, and differ but in almost insensible degrees. And when we conside","so nearly joined, that if you<br />will take the lowest of one, and the highest of the other,<br />there will scarce be perceived any great difference be-<br />tween them: and so on until we come to the lowefd<br />and the mot inorganical parts of matter, we shall find<br />every where that the several species are linked together,<br />and differ but in almot insensible degrees. Andwhen<br />we confider the infinite power and wisdom of",P,5
1,0053500400,145990,146358,0.833,2,786441,786651,A48874,32,top5,top5," on till we come to the lowest and the most inorganical parts of Matter, we shall find every-where, that the several Species are linked together, and differ but in almost insensible degrees. And when we conside","Kingdoms are so nearly joined,<br />""that, if you will take the lowest of one<br />""and the highest of the other, there will<br />"" scarce be perceived any great Difference<br />"" between them ; and so on, till we come<br />""to the lowest and the most inorganical<br />""Parts of Matter, we shall find, every-<br />"" where, that the several Species are link-<br />"" ed together, and differ but in almost in-<br />""",P,5
2,0107900200,138137,138514,0.815,2,786441,786651,A48874,32,top5,top5," on till we come to the lowest and the most inorganical parts of Matter, we shall find every-where, that the several Species are linked together, and differ but in almost insensible degrees. And when we conside","the lowest of one, and<br />' the highest of the other, there will scarce be per-<br />ceived'any great Difference between them : And' so<br />on till we come to the lowefl and the molt indogani-<br />cal Parts of Matter; we shall find every Where that<br />' the several Species are linked together, and differ but<br />' in almost insensible Degrees. And when we confi-<br />' der the infinite Power and Wisdom",P,5
3,0468002200,157955,158303,0.81,2,786441,786651,A48874,32,top5,top5," on till we come to the lowest and the most inorganical parts of Matter, we shall find every-where, that the several Species are linked together, and differ but in almost insensible degrees. And when we conside","d'un<br />animal, font également immatérielles; mais<br />l'une a fait un pas de plus que l'autre vers<br />la perfedibilité; & voilà ce qui conltitue<br />fon état actuel, mais qui toutefois peut<br />changer.<br /><br />Nous penfons enfuite que tous les aftres<br />& que toutes les planetes font habités:<br />mais que rien de ce que l'on voit , de ce<br />qu'on fent dans l'un ne 'e trouve dans",M,5
4,0603000601,126982,127333,0.807,2,786441,786651,A48874,32,top5,top5," on till we come to the lowest and the most inorganical parts of Matter, we shall find every-where, that the several Species are linked together, and differ but in almost insensible degrees. And when we conside","ent entre elles, formant<br />des combinaifons diverfes. En effet, c'eft une erreur<br />de croire que la matière foit un corps homogène,<br />& dont les parties ne diffèrent entre elles que par<br />leurs différentes modifications. Parmi les individus<br />que nous connoiflons, dans une même efpèce, il<br />n'en eft point qui fe reffemblent. exatement; & cel<br />doit être ainfi, la",M,5
213,0584400107,451725,452125,0.761,2,786441,786651,A48874,32,top5,top0-10," on till we come to the lowest and the most inorganical parts of Matter, we shall find every-where, that the several Species are linked together, and differ but in almost insensible degrees. And when we conside","species of intelligent<br />creatures above us, thlan there are of sensible and ma-<br />telial below us, is probable to me from hence: that in<br />all the visible corporeal world we see no chasms, or no<br />gaps. All quite dowin from us the descent is by easy<br />steps, and a continued series of things, that in each re-<br />move differ very little one from the other. There are<br />fishes'that have wings, and are not strangers",P,5
1309,0229100104,629556,629971,0.73,2,786441,786651,A48874,32,top5,top0-10," on till we come to the lowest and the most inorganical parts of Matter, we shall find every-where, that the several Species are linked together, and differ but in almost insensible degrees. And when we conside","ities. At whatever distance we suppose<br />the next order of beings to be above man, there is room<br />for an intermediate order of beings between them; and if<br />for one order, then for infinite orders; since every thing<br />that admits of more or less, and consequently all the parts<br />of that which admits them, may be infinitely divided. So<br />that, as far as we can judge, there may be room in the<br />vacuity between any two steps of",M,5
1335,0239100100,388307,388704,0.73,2,786441,786651,A48874,32,top5,top0-10," on till we come to the lowest and the most inorganical parts of Matter, we shall find every-where, that the several Species are linked together, and differ but in almost insensible degrees. And when we conside","fecticn much more remote from the infinite Being of<br />God, than we are from the lowest State of Being,<br />and that which approaches nearest to nothing. And<br />yet of all those diftinft Species, we have no clear di-<br />ftinct Ideas. In this System of Being, there is no<br />Creature so wonderful in its Nature, and which so<br />much deserves our particular Attention, as Man,<br />who fills up the middle Space between the",M,5
2325,0584200403,40226,40598,0.719,2,786441,786651,A48874,32,top5,top0-10," on till we come to the lowest and the most inorganical parts of Matter, we shall find every-where, that the several Species are linked together, and differ but in almost insensible degrees. And when we conside","in such<br />an endless Fund of Matter. I find you are furprized a<br />ihis Discourse; but as your Reason tells you there are<br />infinite Parts in the smallest Portion of Matter, it will<br />likewise convince you, that there is as great a Variety<br />of Secrets, and as much Room for Discoveries in a Par.<br />tide no bigger than the Point of a Pin, as in the Globe<br />of the whole Earth. Your Micro",N,5
2875,0437300300,585459,585831,0.714,2,786441,786651,A48874,32,top5,top0-10," on till we come to the lowest and the most inorganical parts of Matter, we shall find every-where, that the several Species are linked together, and differ but in almost insensible degrees. And when we conside",". When we exa-<br />mine into the Nature of any thing, - the Division must not<br />be made into too many, or too general Members; for by this<br />means diftin& Things wou'd be confounded together. Thus<br />flou'd any one, who was about to inquire into the Nature ot<br />all the Bodies which are known to us, divide them into tholi<br />which are in this our Earth, those without it, and then, with-",N,5
4724,1117900500,24571,24950,0.703,2,786441,786651,A48874,32,top5,top10-20," on till we come to the lowest and the most inorganical parts of Matter, we shall find every-where, that the several Species are linked together, and differ but in almost insensible degrees. And when we conside","telles incartades, il est bon dc<br />vous faire connoître les difl-rentes<br />espèces d'adversaires avec qui vous<br />pouvez avoir à faire. On peut lcs<br /><br />diviser en trois classes: les Athées<br />ou Matérialistes, qui n'admettent<br />qu'une substance dans l'Univers,<br />dont toutes les parties du monde, les<br />planctes, les hommes, les animaux, et<br />les plantes sont autant de différentes<br />modifications : les",M,5
7737,1699800108,3104899,3105233,0.691,2,786441,786651,A48874,32,top5,top10-20," on till we come to the lowest and the most inorganical parts of Matter, we shall find every-where, that the several Species are linked together, and differ but in almost insensible degrees. And when we conside","very great distance; in<br />confequtnce- of which, the.air, and all<br />bodies in it, gravitate towards the earth,<br />and towards each other, agreeably to the<br />appearances at the surface of it: that this<br />-ether likewise pervades the pores of all<br />bodies, aind lies hid in'them ; and whilit<br /><br />. tbe,bodies, .with this fluid in them, are<br /><br />undisturbed",N,5
9216,1026800102,5468547,5468901,0.687,2,786441,786651,A48874,32,top5,top10-20," on till we come to the lowest and the most inorganical parts of Matter, we shall find every-where, that the several Species are linked together, and differ but in almost insensible degrees. And when we conside","unto which,<br />if it te answered, that those Species are loft, it is a<br />Thing which will scarce be admitted by many; for<br />though it may be granted, that some few Species<br />were loft, yet it seems next to an Inpomfibility, that a<br />whole Genus, of which there were so many Species<br />scattered in so many far distant Places frno oiie another,<br />ihould be utterly extint",T,5
9496,0817500403,77347,77637,0.686,2,786441,786651,A48874,32,top5,top10-20," on till we come to the lowest and the most inorganical parts of Matter, we shall find every-where, that the several Species are linked together, and differ but in almost insensible degrees. And when we conside","conrradiatoi<br />qu'il exifkc quclque chore au-delà de roui<br />ci uin mot , je ne crois qu'à la nature.<br /><br />Frcind.<br />Et fi je vous difilis qu'il n'y a point de n<br />turc, & que ldalis nous , autour de nous.<br />mnlle millions de lieues de nous , tout cl ar;<br />fals aucune exception ><br /><br />iirtoi<br /><br />Birron.<br />Comment ?",T,5
11086,0249000200,104767,105168,0.682,2,786441,786651,A48874,32,top5,top10-20," on till we come to the lowest and the most inorganical parts of Matter, we shall find every-where, that the several Species are linked together, and differ but in almost insensible degrees. And when we conside","whose withes more deep,<br />more fervent than thole of either, though blended<br />with the winds, and dispersed in the immensity<br />of space, yet found a path through both to hover<br />over bis head ! It is, however, the peculiar dif-<br />advantage of certain Societies to be bound too<br />closely to each other: and, consequently, to give<br />to either the good or bad habits that prevail in<br />the body at large a treble power of",N,5
12854,1490700500,60485,60797,0.678,2,786441,786651,A48874,32,top5,top20-30," on till we come to the lowest and the most inorganical parts of Matter, we shall find every-where, that the several Species are linked together, and differ but in almost insensible degrees. And when we conside","co nme la ,lus difBcile de toutes<br />celles qu:i ont pou; b;ut imnitation des<br />cor-ps animés.<br /><br />Mbialgrd toutes ces diffHcultis , nous<br /><br />croycors cependant que les hommes<br />doués d'un ta&t très-fin ac d'organies bien<br />conformés, out pu dans tout les temps,<br />par l'étude continuelle de la nature , &r<br />f'ans autre moyen acce",T,5
14554,0046700900,27951,28332,0.675,2,786441,786651,A48874,32,top5,top20-30," on till we come to the lowest and the most inorganical parts of Matter, we shall find every-where, that the several Species are linked together, and differ but in almost insensible degrees. And when we conside","can. This,<br />however, amounts to no difference in kind;<br />and the difference that we fee among other<br />animals in these refpets, is as great as that<br />which subsists between us and the highest of<br />them; the oyster, for example, and the ele-<br />phant. Consequently, it would be natural to<br />conclude that one fate awaits us all, the fupe-<br />rior kinds of animals as well as the inferior,<br />and man as",M,5
15351,0157001400,416658,417001,0.674,2,786441,786651,A48874,32,top5,top20-30," on till we come to the lowest and the most inorganical parts of Matter, we shall find every-where, that the several Species are linked together, and differ but in almost insensible degrees. And when we conside","ir, que<br />c'eft precifement a cause de cette Inegalite de Com-<br />merce, qu'il nous eft avantageux de baiffer, des a<br />present, fans differer; plufieurs Circonftances qu'on<br />va raporter, ferviront a le prouver.<br /><br />11 faut convenir, que les Variations fur les Efpeces<br />ont contribue confiderablement a empecher la Per-<br />mutation reciproque des Marchandifes",N,5
15888,0934400200,2305,2673,0.673,2,786441,786651,A48874,32,top5,top20-30," on till we come to the lowest and the most inorganical parts of Matter, we shall find every-where, that the several Species are linked together, and differ but in almost insensible degrees. And when we conside",", that I have not placed them<br />in better Order, and that Things of like Matter are not<br />joyned together. Truly, there are so many of so divers<br />and undry Sorts, and contrary Effeis, that it could not<br />be altogether observed. And in mny 7udgement, through<br />the Strangeness and variety of Matter, it will be more<br />dcfirouJy and delightfully read, knowing we are maa ojf<br />such a",N,5
19124,0548900201,373640,373970,0.667,2,786441,786651,A48874,32,top5,top20-30," on till we come to the lowest and the most inorganical parts of Matter, we shall find every-where, that the several Species are linked together, and differ but in almost insensible degrees. And when we conside","Body: Yet of 153 Parts, 152 are<br />volatile, and being distilled, would<br />have been collefted into Liquor.<br />Hence also appears the great and<br />unexpe&ted Variety in the Propor- I<br />tion of the earthly Parts, as well<br />as the Principle of, Bodies. Or<br />elte, that there are divers Kinds<br />of Earths even in Plants, of vhich; '<br />as well as of Salts,",N,5
23332,0940000401,439829,440194,0.662,2,786441,786651,A48874,32,top5,top30-40," on till we come to the lowest and the most inorganical parts of Matter, we shall find every-where, that the several Species are linked together, and differ but in almost insensible degrees. And when we conside","intercourse, which<br />has opened all nations to each other, is shut<br />by frozen seas or by imrenfe deserts. Man-<br />kind have found out the abodes of mankind<br />in searching for gold and silver, not from a<br />thirst of knowledge: it is Philosophy which<br />has explored shores and wildernesses where<br />knowledge alone is to be found. M. Gme-<br />lin, M. Pallas, Muller, Steller, and Kralke",N,5
25784,0030500100,73690,74083,0.659,2,786441,786651,A48874,32,top5,top30-40," on till we come to the lowest and the most inorganical parts of Matter, we shall find every-where, that the several Species are linked together, and differ but in almost insensible degrees. And when we conside","bodies that approach each. other. Their<br />particles and pores are formed to pene-<br />trate with more or less ease. And this<br />difference in the formation of their inter-<br />nal parts occasions the eleEiive attractions,<br />as the different formation of the external<br />parts occasions a difference in the degree<br />of cohf.ion.<br /><br />VIi I. Eile1rical attradion has been al-<br />ready confidered, when speaking of the<br />come",N,5
25890,0406200102,2499212,2499582,0.658,2,786441,786651,A48874,32,top5,top30-40," on till we come to the lowest and the most inorganical parts of Matter, we shall find every-where, that the several Species are linked together, and differ but in almost insensible degrees. And when we conside","the impossibility of coming to 'a final<br />Division of the least Particles of every<br />Body; that which it takes from Aftro-<br />nomy, for the Sphere, and the Motions<br />either of' the Heavens or of the Earth,<br />which make the Days and the Years,<br />and that in some other Matters it dif-<br />covers several Truths: The Study e-<br />ven of the obfcureft Matters in Phyfick,<br />hath its usefulness in",N,5
27002,1138100700,26749,27159,0.657,2,786441,786651,A48874,32,top5,top30-40," on till we come to the lowest and the most inorganical parts of Matter, we shall find every-where, that the several Species are linked together, and differ but in almost insensible degrees. And when we conside","must fay, that it fills the in-<br />finite Spaces with its corporeal Extension;<br />where then must we find out new Spaces for to<br />place in all other Bodies. According to the<br />Hypothesis I am speaking of, the Existence<br />of all other Bodies would be impossible, for<br />want of Room for them; for two corporial<br />Substances being both impenetrable, drive<br />eaeh other from the fame Space. This is what<br />that Philosophical Scepticis",N,5
29906,0059100100,163451,163815,0.654,2,786441,786651,A48874,32,top5,top30-40," on till we come to the lowest and the most inorganical parts of Matter, we shall find every-where, that the several Species are linked together, and differ but in almost insensible degrees. And when we conside","ure and<br />'gross, so that we can neither won-<br />der at the Inequality of its' Surface,<br />'or its want'of Transparency. In the<br />'Fusion of homogeneous' Bodies, we<br />'find they only become polished and<br />'lucid as their Particles in Proportion<br />'resemble each other in Make and<br />Weight, so that they descend equal-<br />'ly, and mix intimately with each<br />other. But when this necessary",N,5
34488,0425900300,88070,88474,0.65,2,786441,786651,A48874,32,top5,top40-50," on till we come to the lowest and the most inorganical parts of Matter, we shall find every-where, that the several Species are linked together, and differ but in almost insensible degrees. And when we conside","with any pro-<br />priety, affected our reasonings on men and quadrupeds, where we knew<br />they actually existed, and where their function appears to be as certain as<br />their existence. All that we have gained by the discovery of these vessels,<br />ill amphibious animals, birds, and fishes, is the proof of the simplicity and<br /><br />unifonnity<br /><br />uniformity of nature, in doing the same thing, in all the different classes of",T,5
35972,0591901100,51699,52016,0.648,2,786441,786651,A48874,32,top5,top40-50," on till we come to the lowest and the most inorganical parts of Matter, we shall find every-where, that the several Species are linked together, and differ but in almost insensible degrees. And when we conside","ce; and that, SubiRance; and they<br />are undoubtedly diJfint and many in Number;<br />yet, nevertheless, there Parts or -Canfituevts being<br />iipartable, all Self-exifient, and essentially and in-<br />separably conneted and united, and being all t0o<br />gether so conne&ed and united, the Ground or Suk<br />il2 of an individual Unity of Per",N,5
41108,1044901300,31956,32305,0.644,2,786441,786651,A48874,32,top5,top40-50," on till we come to the lowest and the most inorganical parts of Matter, we shall find every-where, that the several Species are linked together, and differ but in almost insensible degrees. And when we conside","-- that all in this Machine we spy,<br />Earth, Sea, and Air, - and vast Expanit of Sky,<br />Are like some Strucure of Mechannic Art,<br />Constant the whole, but varying ev'ry Part.<br /><br />What is, has been, and must again enfiu<br />Nothing in Nature is entirely New;<br />That - void of Limits is th' JEtherial Space,<br />WhereWorlds like ours, and numberlcfs,have Placc'<br /><br />He said",N,5
43598,0044504300,19982,20355,0.642,2,786441,786651,A48874,32,top5,top40-50," on till we come to the lowest and the most inorganical parts of Matter, we shall find every-where, that the several Species are linked together, and differ but in almost insensible degrees. And when we conside","the<br />whole Earth together into one amicable Society: Pacis<br />Indolem filus homo ftelligit, fays the Civilian. Man<br />of all other Creatures knows only belt how to Culti-<br />vate and Improve those several Duties and Obligations<br />which may procure and preserve a mutual Good Under-<br />flanding and Amity. Therefore fays Quitilia, De-<br />clam. 9. Natura prater ctera animalia induit Cfiris<br />pe",T,5
44231,0570200100,846331,846719,0.642,2,786441,786651,A48874,32,top5,top40-50," on till we come to the lowest and the most inorganical parts of Matter, we shall find every-where, that the several Species are linked together, and differ but in almost insensible degrees. And when we conside","That it is impoflible for one or all the Planets to suppress<br />the Properties of Nature; as that a Child which is born<br />under a frowning Planet should never laugh. A cold Pro-<br />perty in Planets vainly asserted. The Peripatetic Principle,<br />that no Planet, the Moon excepted, changes Property, but<br />by regard of Place. TheOpinionofothers, that all Planets<br />are favourable in their Kind, but forced",N,5
54446,0258800900,13353,13702,0.635,2,786441,786651,A48874,32,top5,top50-60," on till we come to the lowest and the most inorganical parts of Matter, we shall find every-where, that the several Species are linked together, and differ but in almost insensible degrees. And when we conside","be as<br />one fold, and one fiepberd (a), the Jirjl happy, and the nmofl<br />harmonious Family in the WORLD,<br /><br />Initead of this, Sir, there seems, at present, to be little else<br />but firife and discord to be found either at home or abroad;<br />and notwithstanding the Earth is loaded with the rich boun-<br />. ties of a kind and indulgent PARENT, we are almost ripe for",N,5
58594,0704500500,189396,189779,0.632,2,786441,786651,A48874,32,top5,top50-60," on till we come to the lowest and the most inorganical parts of Matter, we shall find every-where, that the several Species are linked together, and differ but in almost insensible degrees. And when we conside","we take a firvcy only<br />of the animal World, or extend our view to the vail-<br />circle of Creation, we fiall every where fee abundant<br />Reason to be of opinion that Inequality is as it were the<br />universal Law of Nature; scarcely fliall we find a single<br />Animal but what differs in foine respect not only from<br />others of the fame Genus, but even from those of the<br />lamne Species with-itfelf; And",M,2
60453,0365000300,73539,73943,0.631,2,786441,786651,A48874,32,top5,top50-60," on till we come to the lowest and the most inorganical parts of Matter, we shall find every-where, that the several Species are linked together, and differ but in almost insensible degrees. And when we conside","for inflance, that every part of a<br />Circle is equally difiant from the Center; this<br />Proposition does not hang in fisptence, then to<br />be acually verified when the things shall exist<br />in Nature, but is at present acually true, as<br />a&ually true as ever it will or can be; and<br />consequently I may thence infer, that the things<br />themselves already are. There is no neceflity,<br />I confess, they should exist in Nature,",N,5
62651,0258400600,71531,71915,0.63,2,786441,786651,A48874,32,top5,top50-60," on till we come to the lowest and the most inorganical parts of Matter, we shall find every-where, that the several Species are linked together, and differ but in almost insensible degrees. And when we conside","-<br />mony amongst all the colours of the piece,<br />that scarce any one of them can be said<br />to clash with another.<br /><br />AFTER all, it is no way surprising, that<br />we ihould, by means of this contrivance,<br />discover, what otherwise we might justly de-<br />fpair of ever being acquainted with. We<br /><br />cannot<br /><br />cannot look directly at any objec, that is<br />not surrounded by so many others, all darting<br />their rays",N,5
64039,0574501300,147995,148406,0.629,2,786441,786651,A48874,32,top5,top50-60," on till we come to the lowest and the most inorganical parts of Matter, we shall find every-where, that the several Species are linked together, and differ but in almost insensible degrees. And when we conside","of Theseus. Strabo's Geograph. Lib. XVII.<br /><br />[T] Some difficulties, equally futile and unreasonable, have<br />likewise been flarted against the probability of that account,<br />which derives the whole race of mankind from one common tfock,<br />notwithltanding the diversity of complexion, and the separation<br />of country; but atual observation hath ascertained that climate<br />and local circumstances are sufficient to account for",N,2
65302,0678400100,412267,412632,0.628,2,786441,786651,A48874,32,top5,top60-70," on till we come to the lowest and the most inorganical parts of Matter, we shall find every-where, that the several Species are linked together, and differ but in almost insensible degrees. And when we conside","Common Ra-<br />tional Nature, or Intelligent Substance.<br /><br />Now, This I do not Think Impossible: For<br />God can, of His Infinite Wisdom and Power,<br />Create a Spirit futably Qualifi'd, and Unite it to<br />Three Diitind Human Bodies, so as it may Per-<br />form in each of them all these Vital and Ra-<br />tional Adions, that Three Diftinc Souls of<br />*Men do ordinarily in their Diitind Bodies;",N,5
67443,0268201102,198845,199158,0.627,2,786441,786651,A48874,32,top5,top60-70," on till we come to the lowest and the most inorganical parts of Matter, we shall find every-where, that the several Species are linked together, and differ but in almost insensible degrees. And when we conside","in all Symetries and Proportions, Sizes, Sea-<br />tures, Figures, and Complexions alike) is also so<br />offnded with diversity of Thoughts, Opinions,<br />Fancies, or u tdgments diffcring. Fortho' we are<br />all of d;ferent Airs, and Features, and Shapes, yet<br />we all continue to be Men ; and tho' we may differ in<br />many Plunfilio's",T,5
74365,1417700500,177265,177593,0.623,2,786441,786651,A48874,32,top5,top60-70," on till we come to the lowest and the most inorganical parts of Matter, we shall find every-where, that the several Species are linked together, and differ but in almost insensible degrees. And when we conside","nd room for the various and ahrlioff in-<br />numerable fplecies of all the animal creation, . each of<br />them being at leafs as produftive as the human race,<br />and eqlually exempt from decay and death--fh~all we<br />hot be canipelled to acklnowledge that: death was in fa~t<br />the neceflary and inevitable consequence of humin and<br />a~i~mal~ exIi",T,5
75243,0006601500,169873,170278,0.623,2,786441,786651,A48874,32,top5,top60-70," on till we come to the lowest and the most inorganical parts of Matter, we shall find every-where, that the several Species are linked together, and differ but in almost insensible degrees. And when we conside","n together and become one Tooth;<br />but whether the Rjidimnita, which have not as yet appeared<br />without the Jaw, do ever expel these which have appeared, and<br />succeed them, is the queflion; no Experiment yet being made<br />concerning the Produdion of those in this Animal. The period<br />ot the Time that Elcfbarts live, and the Age of this we treat of<br />being unknown, we can give no positive determination in this Mat.",N,5
79553,0114600500,335677,336013,0.621,2,786441,786651,A48874,32,top5,top60-70," on till we come to the lowest and the most inorganical parts of Matter, we shall find every-where, that the several Species are linked together, and differ but in almost insensible degrees. And when we conside","la<br />' physique eft celle, qu'on met le plus en<br />' parti, & qu'on abandonne le plus aux sup-<br />' positions de 1'esprit humain. Combien de<br />' systemes ne fait-on pas pour donner raison<br />' de ces apparences ? ce qu'il y a de rare, c'eft,<br />' qu'on en vient a but dans toutes, les hypo-<br />' theses, de forte qui la difference des unes<br />' aux autres ne",N,5
91643,1538400303,121121,121380,0.616,2,786441,786651,A48874,32,top5,top70-80," on till we come to the lowest and the most inorganical parts of Matter, we shall find every-where, that the several Species are linked together, and differ but in almost insensible degrees. And when we conside","idfiée, que<br />quand la conf6quence de fes liaisons peu<br />délicates eut injuirid fa f'antd. Danis ce mo-<br />ment, elle s'6tolt f6parde de fon·it; &t de-<br />puis ce temps, faI conduite n'avoit pas it6<br />propre à la faire re·venir 4 lui. Par degrgs ,<br />elle s'étoit femtie fup",N,5
92775,0310300400,652339,652718,0.615,2,786441,786651,A48874,32,top5,top70-80," on till we come to the lowest and the most inorganical parts of Matter, we shall find every-where, that the several Species are linked together, and differ but in almost insensible degrees. And when we conside","a wonderful Capacity.<br /><br />How far inferior, notwithstanding, are all the other<br />Animals to Man, and how divide is that Reason with<br />which he is endowed ! How many and how different<br />Objects does the Mind of Man comprehend at once,<br />or in the quickest Succeffiori! Starting from the nar-<br />row Bounds of the Body, in a Moment it reaches to all<br />the surrounding Obje6ts: It runs over Plains,",T,5
93569,0605600300,57814,58103,0.615,2,786441,786651,A48874,32,top5,top70-80," on till we come to the lowest and the most inorganical parts of Matter, we shall find every-where, that the several Species are linked together, and differ but in almost insensible degrees. And when we conside","& même la fin de leur<br />grand Cancellariat? C'eft ce qu'on ne<br />peut abfolument déterminer; & cette<br />oonfufion, qu'il n'eft pas poffible de<br />réduire à l'ordre, nous oblige de reve-<br />nir fur nos pas, pour en diminuer au<br />moins les ténebres.<br /><br />. X.<br />Archi-Chanceliers fous Charles-le-Gros.<br />LEs Hiftori",N,5
106195,0307701300,78484,78888,0.61,2,786441,786651,A48874,32,top5,top70-80," on till we come to the lowest and the most inorganical parts of Matter, we shall find every-where, that the several Species are linked together, and differ but in almost insensible degrees. And when we conside","tion;<br />for it seems that in the more perfect or<br />complicated, as man, whose sentient powers<br /><br />are<br /><br />( 83 )<br />are greatest, the vital are least; and we<br />believe this will hold good in gradation<br />with all the inferior animals, that, in pro-<br />portion as the sentient powers abound, the<br />vital diminish, and vice verfao<br /><br />This is strikingly exemplified in the<br />polypus, which has been observed to<br />regenerate into as many",T,5
107619,0399200202,595143,595566,0.609,2,786441,786651,A48874,32,top5,top70-80," on till we come to the lowest and the most inorganical parts of Matter, we shall find every-where, that the several Species are linked together, and differ but in almost insensible degrees. And when we conside","into the World.<br />Neither is there any thing incredible in<br />all this, nor contrary to Reason. For<br />even in the natural World, there are<br />many things in thenjelves so subtle, that<br />we cannot at all discern them with our<br />Eyes, which yet are very manifest and<br />very great in their Effes. The Wind<br />is a thing altogether invisible, and no<br />Man can behold its Motion, even when<br />it blows with the greatest Violence:<br />Yet that there is such",N,5
111752,1284500400,18899,19301,0.608,2,786441,786651,A48874,32,top5,top80-90," on till we come to the lowest and the most inorganical parts of Matter, we shall find every-where, that the several Species are linked together, and differ but in almost insensible degrees. And when we conside","corpuscles, to answer one<br />mighty intention of nature, the propagation<br />of salts through the universe.<br /><br />Even the notion of an analysation at sea<br />has obtained, and that more or less of an<br />acid spirit is constantly ascending in the va-<br />pour: which the extreme corrosiveness of<br />sea air, in more southerly climates, destroy-<br />ing very soon all metals and stony bodies,<br />gives ground to conjecture.<br /><br />CHAP.<br /><br />CHAP",N,5
117078,1437400800,54731,54982,0.606,2,786441,786651,A48874,32,top5,top80-90," on till we come to the lowest and the most inorganical parts of Matter, we shall find every-where, that the several Species are linked together, and differ but in almost insensible degrees. And when we conside","idée qu'il avoit de la Ex.<br /><br />cult6é vifuielle , ne mricé;oieno<br />gruères d'8t·re defirds;. it mietroid<br />le rac't au niveaui de la vuie.<br />MPloins dificair·, f~es solutions pluis<br />faiivies éroienlt plus vraies , Sc<br />plusç étendues 4 fntant diff6trem-<br />anent les",N,5
120147,0384700500,778986,779335,0.605,2,786441,786651,A48874,32,top5,top80-90," on till we come to the lowest and the most inorganical parts of Matter, we shall find every-where, that the several Species are linked together, and differ but in almost insensible degrees. And when we conside","countcrpoifing each other, by some general Lau of Graitation. That if Bodies rte<br />bounded, those, within the Limit, would, by the Attration of one another, in Time, unite in the middle Space.<br />And herein it is observable, that L/nrs of Space appear as impible to Conception, as the imits ofTime, or of Exifence. For, thereisn:<br />Thought can imagine when",N,5
120721,0447900800,49816,50137,0.605,2,786441,786651,A48874,32,top5,top80-90," on till we come to the lowest and the most inorganical parts of Matter, we shall find every-where, that the several Species are linked together, and differ but in almost insensible degrees. And when we conside","s<br />fe penvent prendre les noms appellatifs & communs; il femble<br />qn'il devienne, en quelque fapon, inutile avant les norns, qui ne<br />pouvant designer qn'un objet a la fois, font par cela mnme incapables<br />de varier, poor ce qui regarde l'&tendue de leur signification. Ce-<br />pendant il n'est pas rare de voir ces noms pr&eceds de",N,5
126616,0034401100,31906,32306,0.603,2,786441,786651,A48874,32,top5,top80-90," on till we come to the lowest and the most inorganical parts of Matter, we shall find every-where, that the several Species are linked together, and differ but in almost insensible degrees. And when we conside","Planets so<br />abundantly with every thing Necessary for the Support and Conti-<br />nuance of the numerous Races of Plants and Animals, they are<br />rfocked with, has over and above provided a numerous Train of Co-<br />mets far exceeding the Number of Planets, to retify continually,<br />and restore their gradual Decay, which is our Author's Opinion<br />concerning them. For since the Comets are subjet to such une-<br />qual De",N,5
0,1317700800,12444,12712,0.805,8,1062917,1063091,A48874,24,top6-50,top5,"rd, to signifie nothing but *the joining or separating of Signs, as the Things signified by them, do agree or disagree one with another*; which way of joining or separating o","rd, v. to liit with, agree, unite.<br />Accord ance, J. agreement, friendship.<br />Accord ant, v. agreeable, consenting.<br />Accord ing, pr. agreeable to.<br />Accord ingly, ad.agreeably, consequently.<br />Acco'R ·i, . a. to addrers, salute.<br />Acco stable, v'. eaTy of acceis, free.<br />Accou nt,",N,5
1,0629301002,37619,37968,0.79,8,1062917,1063091,A48874,24,top6-50,top5,"rd, to signifie nothing but *the joining or separating of Signs, as the Things signified by them, do agree or disagree one with another*; which way of joining or separating o","rd or agreement, and the regimen or<br />governmeint of words.<br /><br />One word is said to agree with another, when it<br />is required to be in like cafe, number, gender, or<br />Derfon.<br /><br />One word is said to govern another, when it<br />caufeth the other to be in some cafe or mode..<br /><br />The prin.;ia palrts of a simple sentence are, the<br />sc:t, the at;;-iufe, and the objet ; as,",T,5
2,1538500100,1223387,1223633,0.783,8,1062917,1063091,A48874,24,top6-50,top5,"rd, to signifie nothing but *the joining or separating of Signs, as the Things signified by them, do agree or disagree one with another*; which way of joining or separating o","Co D rD Ea, dt-vIde'. v. n.<br /><br />T rr to fllnder:, to break; friendship,<br /><br />ToVIart , drv'b-d~tod r<br />D hre<br /><br />v<br /><br />t e part allotted in divifron ; divi<br /><br />Ari,,d is the number given to be parted or<br />divided.<br /><br />,<br /><br />DnranE, dd-vl'd~r. ~<br /><br />That which parts any thing",N,5
3,0821500101,977910,978306,0.777,8,1062917,1063091,A48874,24,top6-50,top5,"rd, to signifie nothing but *the joining or separating of Signs, as the Things signified by them, do agree or disagree one with another*; which way of joining or separating o","join'd or separated, according to the Agreement or Dilagree-<br />ment of the things they stand for. The Signs we chiefly use are either Ideas<br />or Words, wherewith we make either mental or verbal Propositions. Truth<br />lies in so joining or separating these Representatives, as the things they stand<br />for do in themselves agree or disagree; and Falflood in the contrary, as shall<br />be more fully lhew'd herea",P,5
4,1163400200,2698779,2699144,0.776,8,1062917,1063091,A48874,24,top6-50,top5,"rd, to signifie nothing but *the joining or separating of Signs, as the Things signified by them, do agree or disagree one with another*; which way of joining or separating o","with one another, the Significate being comprehend- according as it is unde~stood, and as it is reative to,<br />ed together with the Apparent, will be also appa- and dete~ive of, the Significate, is found to be in-<br />rent. For as Right and Left incurring to us together, exient, as we shewed before. Now either Sign is,<br />Right is not said to be more apparent than Left, or",M,5
313,0460101800,120564,120872,0.721,8,1062917,1063091,A48874,24,top6-50,top0-10,"rd, to signifie nothing but *the joining or separating of Signs, as the Things signified by them, do agree or disagree one with another*; which way of joining or separating o","81<br />G Erundia in Dliir pendent ab his Praepofitionibus,<br />Ifter, ante, ad, ob, propter; ut, Inter.canandum bi-<br />-.ares eJze.<br />IF a Word ends in (in?) being neither a Subftative,<br /><br />nor a Participle agreeing with one, and has these<br />Signs Betwreen, or At coming before it, the aforefaia<br />Signs are made in Latin by Int",N,5
2552,0507900102,205899,206223,0.679,8,1062917,1063091,A48874,24,top6-50,top0-10,"rd, to signifie nothing but *the joining or separating of Signs, as the Things signified by them, do agree or disagree one with another*; which way of joining or separating o","Words,<br />"" or obvious Circumffances, does plainly imply a De-<br />' nial of its belonging to any Part of its Person, or<br />to any Nature in it. For rho' I may affirm a Thing<br />"" of a Man that belongs only to a Part of him, yet<br />"" I cannot justly deny a Thing of him which belongs<br />' to one Part, because it belongs not to another. As<br />"" I",M,5
2585,0579400701,38446,38841,0.679,8,1062917,1063091,A48874,24,top6-50,top0-10,"rd, to signifie nothing but *the joining or separating of Signs, as the Things signified by them, do agree or disagree one with another*; which way of joining or separating o","decrces of union between<br />words, so as to enable us to divide them<br />properly ?- To this it may be answered,<br />that all words may be diftinguiffed into<br />those that modify, and those that are mo-<br /><br />D 2 dified;<br /><br />dified *; the words that are modified are the<br />nominative, and the verb it governs; every<br />other word may be said to be a modifier<br />of these words; the noun and verb being<br />thus distinguished from",T,5
4316,1349900600,28530,28816,0.667,8,1062917,1063091,A48874,24,top6-50,top0-10,"rd, to signifie nothing but *the joining or separating of Signs, as the Things signified by them, do agree or disagree one with another*; which way of joining or separating o","ative of the<br /><br />like Signification.<br /><br />AD~ATIVE.<br /><br />WI~ords that have the Sign to or for after them,<br /><br />govern a Dative ; tho' the Sign be not expressed.<br /><br />V~erbs signifying Prof/t.or Loss, Pleasu~re or<br /><br />DiJpleaJu~re, IfrufJ or Diti~ruf a Help, Hurt s Comz-<br />mandm, Serve ; Ok~y, Reff Z; govern a",N,5
5475,1518700500,587330,587725,0.661,8,1062917,1063091,A48874,24,top6-50,top0-10,"rd, to signifie nothing but *the joining or separating of Signs, as the Things signified by them, do agree or disagree one with another*; which way of joining or separating o","place below or under it for, the circle or border part r<br />therefore ; before the part upon; wherefore, for the above cause<br />or circle; because, by the cause or our own actions; that, the<br />fide or thing at or towards. The disjun&ives are or, the bor-<br />der or circle part, which may belong to the one fide or the<br />other ; nor, its negative or neither fide; either, the fide spring<br />water part, which may",N,5
8739,0845100101,202474,202799,0.649,8,1062917,1063091,A48874,24,top6-50,top10-20,"rd, to signifie nothing but *the joining or separating of Signs, as the Things signified by them, do agree or disagree one with another*; which way of joining or separating o","is of two kinds: I. 0-<br />riginal, virtual, and implied. 2. Expreft, and declard by<br />oaths or promises.<br /><br />The virtual or implied alligeance is that, which the sub-<br />jeC owes to his sovereign antecedently to any express pro-<br />mise, oath, or engagement: this is that, which the Cuflumer<br />de Normandie mentions cap. 1 3. Aliance & la lo",N,5
13861,0456100105,328352,328659,0.637,8,1062917,1063091,A48874,24,top6-50,top10-20,"rd, to signifie nothing but *the joining or separating of Signs, as the Things signified by them, do agree or disagree one with another*; which way of joining or separating o","tis<br />óap-v i- -&icv. And concerning the ftridt<br />and proper Meaning of this Word, Ers-<br />Ad-, there is a great Dispute among the<br />Criticks; but I think the most easy and<br />natural Sense of the Word, as well as the<br />most agreeable to thisPlace, is that of St.<br />ChryfoJfom, who fays, that is [;rwO<br />which is necessary w,",N,5
16695,0738901200,191043,191349,0.632,8,1062917,1063091,A48874,24,top6-50,top10-20,"rd, to signifie nothing but *the joining or separating of Signs, as the Things signified by them, do agree or disagree one with another*; which way of joining or separating o","' Son,<br /><br />If by iJYe d:' o'&v should be meant no difingl Personality, we Pampi.<br />shall both agree in rejeeting this Third Opinion, and so does Apol.<br />Origen too.<br /><br />But if idgYa, o :, V be taken, as I have render'd ir, (and it P'76<br />properly signifies ) for Subffance or Essence, then here the Con-<br />fubfltatiality",N,5
17028,1097900700,16295,16666,0.631,8,1062917,1063091,A48874,24,top6-50,top10-20,"rd, to signifie nothing but *the joining or separating of Signs, as the Things signified by them, do agree or disagree one with another*; which way of joining or separating o","Doing such dat aa are In-<br />consistent with the Holding, or Retaining of the Thinx ; which<br />the Commons take to be cie iprelnct Cale, andtheretore made<br />Choice of the Word Abdicate, as that which they thought<br />did, above all others, molt properly express that Meaning:<br />And in this latter Sence it is taken by Others, and that it is<br />the true Signification of the Word, I hall i",N,5
19817,0312600802,2164,2407,0.627,8,1062917,1063091,A48874,24,top6-50,top10-20,"rd, to signifie nothing but *the joining or separating of Signs, as the Things signified by them, do agree or disagree one with another*; which way of joining or separating o","v'juq Society, when the Community or Society do<br />Ir-. C!:ji Gil. not cohabit: And here the \Word Body, or Cor-<br />.nL.;. ipor:.rtion, is a generical Term ; fr it may pro-<br />l'i,:s2sqs; perly be so fltled, whether the dnembers there-<br />-G:,.j. i. in of",N,5
22559,0997900100,7970,8299,0.623,8,1062917,1063091,A48874,24,top6-50,top20-30,"rd, to signifie nothing but *the joining or separating of Signs, as the Things signified by them, do agree or disagree one with another*; which way of joining or separating o","tter part thereof, throw it n/ide as Anti-<br />nomian ; nor the other/fort, from looking only into theformer<br />part, thrown it aside as legal.<br /><br />In fine, rwhereas 1 have f/arcely ever been acquainted<br />'with any pralical comrpojure, of human product, Jo evange-<br />lical, in a thread mnore connef, and a method more exac',<br />than this; I equal",N,5
25301,0420603100,25604,25851,0.619,8,1062917,1063091,A48874,24,top6-50,top20-30,"rd, to signifie nothing but *the joining or separating of Signs, as the Things signified by them, do agree or disagree one with another*; which way of joining or separating o","y ddeddf, Ga. iv. 4. Danfonodd<br /><br />Duw<br /><br />[ 19]<br />Duw ei Fab wedi ei wneuthur o Wraig, wedi ei wneuthur<br />tan y ddeddf.<br /><br />P. 3. Darostyngiad CR.IST oedd yn sefyll yn ei ddio-<br />ddeSad o ofydiau'r bywyd hwn, E/a. liii. 3. dirmygedig<br />v\v, a dliyflraf or gwyr Go",N,5
26532,0962100100,509079,509297,0.618,8,1062917,1063091,A48874,24,top6-50,top20-30,"rd, to signifie nothing but *the joining or separating of Signs, as the Things signified by them, do agree or disagree one with another*; which way of joining or separating o","-?!, '<br />ft'irW, is to place the power.'-'?óez/d ';: . !i o<br />.fay boib- i's to' introduce two oppofit.:' ""'..!,<br />deciruEtive of each. other; whichi ;,' ,..i-t,<br />is to fay nothing. This Definition thcrec;re, ;;<br />itl now iands",N,5
27302,0835500600,67278,67511,0.617,8,1062917,1063091,A48874,24,top6-50,top20-30,"rd, to signifie nothing but *the joining or separating of Signs, as the Things signified by them, do agree or disagree one with another*; which way of joining or separating o","To Express<br />The Connecion and Dependence of<br /><br />Sentences.<br />Et '<br />Ac And<br />cue t<br />Aq; [<br />Ner; 5 Neither, nor<br />AL' |<br />AuI<br />i''d \ rLirher. Or,<br />Sive<br />Ni le<br />Nifi  lcfl<br />At<br />/hltem<br /><br />o · t ]gEut<br />n)ea<br />r.ei'o<br /><br />&ini<br /><br />i g.<br /><br />.t5aw<br />I<br />J1<br /><br />( 64 )<br />Nam<br />Namq, I<br />Er",N,5
32695,0127602500,12275,12637,0.611,8,1062917,1063091,A48874,24,top6-50,top20-30,"rd, to signifie nothing but *the joining or separating of Signs, as the Things signified by them, do agree or disagree one with another*; which way of joining or separating o","ed in that manner, or very like it;<br />and our dictionaries, when they speak of it<br />as a numeral, £eem to confirm this opinion:<br />besides this 1 fay, co is clearly a dirfin&<br />tingle charaaer, and is really as different<br />from D, as X is from V: for this likewise<br />may seem to be made by the joining of<br />two V's Let one above the other, with their<br />points turned towards each",T,5
38700,0720300100,117898,118228,0.606,8,1062917,1063091,A48874,24,top6-50,top30-40,"rd, to signifie nothing but *the joining or separating of Signs, as the Things signified by them, do agree or disagree one with another*; which way of joining or separating o","distemper ditty<br />dift6nd divan<br />distention dive<br />diftin& diverge<br />diftil, led divergent<br />diitillation diverse<br />distinct:. . div&rsify<br />distinction diversion<br />distinguish diversity<br />difinguifhable diverfly<br />diftorr div&rt<br />distortion dives<br />diftrfi: . div6ft<br />diftraftioh. divide<br />distrain dividend<br />diftr6fi divination<br />difribute divine<br />difribute",N,5
41900,0263700300,126796,127050,0.603,8,1062917,1063091,A48874,24,top6-50,top30-40,"rd, to signifie nothing but *the joining or separating of Signs, as the Things signified by them, do agree or disagree one with another*; which way of joining or separating o","The Participles.<br />Building, btik.<br />The.Verbs of the Third<br /><br />Conjugation end in<br />oir; as, devoir, re-<br />cevoir.<br /><br />To RECEIvE,<br />The- IDiCA'rlvE.<br />The Prefent Tenfe.<br />IRerei-e, itou receivjfl,<br />lbe ,e:iiveth; we recetie,<br />yr rereive, tkey receive.-<br /><br />The Preter-Imperfe&",N,2
42008,1141500100,1332279,1332523,0.603,8,1062917,1063091,A48874,24,top6-50,top30-40,"rd, to signifie nothing but *the joining or separating of Signs, as the Things signified by them, do agree or disagree one with another*; which way of joining or separating o","dtty.; which, is, a if he hadfaid,<br />""If any¥willthewNie the way,. lwill follow it wihal, my hcertY'<br />AX 'fxt-h. evidence'for one oear findingof. Cod,- is, to.be obcdir<br />ent to:tlhcountel of:ohers, 'and to take.direidLrrfrom them,<br />bor fb nmuch:Job'",N,5
43461,0469600400,1067433,1067679,0.602,8,1062917,1063091,A48874,24,top6-50,top30-40,"rd, to signifie nothing but *the joining or separating of Signs, as the Things signified by them, do agree or disagree one with another*; which way of joining or separating o","ait:r xi:ce error or dt feet shall have inter-<br />vAnttd: jiv;g 'ahelnjs unto intints,JeWle C.'<br />eits, rserir ns o,0n in.poJ tmentis; pertons In<br />nloiin, belocnd leasj or wtthout the United<br />States, the fight of brirging mny writ of error,<br />.or luit tor",N,5
48246,1330100400,31282,31586,0.598,8,1062917,1063091,A48874,24,top6-50,top30-40,"rd, to signifie nothing but *the joining or separating of Signs, as the Things signified by them, do agree or disagree one with another*; which way of joining or separating o","dioes not imply independent felfu<br />fuffiient~ existence in the ~creature, but onlyr a more noble and<br />exellent madne oaf existenc~e, and as so far from weakening the<br />arguinierit taken f~rockicreatiori, for the ex~iffence of a God, that<br />it `iEreng~thers~ it ex~ceedingy For the msrore gSod causes a creao<br />ru",N,5
54392,1683800104,389957,390275,0.594,8,1062917,1063091,A48874,24,top6-50,top40-50,"rd, to signifie nothing but *the joining or separating of Signs, as the Things signified by them, do agree or disagree one with another*; which way of joining or separating o",".rheie means.to give the mind<br />the least true light in this matter, till, by a presidus-<br />influence, akaogether ab~itradt from means, he gives ~the~<br />will a tak~e or relish for [omething, of wh~ich the mind·<br />as yet knows nothing. AR~ means, -the·efore, aRe·<br />rendered entirely uleleis as to any saving effed, and'<br />the prea",N,5
56379,1743600400,3333,3694,0.593,8,1062917,1063091,A48874,24,top6-50,top40-50,"rd, to signifie nothing but *the joining or separating of Signs, as the Things signified by them, do agree or disagree one with another*; which way of joining or separating o","ion ; (b) Diflintion the Mother of Multitude ;<br />Mulztitude and Number infer Relation ; which is the<br />SKnot and Confederation'of things different, by rea-<br /><br />son of Come (c) Reiped they bear unto each other. Thele Rela-<br />tions and Refpeds challenge Duties correspondent ; according as<br />they fland in' Diflance or Nearness, afar off or near conjoin'd.<br /><br />Of all Relations",T,5
63263,0405501700,12278,12600,0.589,8,1062917,1063091,A48874,24,top6-50,top40-50,"rd, to signifie nothing but *the joining or separating of Signs, as the Things signified by them, do agree or disagree one with another*; which way of joining or separating o",", Conjuncdion,<br />Interjedion and Preposition.<br /><br />Of the Noun.<br />'There is Substantive and Adjedive. A<br />Subifantive is which exprefles and iignifies a<br />thing subsisting of it self, without the help<br />of another Noun, as a House, Peter, &c.<br />.An Adjective signifies nothing of it self,<br />without being joined to a Substantive, as<br />W.zite,",N,5
66787,1401600500,23915,24197,0.587,8,1062917,1063091,A48874,24,top6-50,top40-50,"rd, to signifie nothing but *the joining or separating of Signs, as the Things signified by them, do agree or disagree one with another*; which way of joining or separating o",ity' a contlinuation of ediit-<br />ence w~ith our p~refeat assoc~iations of . the~ faciail kInjd. 'This<br />dtferves much anid frequent confide~rationi-it is iifuicient to<br />conlvert a person. The human hear~t is animnated by thec idca--<br />a comfortable idea. Luither held it. Seer hiis wtord:s,N,5
67354,0045900700,337529,337791,0.586,8,1062917,1063091,A48874,24,top6-50,top40-50,"rd, to signifie nothing but *the joining or separating of Signs, as the Things signified by them, do agree or disagree one with another*; which way of joining or separating o",""" (that i?, as before obfervel, on supposition of<br />its having nwced according to the Eftnfis of thincs) "" it<br />'"" fould be ilniade extiemely, remcdi!cnf, anid end-<br />"" lefti milLrabic'-- So th:at if our actions co;i-eofnd<br />to the fitne:l or thins the iiipremc anld ro'",N,5
79668,0995000300,16107,16422,0.58,8,1062917,1063091,A48874,24,top6-50,top50-60,"rd, to signifie nothing but *the joining or separating of Signs, as the Things signified by them, do agree or disagree one with another*; which way of joining or separating o","ly. The word (elsewhere) to what<br />it extends.<br /><br />C A P. XVIII.<br />Where Devifecs in Will fall take as Yoyntenants.<br />or as Tenants in Common. Equally to bc di-<br />vided. And a diver/ity observed. VVhere<br />those words make Yoyntenancy, or a Tenancy<br />in Common. A Devise to them and their<br />Heirs, and the longer liver of thesp to be",N,5
84576,1521301000,13236,13493,0.578,8,1062917,1063091,A48874,24,top6-50,top50-60,"rd, to signifie nothing but *the joining or separating of Signs, as the Things signified by them, do agree or disagree one with another*; which way of joining or separating o","Aaive~-; as, legor, I.<br />amt read;'Secondly, Deponenmt, that is not made<br />of- the Aa~ive, and signifies to do; ·as, loqluor,<br />Jido fpeak.l<br /><br />A Verb is declined ithree Ways~;<br />:First, through the principal Tenses, Present<br /><br />and PerfeR~l; econdly, through all the TM",N,5
86849,0717900400,80995,81263,0.577,8,1062917,1063091,A48874,24,top6-50,top50-60,"rd, to signifie nothing but *the joining or separating of Signs, as the Things signified by them, do agree or disagree one with another*; which way of joining or separating o","'als of joining with you in<br />'r oitljip it migh' easily be efle&Lcd<br /><br />especially your Law would be<br />2' rcciv'd by thofc Men among<br /><br />u., ,who have renQunced the Wo.;',i<br /><br />-:nd make no difference between iMe:':,<br />.or bctwecn the.diffrrent kincds of M,-i.<br />1The common Opinion h",N,5
89419,1309700200,420266,420589,0.576,8,1062917,1063091,A48874,24,top6-50,top50-60,"rd, to signifie nothing but *the joining or separating of Signs, as the Things signified by them, do agree or disagree one with another*; which way of joining or separating o","J. liii. Lviii. and lx.<br /><br />90. In priore a6dioni] A&io here signifies an aClion<br /><br />in law, or a process before a court, which confuted of<br />several parts; such as, 1. The summoning or citing<br />.the offending person to the court at the infiance of the<br />ador or plaintiff; and this they called in jus vacare.<br />s. The accufatio, or impe",N,5
90650,1460301400,36040,36305,0.575,8,1062917,1063091,A48874,24,top6-50,top50-60,"rd, to signifie nothing but *the joining or separating of Signs, as the Things signified by them, do agree or disagree one with another*; which way of joining or separating o","a is dlue to the analogy and resemblances<br />of the pres~ent discours~e, I freely fubmic: to my audi-<br />ence tojudge.<br /><br />I-come in the ftcond place to draw Com~e infer-<br /><br />En~rcs from theP foregoi;ng diicoulife.<br /><br />I. W~e obfierve that th-e golp~el mnrinitry is a very3<br /><br />facrr",N,5
92255,0910400400,125908,126216,0.575,8,1062917,1063091,A48874,24,top6-50,top60-70,"rd, to signifie nothing but *the joining or separating of Signs, as the Things signified by them, do agree or disagree one with another*; which way of joining or separating o","sion and Connexion of these Words<br />and having endeavoured to open, and explain<br />1; their meaning in a ihort Paraphrase, I propo-<br /><br />fed these three Heads of Discourse, viz.<br /><br />. To<br /><br />.,.t. , : = --<br />I. To explain unto you the Nature of Chri.<br /><br />ftianReconciliation, or what that implies,<br />.Il- The great i indift fae Ob",N,5
94821,1613501002,234954,235215,0.574,8,1062917,1063091,A48874,24,top6-50,top60-70,"rd, to signifie nothing but *the joining or separating of Signs, as the Things signified by them, do agree or disagree one with another*; which way of joining or separating o","dlom,<br />by means as Cfecutly, and artfully concerted, as they<br />were~ rapidly ex~~ecuted To renournce, w\ithl all the<br />pu lic fok~maity of oaths, evecry claim to arb~itrary pow-<br />er, and inl the nex~t m~oentn, to acquire thle molt ab-<br />solute au~thority, is a rnaller-",N,5
102597,0373300700,96093,96500,0.57,8,1062917,1063091,A48874,24,top6-50,top60-70,"rd, to signifie nothing but *the joining or separating of Signs, as the Things signified by them, do agree or disagree one with another*; which way of joining or separating o","ness are united, will any body pre-<br />tend to fay, that by the union the larger is re-<br />duced to the dimensions of the smaller, unless<br />fich' reduction had been exprefly specified in'<br />the article ? Let them' produce an instance of<br />such an absurdity, if they can.<br /><br />The words taken separately also declare in the<br />strongest manner, against any such meaning, with<br />which they are wholly incompatible. On one<br />hand, to",N,5
103638,0252100201,39785,40127,0.57,8,1062917,1063091,A48874,24,top6-50,top60-70,"rd, to signifie nothing but *the joining or separating of Signs, as the Things signified by them, do agree or disagree one with another*; which way of joining or separating o","Diftrid, is to put the<br />Persons inhabiting that Diflria under such<br />an Officer's Authority: To contrast or en-<br />large a Diftri&, is to diminifll or aug-<br />ment the Number of Persons subject to<br />such an Officer. And therefore no Au.<br />thority can appoint or alter such Diltrits,<br />but that which appoints the relpeEive Of-<br />ficers over them, or a greater",N,5
108393,0793500602,161201,161515,0.568,8,1062917,1063091,A48874,24,top6-50,top60-70,"rd, to signifie nothing but *the joining or separating of Signs, as the Things signified by them, do agree or disagree one with another*; which way of joining or separating o","d. the day of r.ydifhonotir: . fhousld rather<br />:have rushed out.of an exftcencc, whichl; nce<br />the day of my disgrace, has daily become more<br />intolerable. The moment in which my difftuf<br />originated : was: when I was: prohibited from<br />feeing, my counsel,: and that'- was, continually<br />alarmed, :and :constantly: in fearfil",N,5
121963,1594801300,35855,36137,0.563,8,1062917,1063091,A48874,24,top6-50,top70-80,"rd, to signifie nothing but *the joining or separating of Signs, as the Things signified by them, do agree or disagree one with another*; which way of joining or separating o",", or, becadek a large<br />-""- Qantity of pitnitous Humours is convey-.<br />' ed from the -Brain to the Optic Nerves;;<br />""~ which are thereby ob~ruded. When the<br />"" ·Diso-rder arose from the former of there<br />""C Caus~es, I have seen the Patients cured by a<br />e"" Seton ; but, when ~it proceeded fr~om",N,5
122921,1143700500,67549,67883,0.563,8,1062917,1063091,A48874,24,top6-50,top70-80,"rd, to signifie nothing but *the joining or separating of Signs, as the Things signified by them, do agree or disagree one with another*; which way of joining or separating o",", is, or has<br />Being belonging to it; and Being<br />is the'fame in every One of these<br /><br />G Many:<br /><br />[ 82 ]<br />lMaoiy: And if these Ones are not<br />each diferent from another, they<br />are not MZany, but One and thefame<br />individual Thling. -- Difference there-<br />fore is prior to Mlany, as well as<br />Being and Same. And these are<br />unive;fally in every other Uni",N,5
123719,1104100800,48982,49358,0.563,8,1062917,1063091,A48874,24,top6-50,top70-80,"rd, to signifie nothing but *the joining or separating of Signs, as the Things signified by them, do agree or disagree one with another*; which way of joining or separating o","to its princi-<br />ples: but left any difference of opinion<br />should result from a misapplication or<br />misapprehension of terms, I ihall offer Lord<br />Bolingbroke's definition of it, as perfectly<br />meeting my ideas: "" By Conflitution we<br />*' mean, when we speak with propriety<br />"" and exaatnefs, the assemblage of laws,<br /><br />institutions and cutfoms, derived from<br />certainfixt principles of reaJbn,",N,5
135215,0375000800,155856,156216,0.559,8,1062917,1063091,A48874,24,top6-50,top70-80,"rd, to signifie nothing but *the joining or separating of Signs, as the Things signified by them, do agree or disagree one with another*; which way of joining or separating o","Terms: That there seems no less a Contra-<br />diction in believing the fame Person to be<br />both Go D and Man: That Go D is Im-<br />passible and Immortal; Man both Paflible<br />and Mortal: G o D Immutable; Man<br /><br />Changeable.<br /><br />Changeable. Who can conceive, who can<br />believe these Oppcfites can meet in one<br />and the fame i erion ?<br /><br />E D ox. It certainly becomes every fen-<br />fible Man",N,5
136338,1501200900,25398,25671,0.559,8,1062917,1063091,A48874,24,top6-50,top70-80,"rd, to signifie nothing but *the joining or separating of Signs, as the Things signified by them, do agree or disagree one with another*; which way of joining or separating o","; avd- the in-;<br /><br />con venience: of carrying daily water to A 8068j~s dii~ant from the<br />sea, in a. iufficient quantity to maker a bath, ha~s fib much trou-<br />bl. and expence attend~ing it, thiat a _patient wil'l fIiot have re;<br />co-urse th it, though necellb~ry:; nor can the lihy",N,5
140997,1421302500,30862,31115,0.557,8,1062917,1063091,A48874,24,top6-50,top80-90,"rd, to signifie nothing but *the joining or separating of Signs, as the Things signified by them, do agree or disagree one with another*; which way of joining or separating o","this· Srripture ?<br />III. WVhat has as natural Tendency to Dis-union<br />an~d D~ivision, can't (agreable to the Laws c fCha-<br />rity) be, proposId as AJ Bod U nI~ JVIon.,1 What you<br />have cffer'd in anfwter to this, d~oes Nothing as-<br />~f Et t he p~resent Cafe a beca",T,5
146413,1170500700,49004,49308,0.556,8,1062917,1063091,A48874,24,top6-50,top80-90,"rd, to signifie nothing but *the joining or separating of Signs, as the Things signified by them, do agree or disagree one with another*; which way of joining or separating o","-<br />pteffive of the fading of the Things of the World,<br /><br />and<br /><br />ad of their ehfiiriAg 'us by their Shew and Ap-<br />pearkance while one Thing succeeds to another.<br /><br />IjP, The*e, If ;* ie.ake the Word in a Sense<br />that fgnifies to deceive, by rendring dreigs, by<br />ireds a-i according as it seems tobe taken, i Joh.<br />2. 1",N,5
149915,0575101100,0,200,0.555,8,1062917,1063091,A48874,24,top6-50,top80-90,"rd, to signifie nothing but *the joining or separating of Signs, as the Things signified by them, do agree or disagree one with another*; which way of joining or separating o","COMPENDIOUS¥ VIEW<br />E; NU!N:; CH RISTIANITY,<br /><br />-..; : :l. Z;XT.AC"";D FR-D Y AT<br />A TT OR<br /><br />OF tEE l'-STr CENTURr,<br /><br />AND<br />.1 'IrCIT ESTEEMEDB WRTER OF TIIE RESENT,<br /><br />Eil\'-i'>G TH IrI TEREsCE BnTWENS TllE<br />PRIM.",N,5
150339,0405900800,223078,223410,0.555,8,1062917,1063091,A48874,24,top6-50,top80-90,"rd, to signifie nothing but *the joining or separating of Signs, as the Things signified by them, do agree or disagree one with another*; which way of joining or separating o","-forma-<br />tion, tlere is often an eagerness to be at-<br />tended to, that defats their purpose of<br />e.ing eit-ther infruSive or agreeable.<br />'To bear a-n equal part in conversation,<br />wit!out -hurtilg the ifel-love of others;<br />to allow thit reciprocity of discourse<br />rtat gives ev-ery one an opportunity<br />of being heard, and whicliis the great<br />cja",N,5
155668,1477001500,26581,26825,0.553,8,1062917,1063091,A48874,24,top6-50,top80-90,"rd, to signifie nothing but *the joining or separating of Signs, as the Things signified by them, do agree or disagree one with another*; which way of joining or separating o","commonly go off dujrinlgthe whole Course of~ the<br />Dlifaf'e, by ·Reason ~of the AcnRinony of the·-invenomled-<br />Lymph, .or fron ethe ~ too: grat lAl> ndance; of. it :which:<br />cannot, be fuafficiently· dlikh~arged- through the cut~aneous·<br />Gl~ands .<br /><br />·",N,5
0,0211200403,95019,95406,0.881,37,1218417,1218630,A48874,13,top6-50,top5,"her: so *Probability* is nothing but the appearance of such an Agreement, or Disagreement, by the intervention of Proofs, whose connexion is not constant and immutable, or at least is not perceived to be so, but i","ion one with another;<br />so probability is nothing but the appearance of<br /><br />sucd<br /><br />such an agreement or disagreement, by the in-s<br />tervention of proofs, whose connection is not<br />constant and immutable, or at least is not per-<br />ceived to be so, but is, or appears for the. most<br />part to be so, and is enough to induce the mind<br />to judge the.propofition to be true or false, rather<br />than the contrary.",P,1
1,0946300300,324617,324991,0.881,37,1218417,1218630,A48874,13,top6-50,top5,"her: so *Probability* is nothing but the appearance of such an Agreement, or Disagreement, by the intervention of Proofs, whose connexion is not constant and immutable, or at least is not perceived to be so, but i","a Proposition, and the intermediate Proofs of it:<br />So that every Proposition that's only probable, must<br />have a proportionable Degree of Uncertainty, other-<br />wife it would amount to Demonstration; and confe-<br />quently, Probability, as well as Certainty, is founded<br />on the Relation it has to felf-evident Truths ; because<br />where no Relation to them of any Sort can be disco-<br />ver'd,",M,1
2,0293801800,101408,101758,0.878,37,1218417,1218630,A48874,13,top6-50,top5,"her: so *Probability* is nothing but the appearance of such an Agreement, or Disagreement, by the intervention of Proofs, whose connexion is not constant and immutable, or at least is not perceived to be so, but i","-<br />""rous, founded on probabilities,<br />"" doubts and.conjetures, can ever dif-<br />"" prove it, because if it is once shewn<br />"" to be true, it cannot be false -.""<br /><br />There is no parrying these ifs; but<br />if this writer's argument be not such as<br />cannot be confuted, there may be some-<br />thing in the arguments founded on<br />probabilities, doubts and conje&ures,,<br />that make",T,1
3,0567000102,4110012,4110375,0.865,37,1218417,1218630,A48874,13,top6-50,top5,"her: so *Probability* is nothing but the appearance of such an Agreement, or Disagreement, by the intervention of Proofs, whose connexion is not constant and immutable, or at least is not perceived to be so, but i","hlically, probability Is the appearance of<br />the agreement or difiigrtemunt of two things by the Intcrven-<br /><br />9 Q. t.on<br /><br />PRO<br />tion of proofs, whole connexion is not fixed or immutable,<br />or is not perceived to be so; but is, or appears, for the moit<br />part, to be so; so as to suffice to induce the mind to judge the<br />proposition to be true or false, rather than the contra",M,1
4,1542900500,2865312,2865608,0.863,37,1218417,1218630,A48874,13,top6-50,top5,"her: so *Probability* is nothing but the appearance of such an Agreement, or Disagreement, by the intervention of Proofs, whose connexion is not constant and immutable, or at least is not perceived to be so, but i",",<br /><br />for and against a Matter,<br /><br />PROBABIL'ITY [probabi'id,~ F. pro-<br /><br />babilirasr, -L.] Likelihood, Appearance of<br />!Truth; according as Mr. Locke has defined<br />it, Probability is the A~pparance of Agree-<br />·ment ·or Disagreement of two fdeas, by the<br />Intervention of Proofs, whole Connedtion is<br />not conitant",P,1
354,1268700600,252187,252562,0.815,37,1218417,1218630,A48874,13,top6-50,top0-10,"her: so *Probability* is nothing but the appearance of such an Agreement, or Disagreement, by the intervention of Proofs, whose connexion is not constant and immutable, or at least is not perceived to be so, but i","or doubting of the<br />Truth of all Propositions before evident Proof,<br />tend ever so much to perplex our Underltan-<br />dings, and by that means to tempt them to de-<br />fpair of knowing any thing, because some things<br />are not to be understood; and to demand<br />Certainty, where only Probability is to be had:<br />Notwithilfanding all this, I fay, my Rule<br />holds good, and has not one ill Conseque",T,1
2404,1095701100,44168,44507,0.775,37,1218417,1218630,A48874,13,top6-50,top0-10,"her: so *Probability* is nothing but the appearance of such an Agreement, or Disagreement, by the intervention of Proofs, whose connexion is not constant and immutable, or at least is not perceived to be so, but i","diitinct<br />from each other. He may aver, that<br />'tis a Million to one againJt the Coinci-<br />dence, according to our Apprehension,<br />Nay, if he pleases, that there is an in-<br />finite Approximation to Impossibility in<br />it; yet, that there is philosophical, ab-<br />Jolute Impossibility, he cannot insist<br />Suppose, for Argument's fake, nor on-<br />ly two Causes,",T,2
2433,0672201000,25100,25483,0.775,37,1218417,1218630,A48874,13,top6-50,top0-10,"her: so *Probability* is nothing but the appearance of such an Agreement, or Disagreement, by the intervention of Proofs, whose connexion is not constant and immutable, or at least is not perceived to be so, but i","ity.<br /><br />deniable a Propolition, that no A-<br />theist in any Age has ever presumed<br />to assert the contrary ; and there-<br />fore there is little need of being<br />particular in the Proof of it. For<br />since Something Now Is ; 'tis ma-<br />nifeft that Something always Was;<br />Otherwise the Things that Now<br />Are, must have risen out of No-<br />thing, absolutely and without<br />Caue : Which is a flat Contra-<br />difion in",N,1
4025,0724300800,34518,34904,0.762,37,1218417,1218630,A48874,13,top6-50,top0-10,"her: so *Probability* is nothing but the appearance of such an Agreement, or Disagreement, by the intervention of Proofs, whose connexion is not constant and immutable, or at least is not perceived to be so, but i","them both, those lines are parallel.<br /><br />Here, the Hypothesis is, if the Angles are equal; and,<br />the Consequence, that the Lines are parallel.<br /><br />SUPPOSITION. In demonlrrating some Theorems,<br />it is necessary to have recourse, frequently, to suppose such<br />and such things, which are not so in reality; by the ab-<br />furdity of the consequences, arising from such a supposition,<br />a conclusion is draw",N,2
4916,0248501000,230290,230683,0.757,37,1218417,1218630,A48874,13,top6-50,top0-10,"her: so *Probability* is nothing but the appearance of such an Agreement, or Disagreement, by the intervention of Proofs, whose connexion is not constant and immutable, or at least is not perceived to be so, but i",", without a single exception, vague and in-<br /><br />N 2 conclusive.<br /><br />conclusive. They are so far from inducing a fobet<br />conviaion of its spuriousness, that they do not,<br />when combined together, seem to amount to a mere<br />probability of it. Indeed the aspersions, which<br />have been cast upon this Preface, are but the dream<br />of the present age. The most disturbed imagina-<br />tion did not harbour any such chJim",T,2
7715,1688600400,887239,887639,0.744,37,1218417,1218630,A48874,13,top6-50,top10-20,"her: so *Probability* is nothing but the appearance of such an Agreement, or Disagreement, by the intervention of Proofs, whose connexion is not constant and immutable, or at least is not perceived to be so, but i",", implies a recolle&ion of the premises,<br />till we arrive at the conclusion; yet, when a number of<br />truths have been often presented to us as necessarily con-<br />neced with each other, this series may afterwards piss<br />through the mind according to the laws of affciation,<br />without any more a&ivity on our part, than in those trains<br />of thought which are the molt loose and incoherent. Noi-<br />is this mere theory",T,2
11827,0153104800,57950,58328,0.73,37,1218417,1218630,A48874,13,top6-50,top10-20,"her: so *Probability* is nothing but the appearance of such an Agreement, or Disagreement, by the intervention of Proofs, whose connexion is not constant and immutable, or at least is not perceived to be so, but i","proofs. There is a something in the nature<br />of affctation, which lays open the character<br />at the first view, and makes a single impref-<br />sion equivalent to a series. The multipli-<br />cation of proofs is but throwing the Cox-<br />comb into different attitudes: we have had<br />enough of there. Yet, a word or two more,<br />by way of farewell.<br /><br />As the place of our Author's birth, not-<br />withstanding",N,2
13935,0623100400,337079,337413,0.725,37,1218417,1218630,A48874,13,top6-50,top10-20,"her: so *Probability* is nothing but the appearance of such an Agreement, or Disagreement, by the intervention of Proofs, whose connexion is not constant and immutable, or at least is not perceived to be so, but i","iffance pour distinguer que l'une<br />n'eft point l'autre: & dailleurs l'exiftence de notre<br />ame eft fi certaine pour elle même qu'elle ne peut<br />même en douter fans exifter; enforte que dans l'or-<br />dre des vérités fa démonftration eft primitive &<br />plus facile que celle de l'exiftence de notre corps.<br /><br />Convaincu, non fur oui dire mais par mes",N,5
14111,0794400118,688348,688747,0.724,37,1218417,1218630,A48874,13,top6-50,top10-20,"her: so *Probability* is nothing but the appearance of such an Agreement, or Disagreement, by the intervention of Proofs, whose connexion is not constant and immutable, or at least is not perceived to be so, but i","impossibilities, why, I'll not flep<br />neither. I have little confidence, however, in there attempts to<br />produce a meaning from the words under consideration. STEEVENS.<br /><br />The explications above given appear to me so unfatisfaaory,<br />and so little 4educible from the words, that I have no doubt that a<br />line has been loft after the word necffary, in which Cleopatra<br />threatened to observe an obstinate silence",N,1
16253,0327100700,67027,67408,0.72,37,1218417,1218630,A48874,13,top6-50,top10-20,"her: so *Probability* is nothing but the appearance of such an Agreement, or Disagreement, by the intervention of Proofs, whose connexion is not constant and immutable, or at least is not perceived to be so, but i","this way; if, after all your obfer-<br /><br />vations and enquiries, you are not yet fully<br />satisfied; there is another infallible method,<br />which, however, I would not advise you to<br />have recourse to, without an absolute ne-<br />ceffity. 'Tis this; impart to her, as a secret,<br />Something of so little consequence, that you<br />are perfetly indifferent whether it be disco-<br />vered or not. If fie can keep",N,1
18523,1594800900,14868,15219,0.715,37,1218417,1218630,A48874,13,top6-50,top20-30,"her: so *Probability* is nothing but the appearance of such an Agreement, or Disagreement, by the intervention of Proofs, whose connexion is not constant and immutable, or at least is not perceived to be so, but i","Expetations were<br />entirely fruitless a Doubt began to prevail,<br />whether it were any thing more than a gra-<br />velly Affair, &c. So that this plain Indi-<br />cation of a Stone, at last dwindles into a.<br />Doubt of Gravel. By the by, a Doubt's<br />beginning to prevail, is very good Sense,<br />and a gravelly Afair, very good Engk.<br />I cannot but observe how cautious you<br />are",N,1
20560,1745200200,23136,23459,0.711,37,1218417,1218630,A48874,13,top6-50,top20-30,"her: so *Probability* is nothing but the appearance of such an Agreement, or Disagreement, by the intervention of Proofs, whose connexion is not constant and immutable, or at least is not perceived to be so, but i","'s Infallibility, as Catho-<br /><br />licks speak of it, is only opposite to, and incon-<br />fiftent with, an a7fual Error againf? Faith.<br /><br />Secondly. It only reaches to the Conclusions, or<br /><br />Things defin'd ; and not to the Premfi's, or Rea-<br />Jons, for which they are defin'd.<br /><br />Thirdly. It does not imply any sensible or<br /><br />miraculous Illustr",N,1
21532,1733400300,74384,74765,0.71,37,1218417,1218630,A48874,13,top6-50,top20-30,"her: so *Probability* is nothing but the appearance of such an Agreement, or Disagreement, by the intervention of Proofs, whose connexion is not constant and immutable, or at least is not perceived to be so, but i","aflrononical<br />prediaions, we have had abundant proofs of<br />their verification ; but every sober thinking man<br />.must be convinced of the absurdity, as well as<br />presumption of a short-sighted mortal's claim-<br /><br />yng a certain knowledge of what shall befall any<br /><br />individual, in the course of a transitory and unr<br />certain life.<br /><br />Such is the credulity of mankind in gerneral,<br /><br />that many live in",T,2
22074,1733700300,41994,42369,0.709,37,1218417,1218630,A48874,13,top6-50,top20-30,"her: so *Probability* is nothing but the appearance of such an Agreement, or Disagreement, by the intervention of Proofs, whose connexion is not constant and immutable, or at least is not perceived to be so, but i","spirit of<br />the confHitution. I could cite many prece-<br />dents to prove the firftpart of my assertion, but<br />one alone will be fufficient for my purpose,<br />because that is so signal, and so memorable<br />in all its circumfftances, as to render any<br />confirmation or inforcement of it quite unne-<br />ceiffary. JIn quoting this precedent I beg<br /><br />leave<br /><br />[ 33 I<br /><br />leave to fay, that I do not intend",N,1
25883,0188200105,114753,115087,0.703,37,1218417,1218630,A48874,13,top6-50,top20-30,"her: so *Probability* is nothing but the appearance of such an Agreement, or Disagreement, by the intervention of Proofs, whose connexion is not constant and immutable, or at least is not perceived to be so, but i","fe conformer à cette Bullc,<br />fuivant les explications contenues dans<br />votre Inftruaion Paftorale ; & par confc.<br />quent votre acceptation , bien loin d'être<br />pure & i emple , cft uniquement & formel-<br />lement relative à l'explication que vous<br />donnez à la Conflitution.<br /><br />Pour juger de la qualité d'une accep.<br />tation, l'on ne doit pas recourir",N,5
30658,0374602200,189966,190328,0.696,37,1218417,1218630,A48874,13,top6-50,top30-40,"her: so *Probability* is nothing but the appearance of such an Agreement, or Disagreement, by the intervention of Proofs, whose connexion is not constant and immutable, or at least is not perceived to be so, but i","us make<br />a complaisant Concession of it : because if we do<br />not , I am sure they know not how to go about to<br />prove it. If indeed we had allowed a Change of the<br />Accidents & AModes, the Argument might seem to bear<br />foie llrefs; but to argue a Contradiction of the Sea-<br />ces, from a Change of Substance, where the Senses<br />have Nothing to do I am sure is to contradiC Rea",N,1
33379,0105100300,105963,106395,0.693,37,1218417,1218630,A48874,13,top6-50,top30-40,"her: so *Probability* is nothing but the appearance of such an Agreement, or Disagreement, by the intervention of Proofs, whose connexion is not constant and immutable, or at least is not perceived to be so, but i","that it is not probable<br />that you ever could be much diftinguithed,<br />you ought to remember, that the age of im-<br />provement among those who had only the<br />law of nature, was a very short one; and<br />that the countries where it prevailed make<br />but an inconsiderable spot upon the globe of<br />the earth. These things being confidered,<br />whether is it more probable, that we should<br />be like those men we have already mentioned<br />or like the contrary set",N,2
33460,1470200400,219185,219546,0.693,37,1218417,1218630,A48874,13,top6-50,top30-40,"her: so *Probability* is nothing but the appearance of such an Agreement, or Disagreement, by the intervention of Proofs, whose connexion is not constant and immutable, or at least is not perceived to be so, but i","ill-<br />ties are urged to prove an Impofibility.<br /><br />_ First Edit. p. 94. Third Edit. p. 78.<br /><br />But<br /><br />( '59 )<br /><br />But suppose neither of them is granted,<br />what will become of his Conclusion? The<br />Reader has already seen his Reasons, if they<br />mnay be called Reasons, for thinking Mira-<br />cles to be impossible. But what Pretence<br />has he. to fay, that Miracles are urged to<br />prove a",N,2
34698,0153500800,246498,246844,0.691,37,1218417,1218630,A48874,13,top6-50,top30-40,"her: so *Probability* is nothing but the appearance of such an Agreement, or Disagreement, by the intervention of Proofs, whose connexion is not constant and immutable, or at least is not perceived to be so, but i","; it may be observed, that the<br />circumfiance which furnishes this objecion has<br />not been universally acknowledged by pradition-<br /><br />ers;<br /><br />ers ; and therefore cannot be assumed as a prin.<br />ciple.<br />REMARKS ON THE ANOMALOUS CASES OFTABES.<br /><br />THE first, fifth, seventh, eighth, and ninth ca-<br />fes, afford firong presumptive evidence in favour<br />of the idea, that",N,1
38207,1249300900,66289,66701,0.687,37,1218417,1218630,A48874,13,top6-50,top30-40,"her: so *Probability* is nothing but the appearance of such an Agreement, or Disagreement, by the intervention of Proofs, whose connexion is not constant and immutable, or at least is not perceived to be so, but i","order that a proof may go on in common form.<br /><br />This leads the pursuer to state some few observations on the<br />particular articles of the condescendence, which in general they<br />do undertake to prove;. and will establish for the most part by.<br />written evidence, notwithstanding of the gloies which are en-<br />deavoured to be put on them in the answers. It would be te-<br />dious to run through the whole of them; and therefore",N,1
43139,0087100103,11550,11884,0.682,37,1218417,1218630,A48874,13,top6-50,top40-50,"her: so *Probability* is nothing but the appearance of such an Agreement, or Disagreement, by the intervention of Proofs, whose connexion is not constant and immutable, or at least is not perceived to be so, but i","sally dirbelieved, they now tranfgreJs all<br />Bounds of Probability. Besides, they are<br />necef'arily obJcure to mofl Readers, ince it<br />requires a competent iare of Learning, to<br />understand the Allusions to antiquated Fa-<br />bles; not to iifft upon what Bossu grants,<br /><br />B 3 tbf<br /><br />fthat the Shell of the antient Allegories<br />was more calculated to do",T,2
44600,0124800500,246539,246973,0.681,37,1218417,1218630,A48874,13,top6-50,top40-50,"her: so *Probability* is nothing but the appearance of such an Agreement, or Disagreement, by the intervention of Proofs, whose connexion is not constant and immutable, or at least is not perceived to be so, but i","for, being a reason-<br />able creature, you would never be secure<br />where there is a possibility of danger, and<br />confident of uncertainties. It is the part<br />of reason always to believe in proportion<br />to evidence, and never to be sanguine on<br />flight and trivial probabilities. So that if<br />you are not infallible with all this confi-<br />dence about you-it is a coarse expression,<br />but an honest and friendly truth-you are<br />no better than mad.<br /><br />The next",N,1
49647,0955300102,592417,592831,0.676,37,1218417,1218630,A48874,13,top6-50,top40-50,"her: so *Probability* is nothing but the appearance of such an Agreement, or Disagreement, by the intervention of Proofs, whose connexion is not constant and immutable, or at least is not perceived to be so, but i","From this imputation, however, in the general opinion, they are<br />clear. Not that I am bo wedded to even the most popular sentiments,<br />but that I will always make some reserve; and though 1 am very<br />willing to credit the refpecable judgment of the public, I own I<br />have, at times, ibme particular doubts of the matter. I mean<br />as to the spirit and principles- for I look upon conlcience to be<br />uniform.<br /><br />However, there is",N,2
52325,0051000300,6019,6425,0.673,37,1218417,1218630,A48874,13,top6-50,top40-50,"her: so *Probability* is nothing but the appearance of such an Agreement, or Disagreement, by the intervention of Proofs, whose connexion is not constant and immutable, or at least is not perceived to be so, but i","a person of some age and experience. Other-<br />wife, with the best underitanding in the world,<br />he will want proper data on which to form a<br />judgment, and will only be more apt to be car-<br />ried away by a specious and fallacious hypothesis.<br /><br />Before a decisive judgment is formed of the<br />maxims I have contended for in this treatise, it<br />flould more especially be confidered, as a funda-<br />mental preliminary, that the",T,2
52797,0586400301,270443,270790,0.673,37,1218417,1218630,A48874,13,top6-50,top40-50,"her: so *Probability* is nothing but the appearance of such an Agreement, or Disagreement, by the intervention of Proofs, whose connexion is not constant and immutable, or at least is not perceived to be so, but i","ambiguity or infuffi-<br />ency of the present atls of trade, or the licentiousness of clarter<br />vecrnments; all which, as containing much truth, inforce the great<br />IceTlty of applying some speedy remedy to an evil, fortified by so<br />any alarming circumfiances: But after a tefidence of feveial years<br />that diltrict, I am clearly of opinion, that it would be",N,2
62129,0366600402,60988,61372,0.665,37,1218417,1218630,A48874,13,top6-50,top50-60,"her: so *Probability* is nothing but the appearance of such an Agreement, or Disagreement, by the intervention of Proofs, whose connexion is not constant and immutable, or at least is not perceived to be so, but i","or that we could conceive properly<br />the difference between four miles<br />and twenty, when seen on a line?<br />the four may be two, or one mile;<br />and the twenty may be ten, or thirty,<br />for ought we can judge by the ap-<br /><br />pearance.<br /><br />[ 97-]<br />pearance. All that we get by this<br />is the knowing that a sheet of paper<br />or an orrery give us wrong ideas,<br />and that we cannot by any con-<br />trivance put the size",N,2
65687,0084100100,37871,38223,0.663,37,1218417,1218630,A48874,13,top6-50,top50-60,"her: so *Probability* is nothing but the appearance of such an Agreement, or Disagreement, by the intervention of Proofs, whose connexion is not constant and immutable, or at least is not perceived to be so, but i","-: he,<br />therefore, who, arguing on this subjet, does,<br />not attend to the fall of the value of money, and,<br />disconnect it from the partial and temporary rife<br />of the price of provisions, will argue unsoundly,<br />and .will draw false conclusions; for, take the.<br />period through, it. is a fact which can be efta-<br />blifhed beyond dispute, that th eans of ub-<br />fiften",N,1
67380,0571100500,394256,394606,0.661,37,1218417,1218630,A48874,13,top6-50,top50-60,"her: so *Probability* is nothing but the appearance of such an Agreement, or Disagreement, by the intervention of Proofs, whose connexion is not constant and immutable, or at least is not perceived to be so, but i","To the relevancy of both these objections;<br />and, 2dly, To the method of proof proposed: and infjifed, That the<br />only competent proof in this cafe wasfcripto veljztramento of the indor-<br />tee. And in support of this last, pleaded, Inmo, That even although the<br />question had been with David Shawz, the drawer and indorfer, the on-<br />ly competent mean ot proof",N,1
69157,0290300500,11480,11835,0.66,37,1218417,1218630,A48874,13,top6-50,top50-60,"her: so *Probability* is nothing but the appearance of such an Agreement, or Disagreement, by the intervention of Proofs, whose connexion is not constant and immutable, or at least is not perceived to be so, but i","; and it can, I<br />think, be shewn, that this is not a mere topic of<br />declamation, but that the connection here alledged<br />is, undoubtedly, founded in truth and reason. -<br /><br />For, confider first, whether any thing contri-<br />butes more to persuasion, than the opinion which<br />we entertain of the probity, difintereflednefs, can-<br /><br />dour,<br /><br />( 9 )<br />dour, and other good moral",N,1
70577,0105601600,25445,25853,0.659,37,1218417,1218630,A48874,13,top6-50,top50-60,"her: so *Probability* is nothing but the appearance of such an Agreement, or Disagreement, by the intervention of Proofs, whose connexion is not constant and immutable, or at least is not perceived to be so, but i","the very Thing I desire: because<br />I believe Disputes about these Matters never<br />did any Good. At least, I am sure they are<br />altogether unnecessary now, since all these<br />Points have been proved beyond all reasonable<br />Contradiction. And shall we never be wiser ?<br />Shall we always be doubting ? -But indeed if<br />there are yet any Doubters of there Truths, I<br />dare affirm that they are among pretended<br />Scholars, not among",N,1
71819,0375500400,149875,150248,0.658,37,1218417,1218630,A48874,13,top6-50,top60-70,"her: so *Probability* is nothing but the appearance of such an Agreement, or Disagreement, by the intervention of Proofs, whose connexion is not constant and immutable, or at least is not perceived to be so, but i","prove one. It does by<br />· this means reduce the Trial of the Cause to<br />' the Reasons themselves, and their native<br /><br />Evidence, and puts it in the Power of affu-<br />mingMen to pretend greater Evidence thali<br />, either they have, or they really believe.<br />' And things being reduc'd to this pass, it is<br />, more God's Providence, than the Security of<br /><br />Principles, that hinders any Heretick",N,1
73587,0542600800,16347,16710,0.657,37,1218417,1218630,A48874,13,top6-50,top60-70,"her: so *Probability* is nothing but the appearance of such an Agreement, or Disagreement, by the intervention of Proofs, whose connexion is not constant and immutable, or at least is not perceived to be so, but i","possible idea can be fixed to the terms ?<br />-"" it pays that honour which is due to the tefti-<br />mony.""-what is the honour I pay any being, in<br />giving credit to a testimony, because the matter is<br /><br />~~~~C ~in-<br /><br />9<br /><br />incredible, do I not, in doing so, discover the nmoi:<br />irrational frentic use of all ,my powers ? or, the<br />extremely perverse application of them! To believe<br />a",N,2
79547,1242300700,41030,41375,0.653,37,1218417,1218630,A48874,13,top6-50,top60-70,"her: so *Probability* is nothing but the appearance of such an Agreement, or Disagreement, by the intervention of Proofs, whose connexion is not constant and immutable, or at least is not perceived to be so, but i","may be fully sufficient to vin-<br />dicate them: and even you have not yet<br />dared to fay, much less have you "" proved,""<br />that any thing, in what they assert, or infi-<br />nuate, is either false or unhandsome.<br /><br />Indeed you pretend to have "" proved"" to<br />Mr. Pine, "" by letter, that he had imposed<br />"" on the public a base insinuation."" And<br />"" you were in hopes,""",T,1
80493,0770000800,159353,159760,0.652,37,1218417,1218630,A48874,13,top6-50,top60-70,"her: so *Probability* is nothing but the appearance of such an Agreement, or Disagreement, by the intervention of Proofs, whose connexion is not constant and immutable, or at least is not perceived to be so, but i","conclude by<br />· wishing, that they who have capacity to judge of these matters<br /><br />(which are as much the objec of common fnfe as any other kind of<br />knowlege) would not susser themselves to be deluded by the impudent<br />assertions of any charlatan whatever; but determine in this, as<br />they do in many other things, that is, by the event.""---- There<br />is a sentence in sacred writ which naturally rikes me on the present",N,1
84132,0995000500,15856,16215,0.65,37,1218417,1218630,A48874,13,top6-50,top60-70,"her: so *Probability* is nothing but the appearance of such an Agreement, or Disagreement, by the intervention of Proofs, whose connexion is not constant and immutable, or at least is not perceived to be so, but i","a Habit, that is<br />tobe prov'd from hundreds of different Circumstances, which fell within the Knowledge of<br />many different Observers; so no Condefcendance is or ought to be requir'd.<br /><br />But if any Condefcendance was neceftary, the Facts and Circumstances condescended upon<br />by the Appellant, if proved, will be of great Moment in determining this Question; and the",N,1
94782,1287101700,2003,2376,0.643,37,1218417,1218630,A48874,13,top6-50,top70-80,"her: so *Probability* is nothing but the appearance of such an Agreement, or Disagreement, by the intervention of Proofs, whose connexion is not constant and immutable, or at least is not perceived to be so, but i","doubted, and unless it be radical, all that can<br />be done will be nugatory. Whether so far<br />as it has been hitherto confidered, it has<br />been taken up upon right grounds, may,<br />fromi what little we know, admit also of some<br />doubt; if not, inflead of producing a remedy,<br />:he queflion is likely to be involved in fiill<br /><br />R greater<br /><br />( 2 )<br />greater obscurity, and perhaps, attended with",N,2
95536,1392701500,52055,52414,0.643,37,1218417,1218630,A48874,13,top6-50,top70-80,"her: so *Probability* is nothing but the appearance of such an Agreement, or Disagreement, by the intervention of Proofs, whose connexion is not constant and immutable, or at least is not perceived to be so, but i","the<br />better know thereby, wherein the<br />perfettion of others consists - and<br /><br />since the Arguments on this Subje~t have hi-<br />therto been so very imaginary and uncertain.<br /><br />I for my part: am of Opinion, that we need not<br /><br />doubt, but that: the first: onlgue had, fr-om its<br />very Origin, all the Beauties whereo: Tongutes are<br />capable. For as Adam wanted no one perleltjon",N,2
96378,0116000500,123179,123559,0.642,37,1218417,1218630,A48874,13,top6-50,top70-80,"her: so *Probability* is nothing but the appearance of such an Agreement, or Disagreement, by the intervention of Proofs, whose connexion is not constant and immutable, or at least is not perceived to be so, but i","things be so.<br /><br />However, in order to judge of this in-<br />terpretation with all the candour and im-<br />partiality that truth requires, permit me,<br />before I difinifs it, to offer to your reflec-<br />tion ibme observations that help to support<br />it, and to notice the principal objecions<br />that may be fiarted against it.<br /><br />(l.)<br /><br />(I.) To this purpose it will not be ufc-<br />less perhaps to notice, that",N,1
106486,1253502400,16684,17016,0.637,37,1218417,1218630,A48874,13,top6-50,top70-80,"her: so *Probability* is nothing but the appearance of such an Agreement, or Disagreement, by the intervention of Proofs, whose connexion is not constant and immutable, or at least is not perceived to be so, but i","judge such a thing ought, or ought not to<br />be done, .as when they are determined to judge such a thing is<br />or is nos, CBp. Gaftrel's Cert. of Relig. in gen.)<br /><br />WHAT I have hitherto been faying, is farther<br />confirm'd,<br /><br />III. BY the concurrent TeJiimoiy of all Ages and<br />Countries. For though the Law of Nature has<br />not been every where with",N,1
107840,0028100400,7426,7830,0.636,37,1218417,1218630,A48874,13,top6-50,top70-80,"her: so *Probability* is nothing but the appearance of such an Agreement, or Disagreement, by the intervention of Proofs, whose connexion is not constant and immutable, or at least is not perceived to be so, but i","with<br />the various reasonings and conclusions thereto at-<br />tached, they are all, as it appears me, egregious<br />miconceptions; most of the supposed facts have<br />never existed, and the deductions fairly to be drawn<br />from that which is readily allowed, instead of being<br />gloomy and despondent, when viewed in connection<br />with the numerous co-existing circumstances, are<br />the most fatisfatory and pleasing.<br /><br />With regard",N,1
111238,0133401400,358244,358686,0.634,37,1218417,1218630,A48874,13,top6-50,top80-90,"her: so *Probability* is nothing but the appearance of such an Agreement, or Disagreement, by the intervention of Proofs, whose connexion is not constant and immutable, or at least is not perceived to be so, but i","solid objetion had occurred to me, I should have<br />thought it my duty to avoid troubling you upon any prdpolitiot not<br />qualified to fland the test of your molt mature deliberations.<br /><br />But unable to discover any that are just and well-founded, I have<br />next endeavoured to find out, whether some objecions, carrying with<br />them at least a plausible appearance, might not be started against<br />what I have proposed.<br /><br />Under this description, something like",N,2
115716,0232101500,76548,76861,0.632,37,1218417,1218630,A48874,13,top6-50,top80-90,"her: so *Probability* is nothing but the appearance of such an Agreement, or Disagreement, by the intervention of Proofs, whose connexion is not constant and immutable, or at least is not perceived to be so, but i","happen to err in<br />Judgment, it can only be imputed to the Want of<br />dearer Evidence, and not to the Want of Chariy<br />to the Person who is the Objea of our Enquiry.<br />This brin.g premised, give us Leave to observe<br />cn Mis's Cife as draw by herself. She declares<br /><br />foleimnly,<br /><br />( 17<br />nolemnly, that (he never did dergn to hurt",N,2
118378,1394400400,78027,78386,0.63,37,1218417,1218630,A48874,13,top6-50,top80-90,"her: so *Probability* is nothing but the appearance of such an Agreement, or Disagreement, by the intervention of Proofs, whose connexion is not constant and immutable, or at least is not perceived to be so, but i","; a itrong<br />"" negative proof that it was never known to<br />"" the Romans; a proof which is confirmed<br />""' by the diitance between Claurentum and<br />""' Venta Belgarum (or Wincheffer), as given<br />"" us by the Itinerary, which can never, by<br />"" any mnode of computation, be made to agree<br />"" with the thirteen miles we at present reck~on<br />"" from the lait mentioned place to South-",N,2
118671,0602400900,69213,69558,0.63,37,1218417,1218630,A48874,13,top6-50,top80-90,"her: so *Probability* is nothing but the appearance of such an Agreement, or Disagreement, by the intervention of Proofs, whose connexion is not constant and immutable, or at least is not perceived to be so, but i",", in making speculative<br />dogmas, however inolrellical, i)e received witlh veneration,.<br />there is a principle in human nature, which, till the mind<br />is wholly immersed in fiiperfiition and darknels, will es-<br />fcitually prevent filch moral absurdities from being gene-<br />rally afifnted to. Nay, a principle of honour, as well as a<br /><br />fenie<br />l.rowledge of l",N,1
123567,0592400600,2113,2425,0.627,37,1218417,1218630,A48874,13,top6-50,top80-90,"her: so *Probability* is nothing but the appearance of such an Agreement, or Disagreement, by the intervention of Proofs, whose connexion is not constant and immutable, or at least is not perceived to be so, but i","ity with natural Re-<br />ligion, as thinking it mojfeafnJonable<br />at present. I hope after so much as<br />has been writ on the fubjeSt of pro-<br />phecies, and miracles, I may be ex-<br />cufed that I have not infifJed par-<br />ticularly on the proof of those exter-<br />nal evidences. iy chief deJfgn is<br />to induce men to submit to the go-",N,2
0,0445101002,306940,307323,0.896,49,1147423,1147597,A48874,12,top6-50,top5,"y: yet it requires Thought and Attention; and the Mind must apply its self to a regular deduction of it from some unquestionable parts of our Knowledge, or else we shall be a","conceptions and par-<br />tial views of many things. The mind is<br />so limited in its operations: that it muftt<br />acquire its knowledge by degrees; and<br />while it applies itself to the contem-<br />plation and. diligent study of one point,<br />so as to digest it thoroughly, and gain an<br />adequate notion of it, it must labour un-<br />der uncertainty and be subjed to error<br />with refpedt to others, which it has",M,2
1,0852000101,10596832,10597238,0.878,49,1147423,1147597,A48874,12,top6-50,top5,"y: yet it requires Thought and Attention; and the Mind must apply its self to a regular deduction of it from some unquestionable parts of our Knowledge, or else we shall be a","in the mind, and<br />was founded on particulars, though afterwards perhaps no<br />notice be taken thereof; it being natural for the mind to<br />lay up those general notions, and make the proper ufi of<br />them, which is to disburden the memory of the cumbersome<br />load of particulars.---- The way to improve in knowledge,<br />is not to swallow principles with an implicite faith, and with-<br />out examination, which would be apt to",M,2
2,0381701200,15666,16063,0.874,49,1147423,1147597,A48874,12,top6-50,top5,"y: yet it requires Thought and Attention; and the Mind must apply its self to a regular deduction of it from some unquestionable parts of our Knowledge, or else we shall be a","mankind, either capable or wiiling to view<br />and contemplate, and dwell upon thole invi-<br /><br />fible<br /><br />[ II ]<br />fible objets, if they are not put upon it, and<br />carefully trained to it ?<br /><br />But let me add, that though this were prac-<br />ticable, more is still necelfary. Attention,<br />thought, meditation, will not give strength to<br />our good principles and dispositions, unless<br />we are trained to anl upon them. Without",T,2
3,0439400301,82813,83259,0.871,49,1147423,1147597,A48874,12,top6-50,top5,"y: yet it requires Thought and Attention; and the Mind must apply its self to a regular deduction of it from some unquestionable parts of our Knowledge, or else we shall be a","difficulty, by the spontaneous ex-<br />ertions of our faculties, and by our occa-<br /><br />fional<br /><br />iional attention to our own thoughts, and<br />to the conversation and actions of others.<br />I will not contend, that this general and<br />almost inftincive knowledge which we ac-<br />quire when children, of the principles of<br />thought and of action among mankind, is<br />as immediately and constantly necessary<br />for our preservation, as the knowledge of<br />the material objects around",T,2
4,0210600100,57572,57967,0.871,49,1147423,1147597,A48874,12,top6-50,top5,"y: yet it requires Thought and Attention; and the Mind must apply its self to a regular deduction of it from some unquestionable parts of our Knowledge, or else we shall be a","Mind; but we cannot<br />think, or be conscious of thinking, 'till we have<br />£ome Idea or Semblance of an Object to think<br />Upon; and without our Senses, we could not<br />have one internal Idea or Semblance of any<br />thing without us. Insomuch that in our very<br />-Entrance into the large and capacious Field of<br />Argument which is before us, we must lay<br />down that Maxim of the Schools as univerfaly<br />true without any",M,2
209,1664800102,2672978,2673343,0.845,49,1147423,1147597,A48874,12,top6-50,top0-10,"y: yet it requires Thought and Attention; and the Mind must apply its self to a regular deduction of it from some unquestionable parts of our Knowledge, or else we shall be a","of the mind, to be able to collet,<br />-compare and range them in order, in its inquiries: but<br />where there is none, nor any cause to be assigned for<br />their accompanying each other, but what is owing to<br />mere accident or habit; this unnaturdl association be-<br />comes a great imperfetion, and is, genqerally speaking,<br />:a mamincaufe of error, or wrong deductions in reasoning.",M,2
1420,0361300200,626769,627185,0.822,49,1147423,1147597,A48874,12,top6-50,top0-10,"y: yet it requires Thought and Attention; and the Mind must apply its self to a regular deduction of it from some unquestionable parts of our Knowledge, or else we shall be a","do very much depend: and attention depends<br />upon the will, and the will is variously influenced by motives,<br />external or internal.<br /><br />But though plainness be really a relative, and often varies<br />according to the person, and his degree of attention, capacity,<br />inclination, &c. yet we have formed some kind of idea of an<br />absolute plainness, abftraCed from particular persons; and we<br />mean by it, as to the point now irt hand",T,2
1449,0197200502,28977,29334,0.821,49,1147423,1147597,A48874,12,top6-50,top0-10,"y: yet it requires Thought and Attention; and the Mind must apply its self to a regular deduction of it from some unquestionable parts of our Knowledge, or else we shall be a",".<br />the mind doth not hinder us from the most 1 x.<br />afive exercise of our faculties, but only con- './'~<br />fines it to objects fitted for our contempla-<br />tion.<br /><br />We have observed, that the reasonable-<br />ness of the practice of 'Tcmpcrance arifeth<br />from our sense of the weakness of human<br />underfianding. Now this fenfc fliould not<br />only dispose us to be moderate in our",T,2
2457,0547000102,429087,429460,0.813,49,1147423,1147597,A48874,12,top6-50,top0-10,"y: yet it requires Thought and Attention; and the Mind must apply its self to a regular deduction of it from some unquestionable parts of our Knowledge, or else we shall be a","making a iuft<br /><br />and adequate judgment of our selves; and<br />consequently we cannot so much as hope<br />that we have made such a judgment, till<br />we have us'd our utmost care to acquire<br />such a knowledge.<br /><br />Laf/ly, Be our knowledge, both of our<br />selves and of our rule, as perfei and com-<br />pleat as we need to desire they ilould be;<br />yet still, if we do not honedly and impar-<br />tially apply",N,2
3101,0185201300,6468,6795,0.81,49,1147423,1147597,A48874,12,top6-50,top0-10,"y: yet it requires Thought and Attention; and the Mind must apply its self to a regular deduction of it from some unquestionable parts of our Knowledge, or else we shall be a","Know-<br />ledge of the Body are only'trifliig-<br />Curiosities, and things altogether<br />superfluous. But it'sagreed, I.am<br />apt to think, amongst the nmore in-<br />teligent part of. Mankind,.. that<br />there are - several things tSerfel¥y<br />and absolutely ,necessary .; t be<br />known, before a Man can, reason,<br />and make Judgment either of the<br />Nature of",M,2
5035,0177000501,165651,166101,0.802,49,1147423,1147597,A48874,12,top6-50,top10-20,"y: yet it requires Thought and Attention; and the Mind must apply its self to a regular deduction of it from some unquestionable parts of our Knowledge, or else we shall be a","of existence to an uncommon<br />velocity, yet the understanding still pre-<br />serves its contemplation, which will ul-<br />timately retard its course, and continue<br />it in that flow progressive motion, which<br />forms the point where contemplation<br />enables thought to revert to its source,<br />and produces intellectual existence and<br />perfect happiness.<br /><br />In the moral constitution of people of<br />this country, the passions have a dread-<br />ful preponderance, and destroy all sym",T,2
8038,0609400600,190076,190443,0.793,49,1147423,1147597,A48874,12,top6-50,top10-20,"y: yet it requires Thought and Attention; and the Mind must apply its self to a regular deduction of it from some unquestionable parts of our Knowledge, or else we shall be a","ndt<br />have Access to the human Mind, so as to cori-<br />municate Truth to it in an intelligible certain Man-.<br />.ner, as diftinguilhed from the Mind's Perceptions<br />land Knowledge of its own Ideas; which, 'as it call<br />never be proved, or rendered even probably'true,<br />is flagrantly absurd and impious to aftert.<br /><br />The next thing then to be taken Notice of is,<br />whether it be highly",T,2
9879,0169600300,18972,19382,0.789,49,1147423,1147597,A48874,12,top6-50,top10-20,"y: yet it requires Thought and Attention; and the Mind must apply its self to a regular deduction of it from some unquestionable parts of our Knowledge, or else we shall be a","the person inl<br />whose mind these ideas are formed. It is<br />certain that if one be totally swallowed<br />up in a pleaing contemplation of long<br />continuance, he is scarce able to perceive<br />the distance that lies, or that fuccefion of<br />moments that intervened, between the<br />first and the last thought, sensation, or re-<br />flecion which pafled through his mind<br />upon that occasion.<br /><br />On the other hand, it is equally certain<br />that",T,2
10142,1438001300,35737,36131,0.789,49,1147423,1147597,A48874,12,top6-50,top10-20,"y: yet it requires Thought and Attention; and the Mind must apply its self to a regular deduction of it from some unquestionable parts of our Knowledge, or else we shall be a","dy, by which order can be reitored to the<br />' faculty of thinking; this is, to forget all that<br />' we have learned, to trace back our ideas to<br />' their source, to follow the train in which they<br />' rife, and, as Lord Bacon says, to frame the<br />' human understanding anew.<br /><br />'This remedy becomes the more difficult, in<br /><br />c proportion as we think ourselves the more<br />' learned. M/ight it not be thought, that",M,2
12180,0131300700,2836,3226,0.785,49,1147423,1147597,A48874,12,top6-50,top10-20,"y: yet it requires Thought and Attention; and the Mind must apply its self to a regular deduction of it from some unquestionable parts of our Knowledge, or else we shall be a","Supply of the numerous Exigencies<br />of the Body or the Soul; from these Considerations it is abundantly mani-<br />fefl, that next to the Enjoyment of Reason itself, the Ability of commu-<br />nicating our Thoughts is of all others most desirable, and that without<br />such a Capacity, we muff have been in great Measure destitute of the<br />numberless Benefits of a social Life, and the human State of Existen",N,2
14024,0219200500,41720,42090,0.782,49,1147423,1147597,A48874,12,top6-50,top20-30,"y: yet it requires Thought and Attention; and the Mind must apply its self to a regular deduction of it from some unquestionable parts of our Knowledge, or else we shall be a","ceived, and by<br />the Experience of all it is certain, that those who<br />know what is to be done, must needs, neverthelfs,<br />be exercised in doing, before they know how to do<br />what they thought they knew very well, nay, what<br />they truly well underiood; for our Members are<br />not so ready in aing, as our Minds are in perceiv-<br />ing; and the Cause is, that often the Eiects very<br />little",T,2
16030,0997700400,21674,22047,0.779,49,1147423,1147597,A48874,12,top6-50,top20-30,"y: yet it requires Thought and Attention; and the Mind must apply its self to a regular deduction of it from some unquestionable parts of our Knowledge, or else we shall be a","attain therefore to a competent<br />Knowledge in these twvo Points, we (hall not<br />only have secured to ourselves a rational Solu-<br />tion in'the Cafe of our own Inquiry; but also,<br />in the Pursuit of it, ihall -throw Light, we<br />presume, upon other Matters, which may well<br />reward our Pains, by making it more exten-<br />fively useful and agreeable at the fame -time.<br />Besides, as we propose",T,2
16789,0200601600,9580,9962,0.778,49,1147423,1147597,A48874,12,top6-50,top20-30,"y: yet it requires Thought and Attention; and the Mind must apply its self to a regular deduction of it from some unquestionable parts of our Knowledge, or else we shall be a","t to think the Internal<br />will never be found; for if the Mind is fully<br />eng-ged in any particular Affair, the Body will<br /><br />be<br /><br />,(8)<br />be concerned, and the Countenance and Voice<br />will flew whether it affords Pleasure or Pain.<br /><br />IF we observe a Person confessing a Fault, pe-<br />titioning a Favour, or returning Thanks for some<br />greatBenefit he has received, in performing each we<br />shall find his",N,2
17306,0812201300,39731,40130,0.778,49,1147423,1147597,A48874,12,top6-50,top20-30,"y: yet it requires Thought and Attention; and the Mind must apply its self to a regular deduction of it from some unquestionable parts of our Knowledge, or else we shall be a","Mind, they may be sufficiently proved to be<br />parts of the Law of Nature) yet, partly because<br />the fitness is not so immediately discernible, and<br />partly bccaufe through Prejudice or Parti- lity the<br />Mind is not so well disposed to discern them; it<br />nmuft be acknowledged, not only particular Per-<br />foIls, but whole Nations, in particular Ages, have<br />not assented to. And though whatever has really<br />been dif",N,2
21024,1068300300,12311,12681,0.773,49,1147423,1147597,A48874,12,top6-50,top20-30,"y: yet it requires Thought and Attention; and the Mind must apply its self to a regular deduction of it from some unquestionable parts of our Knowledge, or else we shall be a","s in Light.<br /><br />And this was an Observation needful to be taken along with us,<br />in order to give a right Determination to our Thoughts and Afte-<br />&tions, and, by prefqnting us with a true Profpeat both of our pre-<br />sent and our future State, to teach and enable us so to paSs through<br />things Temporal, as that finally we lose not the things Eternal.<br /><br />II. I proceed now to point",N,2
25579,1684000500,181421,181803,0.769,49,1147423,1147597,A48874,12,top6-50,top30-40,"y: yet it requires Thought and Attention; and the Mind must apply its self to a regular deduction of it from some unquestionable parts of our Knowledge, or else we shall be a","con-<br />tained in the Law of Nature, and in the<br />Chrit~ian Dispensation.<br /><br />To attain this useful Knowledge, re-<br /><br />quireth no very extraordinary Skill or Study.<br />If we are willing to learn, all those Truths,<br />which we are bound to know in order to<br />the Saving our Souls, will appear very plain<br />to us, upon a due application of those<br /><br />M : Powers<br /><br />Powers and Faculties wherewith it hath<br />pleaire",N,2
28253,0840300200,209214,209598,0.766,49,1147423,1147597,A48874,12,top6-50,top30-40,"y: yet it requires Thought and Attention; and the Mind must apply its self to a regular deduction of it from some unquestionable parts of our Knowledge, or else we shall be a","to my advice:<br />For there are limits beyond which we<br />cannot safely go, though under pretence<br />of acquiring more knowledge, and when<br />we do attempt to go beyond those limits<br />that bound our enquiries, we too often get<br />out of our depth, lose our footing, and<br />so disable our selves, as to put it in the<br />-power of what we may call ignorance in<br />others to instruct us, and recal us from<br />our vain",M,2
28351,0288400600,21722,22099,0.766,49,1147423,1147597,A48874,12,top6-50,top30-40,"y: yet it requires Thought and Attention; and the Mind must apply its self to a regular deduction of it from some unquestionable parts of our Knowledge, or else we shall be a","ties of thinking and of speak-<br />ing, in this dignified assembly, if our exertions<br />are to have no higher obje& in view than the<br />mere pursuit of speculative truth; aftion is the<br />great business of mankind, to ation all our la-<br />bours ihould tend as their ultimate and proper<br />objet, and the learning, philosophy, and refine-<br />ment which are incompetent to produce effeCts<br />of practical",T,2
29523,1086000500,1713959,1714327,0.765,49,1147423,1147597,A48874,12,top6-50,top30-40,"y: yet it requires Thought and Attention; and the Mind must apply its self to a regular deduction of it from some unquestionable parts of our Knowledge, or else we shall be a","them. Our own Body, which<br />we continually carry about with us, may put us in mind by what Hand it was<br />made and fafhion'd: so that if we have not a conitant Sense of this in our<br />Minds, we are utterly incxcufable for betides the great reason there is for it,<br />there is little difficulty in it. And so I come to the second thing:<br /><br />II. The Efflet of this Sense and Considera",N,2
33408,0102400303,31850,32222,0.762,49,1147423,1147597,A48874,12,top6-50,top30-40,"y: yet it requires Thought and Attention; and the Mind must apply its self to a regular deduction of it from some unquestionable parts of our Knowledge, or else we shall be a","guided, and our reason is seduced;<br /><br />'tis in solitude only, we can enjoy<br />""the free liberty of thought, or be<br />""taught to form a just idea, and have<br />i; a true knowledge of ourselves; for I<br />"" confess ingenuously, I never till now,<br />""was well acquainted with myself; and<br /><br />in studying ourselves impartially, and<br />examining our nature with a ftriEt at-<br />""tention, we gain a complete",N,2
37733,1598100700,108488,108860,0.759,49,1147423,1147597,A48874,12,top6-50,top40-50,"y: yet it requires Thought and Attention; and the Mind must apply its self to a regular deduction of it from some unquestionable parts of our Knowledge, or else we shall be a","could not: be alleviated. But, from the generaldiffufion of knowrledge which dif-<br />·tinguifhes our own age, and which has, sometimes been promoted* by, and some-<br />timres has promoted, their improvements in other refpeats, there is moreafon to ap-<br />prehead any eventual mischief from communicating a portion of that knowledge to<br />the lowest claires of faciety. To exclude therm",T,2
39404,0329800100,84742,85123,0.758,49,1147423,1147597,A48874,12,top6-50,top40-50,"y: yet it requires Thought and Attention; and the Mind must apply its self to a regular deduction of it from some unquestionable parts of our Knowledge, or else we shall be a","r, and while we are zealous in one, we less attend i<br />the other, and therefore cannot easily be certain of<br />our meafires; and because sometimes two duties ofi<br />a very different matter are to be reconcil'd and wait-<br /><br />u<br />ed upon, who can tell what will be the event of it,<br />'1 s<br /><br />ince man's nature is so limited and little that it calln<br />not at once attend upon two objects ?<br />26. ,Is it po",N,2
44494,0812701500,1130483,1130826,0.755,49,1147423,1147597,A48874,12,top6-50,top40-50,"y: yet it requires Thought and Attention; and the Mind must apply its self to a regular deduction of it from some unquestionable parts of our Knowledge, or else we shall be a","Genius, and Judgment to the ut-<br />most. But in all Proposals, and Schemes which we draw<br />up in order to be reduced to Practice, we munl suppose<br />the World what it is, not what it ougbt to be i the fame<br />Ignorance, the fame Superflition, the faune Zeal, the fame<br />Resentments, the fime Bigotry, the amne every thing<br />which we have found hitherto among",N,2
47334,0682603600,29437,29814,0.753,49,1147423,1147597,A48874,12,top6-50,top40-50,"y: yet it requires Thought and Attention; and the Mind must apply its self to a regular deduction of it from some unquestionable parts of our Knowledge, or else we shall be a","in the utmost perfecion. And<br />it is the hame in all other arts and sciences;<br />the more or less the afiection of knowledge<br />in any art or science is heated, the more or<br />less strongly is the Will influenced thereby;<br />and hence it is, that we are the more or less<br />steady in the pursuit thereof, without any re-<br />gard to reason, as that has no concern in the<br />choice of any end, but only",T,2
47816,1251201500,203097,203465,0.753,49,1147423,1147597,A48874,12,top6-50,top40-50,"y: yet it requires Thought and Attention; and the Mind must apply its self to a regular deduction of it from some unquestionable parts of our Knowledge, or else we shall be a","-to carry the art of governing, and of sub-<br />flitting with propriety to be governed-to the<br />extent, of which with ease we can form an idea.<br /><br />THE bulk of mankind so hurry through life, it<br />is but from few we can expeE any thing of this<br />kind; and those few who are the most capable,<br />seldom dwell upon subje&s which they suppose<br /><br />must<br /><br />1S6<br />must end in mere Vain speculation,",N,2
57361,0421401000,861165,861566,0.748,49,1147423,1147597,A48874,12,top6-50,top50-60,"y: yet it requires Thought and Attention; and the Mind must apply its self to a regular deduction of it from some unquestionable parts of our Knowledge, or else we shall be a","the attention of philosophers, none has more perplexed<br />them than the inquiry into the nature of the human foul,<br />orhow far the mind is acuated or direte- by the frame<br />or disposition of the body. However this may be, it is<br />certain, that the calmness and serenity of the mind depend<br />much upon a happy conffituted frame of body, and such<br />a habit of life, as may not contribute to alter that frame<br />from it'",N,2
61065,0052000900,110114,110525,0.746,49,1147423,1147597,A48874,12,top6-50,top50-60,"y: yet it requires Thought and Attention; and the Mind must apply its self to a regular deduction of it from some unquestionable parts of our Knowledge, or else we shall be a","mortified and moped with the absurd documents<br />of contemplation, before they know any thing<br />to contemplate upon, they can never be revived<br />out of that dull and lazy lethargy, to be applied<br />to any magnanimous acivity.<br /><br />The next consideration is, for the benefit of<br />the world, and good of mankind: in which the<br />dil;luifition will be extended little farther, than<br />whether a man who lives in the world is able to<br />con",T,2
62884,0905300400,41777,42125,0.746,49,1147423,1147597,A48874,12,top6-50,top50-60,"y: yet it requires Thought and Attention; and the Mind must apply its self to a regular deduction of it from some unquestionable parts of our Knowledge, or else we shall be a","Hence,<br />the direc way for us to afliftEature must be, to do it in a man-<br />ner consistent with those laws: -hieh method can only be dif--<br />covered by being intimately acqatinted with- them. It is true,<br />there are many people dextrous in handy-crafts, who attend to<br />no other theories than thofewhich pratice and imitation furniih;<br />but such, when you have",T,2
64882,1060800402,302509,302853,0.745,49,1147423,1147597,A48874,12,top6-50,top50-60,"y: yet it requires Thought and Attention; and the Mind must apply its self to a regular deduction of it from some unquestionable parts of our Knowledge, or else we shall be a","of the publick-fpirited Temper of<br /><br />2 ' Mind,<br /><br />c[ o<br />io<br />' Mind, I am speaking of, and we are now therefore convinced how pre-<br /><br />ferable it is, to what (without the Mortification' of entering into Parti-<br />culars) has been formerly known, 'tis hoped we ihall every one of us be<br />for prolonging the Happiness we enjoy, and do all in our Power to pre-<br />'",N,2
66200,0029100500,244567,244921,0.744,49,1147423,1147597,A48874,12,top6-50,top50-60,"y: yet it requires Thought and Attention; and the Mind must apply its self to a regular deduction of it from some unquestionable parts of our Knowledge, or else we shall be a","to me, but we were originally made to walk<br />or go on all four--some where I have met with<br />1trong arguments, in favor of this opinion, tho'<br />3my memory does not now furnilh me with par-<br />ti.cliars---a child for instance, naturally goes on<br />hands and feet, 'till being taught, and the ex-<br />amples every day before i, learns it an ere8c<br />polture ?----and whether,",N,2
67289,0223601400,11018,11430,0.744,49,1147423,1147597,A48874,12,top6-50,top60-70,"y: yet it requires Thought and Attention; and the Mind must apply its self to a regular deduction of it from some unquestionable parts of our Knowledge, or else we shall be a",", as I<br />conceive, acknowledging the difficulty of in-<br />vestigating the subject now under consider-<br />ation. As this method cannot be admitted<br />in our inquiries after natural knowledge, I<br />hope this attempt will be received with can-<br />dour, and that my errors may, in the minds<br />of learned men, find a ready excuse in the<br />difficulty of the subject.<br /><br />The uniformity, as to temperature, quality,<br />and quantity, observable in",T,2
69658,1089500500,246224,246550,0.743,49,1147423,1147597,A48874,12,top6-50,top60-70,"y: yet it requires Thought and Attention; and the Mind must apply its self to a regular deduction of it from some unquestionable parts of our Knowledge, or else we shall be a","ther give nor<br />take away from any one probity,<br />ind:.,ry, or other good qualities.<br />But is the mind, captivated by<br />wicked lifls, finks into idlenefs and<br />pleafiure, after it hasfor a while<br />indulged its humour, to the ruin of<br />it's own vigour, and that of the<br />body, befides lofs of time, the<br />weakne s of human nature is bla-<br />med for",T,2
75400,0175700300,1555523,1555883,0.74,49,1147423,1147597,A48874,12,top6-50,top60-70,"y: yet it requires Thought and Attention; and the Mind must apply its self to a regular deduction of it from some unquestionable parts of our Knowledge, or else we shall be a","Distillation, which, like the Knowledge of the Science of<br />Chcmiftry, of which Diflillation is a Part, may be increased arid improved in a )e-<br />gree, and to an Extent at present altogether unknown, or beyond Belief ?-and this<br />Circtimfiance must ever render the Idea of a permanent pure L.icence Duty utterly<br />incalculable. It is also obvious here to remark the In",N,2
76212,1099700102,288732,289046,0.74,49,1147423,1147597,A48874,12,top6-50,top60-70,"y: yet it requires Thought and Attention; and the Mind must apply its self to a regular deduction of it from some unquestionable parts of our Knowledge, or else we shall be a","ou de l'obfervation que des conféquen-<br />ces rigoureufes; rien de plus difficile que de fe ga-<br />rantir de la féduaion fyiéimatique, du préjugé &<br />de la précipitation. Il ne peut y avoir qu'une théo-<br />rie fur une machine qui efi une , & la découverte<br />de cette théorie eft d'autant plus éloignée que la ma-<br />chine cil plus",T,5
79929,0449000100,6795,7171,0.739,49,1147423,1147597,A48874,12,top6-50,top60-70,"y: yet it requires Thought and Attention; and the Mind must apply its self to a regular deduction of it from some unquestionable parts of our Knowledge, or else we shall be a","ation,<br />without the participation of;each.<br /><br />A<br /><br />[ I2 ]<br />A rational arrangement of refleaions<br />and abftration of Ideas, cannot be<br />produced, when the Brain and its ap-<br />pendages are by violence, or other<br />occult causes, obftruted in its pro-<br />per action.<br /><br />Se&.. 9WHEN the constitution<br />of the body, and its secretions which<br />are parts of it, abound with Bile,<br />the Soul is dark, designing",T,2
90474,0574801000,360831,361232,0.735,49,1147423,1147597,A48874,12,top6-50,top70-80,"y: yet it requires Thought and Attention; and the Mind must apply its self to a regular deduction of it from some unquestionable parts of our Knowledge, or else we shall be a","concern<br /><br />of mortals, without which there can<br />be no happiness or hope, in time, or to eter-<br />nity.-To have-a comfortable evidence that<br />we do truly believe, will administer unspeak-<br />able fatisfation and joy both in life and<br />death.- It is therefore of the first impor-<br />tance, that every man possess this evidence<br />for himself. The design of the present chap-<br />ter is to assist the reader in the awful and so",N,2
91161,0963800100,122224,122592,0.735,49,1147423,1147597,A48874,12,top6-50,top70-80,"y: yet it requires Thought and Attention; and the Mind must apply its self to a regular deduction of it from some unquestionable parts of our Knowledge, or else we shall be a","education only can<br />Expand the heart, and form the man.<br /><br />How<br /><br />How unextended views will shrink<br />The mind that ne'er was taught to think !<br />Confin'd ideas, wanting room,<br />Will cramp and fix the foul at home?<br /><br />To philosophic eyes, this ball<br />Of earth itself's exceeding small,<br />Coompar'd, ev'n in this system, to<br />Material worlds within our view<br />Yet frars on stars, the learned",T,2
91922,0230700600,18940,19321,0.734,49,1147423,1147597,A48874,12,top6-50,top70-80,"y: yet it requires Thought and Attention; and the Mind must apply its self to a regular deduction of it from some unquestionable parts of our Knowledge, or else we shall be a","to gain ground, there<br />must of necessity be a deviation or de-<br />parture from these principles, and the con-<br />sequences thence resulting must of course<br /><br />be<br /><br />[ Is ]<br />be imputed not to the principles, but to<br />the deviation or departure from them. And<br />this was but too fully illustrated in the<br />instance he has alluded to in the preced-<br />ing quotation; for it is to a blind cre-<br />dulity placed",M,2
101767,0858800200,602512,602863,0.731,49,1147423,1147597,A48874,12,top6-50,top70-80,"y: yet it requires Thought and Attention; and the Mind must apply its self to a regular deduction of it from some unquestionable parts of our Knowledge, or else we shall be a","i/i's Future judgment of us, for all our Actions, make us<br />very careful how we lead our Lives ?<br /><br />Anfw. Yes; it fliou'd do it above all things. We must account for<br />all our Thoughts, Words, and Adtions. And an Eternity of highest Llifs<br />or Woe, depends upon tie account we make. And therefore we had<br />need to do all things here with such care, that when we",N,2
102912,0059600300,47797,48197,0.731,49,1147423,1147597,A48874,12,top6-50,top70-80,"y: yet it requires Thought and Attention; and the Mind must apply its self to a regular deduction of it from some unquestionable parts of our Knowledge, or else we shall be a","found united in one person. Wherefore<br />tho' there be toine who by their education, situation and natural parts, are<br />fitted to make great progress in the search after truth; yet this is a matter of<br />fich infinite pails, that in reality there are few who will undergo the labour<br />of the enquiry.<br /><br />It may be Cid indrcd, that there is no ncceifity for supposing great numbers<br />of mankind, able to investigate",T,2
105993,0648600600,10473,10876,0.73,49,1147423,1147597,A48874,12,top6-50,top80-90,"y: yet it requires Thought and Attention; and the Mind must apply its self to a regular deduction of it from some unquestionable parts of our Knowledge, or else we shall be a","""<br /><br />SUtIIIPRA 1.<br />The most capital things of nature lie' generally-<br />out of the common track; and, therefore the man<br />who aims at great and useful, discovery, must<br />take much upon himself, for few will' follow. until<br />the point is fully ascertained;. and it is well if he<br />dpes not meet with discouragement for his diligent<br />inquiry.<br /><br />In. proportion to our confidence, proficiency,<br />and enlarged views of nature,",M,2
110301,0006701001,388559,388951,0.729,49,1147423,1147597,A48874,12,top6-50,top80-90,"y: yet it requires Thought and Attention; and the Mind must apply its self to a regular deduction of it from some unquestionable parts of our Knowledge, or else we shall be a","and leading idea, which, being seized and un-<br />folded, would make every subordinate idea easy and<br />intelligible, and render the whole line of conduct very<br />direc and plain but I am sure that this general ide:!<br />cannot be made good to you without a knowledge o(<br />the whole subjet, of whlich I must not suppose y-o<br />are possessed. I am sure it will be right to depart<br />from my usual plan, and, inifead",M,2
113261,1238000600,48043,48416,0.728,49,1147423,1147597,A48874,12,top6-50,top80-90,"y: yet it requires Thought and Attention; and the Mind must apply its self to a regular deduction of it from some unquestionable parts of our Knowledge, or else we shall be a","curring to the Fation again; such,<br />I fay, is the Disorder and Confusion, as in this<br />Book appears; that it would be an Herculean<br />Task to unravel it, and would require a volumi-<br />nous Piece of Work to refute, eparately, each<br />daring and absurd Proposition advanced by these<br />Authors as indisputable. However, we cannot<br />avoid taking Notice of what is called by the De-<br />teaors the",N,2
113465,0423300903,137527,137909,0.728,49,1147423,1147597,A48874,12,top6-50,top80-90,"y: yet it requires Thought and Attention; and the Mind must apply its self to a regular deduction of it from some unquestionable parts of our Knowledge, or else we shall be a","our enjoyment. A mind, willing to employ it-<br />self in vain conje&ures, can never want fubjets<br />upon which to expatiate. Thus, for instance,<br />whether brutes have fouls? whether they have<br />reason ? whether they have memory, or are only<br />mere machines ? there are topics that may em-<br />ploy the speculative, but can never recom-<br />penfe the enquiry. They are queflions concern-<br />ing which we may",T,2
118110,1184302200,2343,2726,0.727,49,1147423,1147597,A48874,12,top6-50,top80-90,"y: yet it requires Thought and Attention; and the Mind must apply its self to a regular deduction of it from some unquestionable parts of our Knowledge, or else we shall be a","an. pursue<br />that, which alone can make it usef'ul or pro-<br />per; I mean, the application of it' upon<br />right principles to ourfeves. I am sensible<br />it is in. this that the fitness and excellence of<br />a subject must consist, and to thismy feeble<br />endeavours hall be bent, while I beg leave<br />to suggest to you a few-refleaions<br /><br />First, Upon the awful judgements of<br />GOD, which demand our attention",N,2
0,0808600500,677799,678167,0.88,59,319183,319431,A48874,11,top51-150,top5,"e call the Existence, or the Continuation of the Existence of our selves, or any thing else, Commensurate to the succession of any *Ideas* in our Minds, the *Duration* of our selves, or any such other thing co-existing with our Thinking.<br /><br />§. 4. Tha","be kept distinct, necessary-existe2ce and self-existence. By<br />"" nzecessar3y-existent usually has been understood what always<br />' has existed, and must exist eternally and immutably; by<br />""self-existen7t what is no way derived from any prior, co-<br />"" eval cause or principle.-~The ideas are therefore plainly<br />""distinct; and it is at least possible to suppose a being<br />"" eternal",M,2
1,0634302000,11983,12300,0.879,59,319183,319431,A48874,11,top51-150,top5,"e call the Existence, or the Continuation of the Existence of our selves, or any thing else, Commensurate to the succession of any *Ideas* in our Minds, the *Duration* of our selves, or any such other thing co-existing with our Thinking.<br /><br />§. 4. Tha","of Existence is lodg'd within it-<br />self, to suppose the Principles of Non-Exi-<br />ftence lodg'd within it too, is to suppose<br />two contraditory Ideas.<br /><br />Fifthly, Whatever has existed from E-<br />ternity, and by the Energy of its own Na-<br />ture, cannot be under any Limitation<br /><br />* Obj. if a Series be ippofed eternal and felf-exyifc",M,2
2,1396800300,76653,77030,0.876,59,319183,319431,A48874,11,top51-150,top5,"e call the Existence, or the Continuation of the Existence of our selves, or any thing else, Commensurate to the succession of any *Ideas* in our Minds, the *Duration* of our selves, or any such other thing co-existing with our Thinking.<br /><br />§. 4. Tha","E should<br /><br />be the word for existence, and 0 for cause.<br /><br />For my own part, I fee ino reason why the<br /><br />idea of existence should enter into the compo-<br /><br />fition of a verb, more than into the compo-<br /><br />fition of a noun. If, as I said before, the E, or<br />exprefflon for existence, is supposed to have<br />been merely an exclamation upon the first<br />feeing or otherwise feeling any thing, then<br />such",T,2
3,1194101100,608099,608421,0.876,59,319183,319431,A48874,11,top51-150,top5,"e call the Existence, or the Continuation of the Existence of our selves, or any thing else, Commensurate to the succession of any *Ideas* in our Minds, the *Duration* of our selves, or any such other thing co-existing with our Thinking.<br /><br />§. 4. Tha","Eternal Being; and sup-<br />,pole it, one knows not what,. a thing subsisting by itself,<br />' and flowing, one minute after another. This. is the work<br />of pure imagination, and contrary to the reality of things.<br /><br />'. ~* · <*' Hence<br /><br />So this obje&ion fuppolcs an .extent .of space<br />beyond the limits of the<br />h creation, of an i.ni-<br />ni",T,2
4,0440600200,393528,393899,0.873,59,319183,319431,A48874,11,top51-150,top5,"e call the Existence, or the Continuation of the Existence of our selves, or any thing else, Commensurate to the succession of any *Ideas* in our Minds, the *Duration* of our selves, or any such other thing co-existing with our Thinking.<br /><br />§. 4. Tha","in our<br />""Minds, we know that we do exist: and<br />"" so we call the Exigence, or the Conti-<br />""nuation or Existence of ourselves, or any<br /><br />thing else commensurate to the Succession<br />""of any Ideas in our Minds, the Duration<br />""of ourselves, or any such other Thing co.<br />""existing with our Thinking *.""<br /><br />From these Principles it is manifest, that<br />one Day may appear as a thousand Years,",P,2
160,0032000100,180681,181002,0.837,59,319183,319431,A48874,11,top51-150,top0-10,"e call the Existence, or the Continuation of the Existence of our selves, or any thing else, Commensurate to the succession of any *Ideas* in our Minds, the *Duration* of our selves, or any such other thing co-existing with our Thinking.<br /><br />§. 4. Tha",""" afually in it self, or at least in a higher de-<br />"" gree: It necefiarily follows, that the first,<br />"" Eternal Being cannot be Matter.<br /><br />In the preceding 8th Se&ion, after having<br />concluded, that Something has existed from Eter-<br />nity, Mr. L's enquiry is: Let us next fee what kind<br />of Thing that must be. And having often efta-",T,2
1406,0602800203,2066720,2067095,0.805,59,319183,319431,A48874,11,top51-150,top0-10,"e call the Existence, or the Continuation of the Existence of our selves, or any thing else, Commensurate to the succession of any *Ideas* in our Minds, the *Duration* of our selves, or any such other thing co-existing with our Thinking.<br /><br />§. 4. Tha","er can never begin to be if<br /><br />bare Matter without Miotion eternal, Motion can never begin to be ; f atter<br />and Motion befuppofed eternal, Thought can never begin to be. For, js itter<br />could produce Thought, then Thought muit be in the power of Matter; and if it<br />be in Matter as such, it mu be the in eparable Property of all Matter hic<br />is contrary to the Sense and Experience of",T,2
1432,0196700101,326805,327199,0.805,59,319183,319431,A48874,11,top51-150,top0-10,"e call the Existence, or the Continuation of the Existence of our selves, or any thing else, Commensurate to the succession of any *Ideas* in our Minds, the *Duration* of our selves, or any such other thing co-existing with our Thinking.<br /><br />§. 4. Tha","upon this subjet ? A duration pafi, which<br />never began, every moment in this duration<br />finite, and yet the duration consisting of<br />these moments infinite ! We cannot but con-<br />ceive of eternity itself as a line made up of<br />points; and yet it is such a line in which<br />we cannot possibly assign a first point. Self-<br />existence! necessary existence ! eternal ex-<br />-iffence! must we not ltand still, and fa",T,2
2537,1586800400,57482,57783,0.794,59,319183,319431,A48874,11,top51-150,top0-10,"e call the Existence, or the Continuation of the Existence of our selves, or any thing else, Commensurate to the succession of any *Ideas* in our Minds, the *Duration* of our selves, or any such other thing co-existing with our Thinking.<br /><br />§. 4. Tha","Bounds can be se·t unto them.<br />3. In refpea of Place, being every-wrhere priefent, and un-<br />bounded by any Place. 4~. In refpedt of Duration, being<br />Eternal, and bounded by no Time'.<br /><br />Q. Whatcr und~er-Jtand you by G~od's being EternalZ<br />A. That he is without Beginning, and without End;<br /><br />which no Creature",T,2
3195,0209000302,116935,117254,0.79,59,319183,319431,A48874,11,top51-150,top0-10,"e call the Existence, or the Continuation of the Existence of our selves, or any thing else, Commensurate to the succession of any *Ideas* in our Minds, the *Duration* of our selves, or any such other thing co-existing with our Thinking.<br /><br />§. 4. Tha",": that is, the eternal, self existent, incom-<br />prehenlible, and infinite being of beings, who alone<br />VOL. II. F properly<br /><br />properly is, and who is being itself. For all this is<br />Implied in that ineffable name, which is here rendered:<br />THE Lo RD. Iam, who am, faith he, Exod. iii. 1.<br />And, lie who is, halth /it me to you,TH E",T,2
5231,0505100400,176282,176702,0.779,59,319183,319431,A48874,11,top51-150,top10-20,"e call the Existence, or the Continuation of the Existence of our selves, or any thing else, Commensurate to the succession of any *Ideas* in our Minds, the *Duration* of our selves, or any such other thing co-existing with our Thinking.<br /><br />§. 4. Tha","thinking and metaphysical persons conceive ofit, is sup-<br />posed to consist in the relations of equality or inequality,<br />or agreement or disagreement. Now we are to confider,<br />that these relations may be of three forts, either such as<br />are between created beings, or such as are between intel-<br />ligible ideas, or such as are between created beings<br />and their ideas. And we are also to confider, that<br />there are two general forts",T,2
8758,0945300200,48681,49043,0.768,59,319183,319431,A48874,11,top51-150,top10-20,"e call the Existence, or the Continuation of the Existence of our selves, or any thing else, Commensurate to the succession of any *Ideas* in our Minds, the *Duration* of our selves, or any such other thing co-existing with our Thinking.<br /><br />§. 4. Tha","Eter-<br />nity. That all other Beings had a Be-<br />ginning; and derived their Existence from<br />him. That he created them, or caused<br />them to exist out of Nothing; not out<br />of a pre-existing Chaos, which is a very<br />Chimerical Notion. Whether we sup-<br />pose it Eternal, or to have been created<br />before the World. For if we suppose<br />such a Chaos Eternal; it is as absurd and<br />a more",T,2
10650,0594700500,52084,52449,0.763,59,319183,319431,A48874,11,top51-150,top10-20,"e call the Existence, or the Continuation of the Existence of our selves, or any thing else, Commensurate to the succession of any *Ideas* in our Minds, the *Duration* of our selves, or any such other thing co-existing with our Thinking.<br /><br />§. 4. Tha","existing,<br />or asing, resembles the SUPREME BEING; (though, at the best, in<br />an insignificant comparative degree,) the general happiness of that<br />being is augmented. Now, the Supreme Being is pure mind; he is<br />all, MIND.<br />f Here I refer to the immediate degree of impulse and impreflion.<br />God forbid that I fliould insinuate that, in the amount of life, it is<br />better to be",N,2
10886,1435101000,4333,4609,0.762,59,319183,319431,A48874,11,top51-150,top10-20,"e call the Existence, or the Continuation of the Existence of our selves, or any thing else, Commensurate to the succession of any *Ideas* in our Minds, the *Duration* of our selves, or any such other thing co-existing with our Thinking.<br /><br />§. 4. Tha","&t. I. : I EN I exramine my notion.<br /><br />of the f~elf-exiftent, all-perfe&<br /><br />WIy Being, I find, among others,<br /><br />thes~e two ideas, of ingnite knolw-<br />l~edge, and a correspondent e-<br /><br />nergy, or a~tive force included in it. The know-<br />ledge which this Being hath, of what is fit or<br />unfit,",N,2
13025,1393500600,99574,99908,0.758,59,319183,319431,A48874,11,top51-150,top10-20,"e call the Existence, or the Continuation of the Existence of our selves, or any thing else, Commensurate to the succession of any *Ideas* in our Minds, the *Duration* of our selves, or any such other thing co-existing with our Thinking.<br /><br />§. 4. Tha","~an,<br />because Rationality is one or the chief Idea in Man's<br />Definition. Lfet mne then ask Mr. Locke, Is Think-<br />ing an Idea annex'd to Matter? Do we take Cogita-<br />tion, mto ·our Definition of it ? ·Or is there not more<br />than mere Matter in our TIhoughts, when we feri-<br />oufly talk of Reason and Refle~ion? ;<br /><br />It has ever been acknowledged,",P,6
15014,0413300600,3347,3760,0.754,59,319183,319431,A48874,11,top51-150,top20-30,"e call the Existence, or the Continuation of the Existence of our selves, or any thing else, Commensurate to the succession of any *Ideas* in our Minds, the *Duration* of our selves, or any such other thing co-existing with our Thinking.<br /><br />§. 4. Tha","what means can we<br />conceive this fluggilh and insensible mass that<br />we call matter, to be an eternal being without<br />any beginning ? Do we not clearly fee that it<br />has no cause in itself of its existence, and that<br />it is ridiculous to attribute to the vilest and<br />molt contemptible of all beings the greatest<br />of all perfections, which is to exiff of itself ?<br />I am sensible, I am infinitely more noble than<br />this matter; I",T,2
16869,1663400412,764256,764564,0.751,59,319183,319431,A48874,11,top51-150,top20-30,"e call the Existence, or the Continuation of the Existence of our selves, or any thing else, Commensurate to the succession of any *Ideas* in our Minds, the *Duration* of our selves, or any such other thing co-existing with our Thinking.<br /><br />§. 4. Tha","does not err, it is at least<br />certaih~, be~caus~e he thinks, that he is, and that he lives;<br />it being impossible to ~separate being and -lif~e froin<br />thought, and to believe that what thinks is not, and<br />does not: live.<br /><br />C3HA P TE'R IL;<br /><br />Opinions of the ancient phbilofophers concrnintg thi<br /><br />Ethics, 'or morality",N,2
17561,1263500100,1819952,1820221,0.75,59,319183,319431,A48874,11,top51-150,top20-30,"e call the Existence, or the Continuation of the Existence of our selves, or any thing else, Commensurate to the succession of any *Ideas* in our Minds, the *Duration* of our selves, or any such other thing co-existing with our Thinking.<br /><br />§. 4. Tha","in the mind.- ,. n. to think;<br />to muse; to contemplate.<br /><br />MEDITA'TI ON, . f. deep thought;<br />close attention; contrivance; co(neniflt-<br />tion. Thought employed upon faC'e<br />objedcs. A series of thoughts, occaft;,nc<br />by any objclt or occurrence.<br /><br />IME'Di-TAlTIVE, adj. addicted t0",T,2
17997,0442100700,79899,80257,0.749,59,319183,319431,A48874,11,top51-150,top20-30,"e call the Existence, or the Continuation of the Existence of our selves, or any thing else, Commensurate to the succession of any *Ideas* in our Minds, the *Duration* of our selves, or any such other thing co-existing with our Thinking.<br /><br />§. 4. Tha","refpet to the real exiRfence or being of the thing it-<br />self, or in regard. to its root and origin, so necessarily<br />has no end, or may at least be without end or any<br />cessation. ,<br /><br />3. Therefore, whenever we find the word eternal,<br />or everlasting, in the holy Scriptures, we are not im-<br />mediately to conclude tha -an abfoluwly endless du-<br /><br />E ration<br /><br />'<br />( 46<br />ration",T,2
21976,0651401400,50406,50826,0.744,59,319183,319431,A48874,11,top51-150,top20-30,"e call the Existence, or the Continuation of the Existence of our selves, or any thing else, Commensurate to the succession of any *Ideas* in our Minds, the *Duration* of our selves, or any such other thing co-existing with our Thinking.<br /><br />§. 4. Tha","e possibly taken of what is infinite and<br />immense; no adequate, no competent idea can<br />be formed, no comprehensive metaphysical idea<br />of an infinite, uncaused Being. But in the other<br />sense of an image, understood as what has an<br />apt tendency to raise in us an idea or conception<br />of what is absolutely invisible, or of what is the<br />internal purpose, the will, desire or design of<br />another intelligent being, our Jesus may be ju",N,2
27237,0612900900,606444,606788,0.738,59,319183,319431,A48874,11,top51-150,top30-40,"e call the Existence, or the Continuation of the Existence of our selves, or any thing else, Commensurate to the succession of any *Ideas* in our Minds, the *Duration* of our selves, or any such other thing co-existing with our Thinking.<br /><br />§. 4. Tha","e Condition, it is in a great Part<br />dlivered from bodily Operations, and from the Business of<br />he outward Senses, and from the Commerce with external<br />nd worldly Matters, which puts it, as it were, into a Kind<br />o!Sabbath, or tfate of RefR? Now the more quiet the Soul<br />i, and the more fequeftred from earthly and outward Things,<br />le more apt it is to",N,2
30170,0209200702,252205,252515,0.735,59,319183,319431,A48874,11,top51-150,top30-40,"e call the Existence, or the Continuation of the Existence of our selves, or any thing else, Commensurate to the succession of any *Ideas* in our Minds, the *Duration* of our selves, or any such other thing co-existing with our Thinking.<br /><br />§. 4. Tha","or the develope-<br />ment, to infinity, has likewise no exiftenee; that it<br />is no other than an abftraded idea, an abridgment of<br />the iea of finitude, from which we remove the li-<br />mits that must neccfiarily terminate all greatness; and<br />that we rmutt conf:quently rejct, in philosophy, every<br /><br />P 4 opinio<br /><br />I know that,",T,2
30268,0225000900,2163,2527,0.735,59,319183,319431,A48874,11,top51-150,top30-40,"e call the Existence, or the Continuation of the Existence of our selves, or any thing else, Commensurate to the succession of any *Ideas* in our Minds, the *Duration* of our selves, or any such other thing co-existing with our Thinking.<br /><br />§. 4. Tha",", yet<br />our Inward Man is renewed Day .by Day. ----- FhiliP<br />we look not at the things which are seen, but at the<br />things which are not seen .' For'the things which<br />are Jsen are Temporal, but the things which are not<br />seen are Eternal.<br /><br />From which account of these Words, as they<br />thus fiand with relation to the Context, it appears<br />.that the Import of them must be this",T,2
31538,1578801600,117052,117375,0.734,59,319183,319431,A48874,11,top51-150,top30-40,"e call the Existence, or the Continuation of the Existence of our selves, or any thing else, Commensurate to the succession of any *Ideas* in our Minds, the *Duration* of our selves, or any such other thing co-existing with our Thinking.<br /><br />§. 4. Tha","itself life, or hath life. If~ it were itself<br />life, it would make another thing live, but not<br />itself : AS mto moves,,, somewhat eye rather<br />than i~tself. Nowz that the foul 1ives, no one1<br />Will contradith B fut ty it lives, it is not the<br />li fe it/elf that it lives ; but it is partaker of<br />I ife. NTow what partakes of anzy th",N,2
35013,0648400400,41629,41951,0.731,59,319183,319431,A48874,11,top51-150,top30-40,"e call the Existence, or the Continuation of the Existence of our selves, or any thing else, Commensurate to the succession of any *Ideas* in our Minds, the *Duration* of our selves, or any such other thing co-existing with our Thinking.<br /><br />§. 4. Tha","Conceptio; and how a Woman may know<br />whether fie hath conceived or ot; and<br />whether a Male or Femal .<br />T- HE natural Infint that Nature<br /><br />I has implanted in Men and Women,<br />to propsgate their own Species, puts them |<br />uon making Use of those Ways thatS<br />- ^s re ihas ordained for that End, which<br />a.i-. -.ie have, made Uade sUe of",N,2
39866,0013100201,11246,11617,0.727,59,319183,319431,A48874,11,top51-150,top40-50,"e call the Existence, or the Continuation of the Existence of our selves, or any thing else, Commensurate to the succession of any *Ideas* in our Minds, the *Duration* of our selves, or any such other thing co-existing with our Thinking.<br /><br />§. 4. Tha","existence, a<br />more firiking and affecing lesson than<br />abftral philosophy can ever afford.<br /><br />C HAP. I.<br />T H E events of my life have been<br />few, and have in them nothing very un-<br />common, but the effects which they have<br />produced on my mind; yet, that mind<br />they have helped to form, and this in the<br />eye of philosophy, or affetion, may ren-<br />der them not wholly uninteresting. While",T,2
41529,0498000103,516988,517285,0.726,59,319183,319431,A48874,11,top51-150,top40-50,"e call the Existence, or the Continuation of the Existence of our selves, or any thing else, Commensurate to the succession of any *Ideas* in our Minds, the *Duration* of our selves, or any such other thing co-existing with our Thinking.<br /><br />§. 4. Tha","to make t:e mind familiar with<br />the thoughts of immortality, and<br />contrac as it were unawares, an ha-<br />bitual Ferfuafion of it, by writings<br />bLI.t on that foundation, and ad-<br />cj..?id to the affechons, and inca-<br />g..aticn, cannot be thought im-<br />F'Po-r, either as a dotrine or a-<br />n.uicmen- :andfor n hich",N,5
46325,1334500102,4086932,4087254,0.722,59,319183,319431,A48874,11,top51-150,top40-50,"e call the Existence, or the Continuation of the Existence of our selves, or any thing else, Commensurate to the succession of any *Ideas* in our Minds, the *Duration* of our selves, or any such other thing co-existing with our Thinking.<br /><br />§. 4. Tha","e mcaning i,,<br />"" That God knoweth every instant of time, and what p. Ifl th<br />t in it."" Some unJerltand it, "" That he lees into all future<br />"" events, and knows perfctcUy all the changes that happen in<br />' nature."" Grotius Cahnet.<br /><br />21 He hath garnijhed the excellent works of his wisdom, & E.]<br /><br />In some copies of the Gr-ek rh s '",N,2
49058,0124200601,281320,281669,0.721,59,319183,319431,A48874,11,top51-150,top40-50,"e call the Existence, or the Continuation of the Existence of our selves, or any thing else, Commensurate to the succession of any *Ideas* in our Minds, the *Duration* of our selves, or any such other thing co-existing with our Thinking.<br /><br />§. 4. Tha","Ideas of Things both temporal and eternal<br />are extremely weaken'd and obfcured-by it;<br />and the Extent of her Understanding is re-<br />duced within a very narrow Compass, as<br />we plainly experience, in this Life. But<br />the is no sooner disengaged from the Clog<br /><br />Tom. I. L and<br /><br />and Encumbrance of the Body, but the<br />darkMift, that hung before her is difipated<br />in",T,2
49512,0447900800,47705,48078,0.72,59,319183,319431,A48874,11,top51-150,top40-50,"e call the Existence, or the Continuation of the Existence of our selves, or any thing else, Commensurate to the succession of any *Ideas* in our Minds, the *Duration* of our selves, or any such other thing co-existing with our Thinking.<br /><br />§. 4. Tha","-<br />ther purpose.<br /><br />Cap. III. Se . i, Reg. 3.<br /><br />The<br /><br />E 29 ]<br />The human mind is for ever busy in treasuring up,<br />every thing which comes within the reach of its per-:<br />ceptions; and, that its fitores may be of use and al-<br />ways at hand, they are divided into various classes;<br />and every class has its peculiar name: by which means<br />every perception becomes at once diftin& and com-<br />mu",T,2
58435,1455400500,59956,60322,0.715,59,319183,319431,A48874,11,top51-150,top50-60,"e call the Existence, or the Continuation of the Existence of our selves, or any thing else, Commensurate to the succession of any *Ideas* in our Minds, the *Duration* of our selves, or any such other thing co-existing with our Thinking.<br /><br />§. 4. Tha","·eatest philosophers of the pre-<br /><br />sent age have been endeavouring to improve<br />those infiruments of this description we have al-<br />ready, and to invent others les~s objeaionable;<br />but 1 presume the obje~t is not yet fully attained.<br />--To ascertain the exaat quantity of water in a<br />given quantity of air, and als~o the disposition of'<br />the air for imbibing or depositing it,",N,2
61989,0083601900,76618,76957,0.713,59,319183,319431,A48874,11,top51-150,top50-60,"e call the Existence, or the Continuation of the Existence of our selves, or any thing else, Commensurate to the succession of any *Ideas* in our Minds, the *Duration* of our selves, or any such other thing co-existing with our Thinking.<br /><br />§. 4. Tha","dle, while the Body and its Senses<br />are hush'd and cease from A&ion;<br />for then the Soul, as it is immor-<br />tal, perceives its self free from the<br />Incumbrances of the Body, and retires<br />into herself, and aQSs with more ex-<br />alted Views, looking forwards into<br />Futurity, and acquiring a kind of Pref-<br />cience of Things to come. These Ex-<br />travagancies",T,2
63672,1501601000,1413,1715,0.712,59,319183,319431,A48874,11,top51-150,top50-60,"e call the Existence, or the Continuation of the Existence of our selves, or any thing else, Commensurate to the succession of any *Ideas* in our Minds, the *Duration* of our selves, or any such other thing co-existing with our Thinking.<br /><br />§. 4. Tha","tions many<br />isre apt to make of it ; as if it conjifed in exteratal .P&e-<br />formances, or in the A1chanical Heats of the Fancy, or<br />(n embracing fome.Opinions or Interejs. It is and cah be<br />nothing ;else biit a Design to make us life GOD both.<br />in the inward Temper of our Minds, and in our whole<br />De'portment",N,2
65351,0983700200,65243,65618,0.711,59,319183,319431,A48874,11,top51-150,top50-60,"e call the Existence, or the Continuation of the Existence of our selves, or any thing else, Commensurate to the succession of any *Ideas* in our Minds, the *Duration* of our selves, or any such other thing co-existing with our Thinking.<br /><br />§. 4. Tha","-<br />ture.<br /><br />2. That in the very day of<br />our Birth our Creator teach-<br />es us, and in the highest part<br />ofthe Soul ingrafts the first<br />principles, and the true fun-<br />damental verities of this natu-<br />ral Philosophy.<br /><br />3. That the Duty of this<br />natural inftin&E is, to draw<br />those verities which naturally<br />are at a distance, to the use of<br />our Senses, and to render them<br />more familiar, by fet",N,2
66627,0895500200,177281,177582,0.711,59,319183,319431,A48874,11,top51-150,top50-60,"e call the Existence, or the Continuation of the Existence of our selves, or any thing else, Commensurate to the succession of any *Ideas* in our Minds, the *Duration* of our selves, or any such other thing co-existing with our Thinking.<br /><br />§. 4. Tha",",<br />Pure, simple; At the self-same instant, feeing<br />Things Present, Past, and Future; One, whose Ml4ib<br />Whole Wisdom, /cuftice, Mere, (in a hei'ght<br />bove Exceedisg) is Hgimflf. being Great<br />,ithout a Quantity, and most Compleat<br />Without Degrees; Eternal without fiace<br />Of time: At all times Prefeor, without P",T,2
68119,1169600700,9284,9632,0.71,59,319183,319431,A48874,11,top51-150,top60-70,"e call the Existence, or the Continuation of the Existence of our selves, or any thing else, Commensurate to the succession of any *Ideas* in our Minds, the *Duration* of our selves, or any such other thing co-existing with our Thinking.<br /><br />§. 4. Tha","asiness, which.that is capable of feeling, to<br />the Scheme of Happiness he forms to him-<br />self. He is so far from confidering the Ex-<br />tent of Happiness he is capable of, that he<br />is defirots of no other, than what is vwithin<br />the narrow Limits of Time and Body. And<br /><br />B the<br /><br />the Things that are at a distance, and re-<br />mote from him, (tho' the Frame of Ca",N,5
69889,0679200400,158618,159044,0.709,59,319183,319431,A48874,11,top51-150,top60-70,"e call the Existence, or the Continuation of the Existence of our selves, or any thing else, Commensurate to the succession of any *Ideas* in our Minds, the *Duration* of our selves, or any such other thing co-existing with our Thinking.<br /><br />§. 4. Tha","The line too labours, and the words move<br /><br />flow.<br />and doubtless the address to eternity as a<br />person, and repeating it with admiration are<br />proper enough itrokes. But might you not<br />have illustrated the incomprehensibleness of<br />eternity, by some more itrong or familiar<br />comparisons?<br />A. No doubt, it might be described by<br />infinite progressions and infinitesimal pow-<br />ers of numbers, which to mathematicians<br />may raise their conception",N,2
75821,0627501800,77516,77826,0.706,59,319183,319431,A48874,11,top51-150,top60-70,"e call the Existence, or the Continuation of the Existence of our selves, or any thing else, Commensurate to the succession of any *Ideas* in our Minds, the *Duration* of our selves, or any such other thing co-existing with our Thinking.<br /><br />§. 4. Tha","? And do- I dif-<br />countenance it in others as much as in my Power ?.-<br />Do I prefer. Things temporal to Things eternal,.andfeek,<br />by the Whole: of my ConduCt, to advance the Glory. of<br />God ?-Have I no Anxiety, orMurmurings, with Re-<br />gard to the Things of this:Life'; and am l contented in<br />that State, wherein it has",N,5
76593,0891600100,276151,276557,0.706,59,319183,319431,A48874,11,top51-150,top60-70,"e call the Existence, or the Continuation of the Existence of our selves, or any thing else, Commensurate to the succession of any *Ideas* in our Minds, the *Duration* of our selves, or any such other thing co-existing with our Thinking.<br /><br />§. 4. Tha","-<br />ficient of every particular term does nor vaniih.<br />For every term wherey is infinitely little,'is in<br />fillitly greater than the following terms, ib that<br /><br />S z if<br /><br />if every term oes not vanish of itself, the ad-<br />dition or fubtration of the following terms<br />which are infinitely less than it, or of the pre-<br />ceding terms which are infinitely greater, can-<br />not destroy it; and therefore the whole cannot<br />vanish.",N,2
80531,0582800101,290222,290584,0.704,59,319183,319431,A48874,11,top51-150,top60-70,"e call the Existence, or the Continuation of the Existence of our selves, or any thing else, Commensurate to the succession of any *Ideas* in our Minds, the *Duration* of our selves, or any such other thing co-existing with our Thinking.<br /><br />§. 4. Tha","Lflueice we have<br />no present perception ? Whatever is not pre-<br />"" ent, we can't perceive; as long as man has<br />""any perception, he lives; consequently death<br />"" is absent from him; but when he dies, percep-<br />"" tion ceases : therefore that is no evil, of which<br />""we have no perception.""<br />This argumentation some attribute to Epi-<br />curus. Death is certainly no evil: but the",N,2
91282,0777800100,197803,198163,0.7,59,319183,319431,A48874,11,top51-150,top70-80,"e call the Existence, or the Continuation of the Existence of our selves, or any thing else, Commensurate to the succession of any *Ideas* in our Minds, the *Duration* of our selves, or any such other thing co-existing with our Thinking.<br /><br />§. 4. Tha","without a free and unconstrained Power<br />of examining, marjhalling, and comparing<br />our Ideas, as they present themselves to<br />the Mind; and of Beginning and Ending<br />our own Tboughts, as we please. For o-<br />therwife, if we are swayed by any thing<br />Extrinsic to the Free Operations of our own<br />Minds, the Conclusion we come to, will<br />not be properly our own; it will be the",T,2
92316,0442200300,14518,14904,0.699,59,319183,319431,A48874,11,top51-150,top70-80,"e call the Existence, or the Continuation of the Existence of our selves, or any thing else, Commensurate to the succession of any *Ideas* in our Minds, the *Duration* of our selves, or any such other thing co-existing with our Thinking.<br /><br />§. 4. Tha","ends and uses of all things around us<br />determined by their inherent qualities?<br />.How tthen can we judge aright of the<br />relation which we ourselves stand in to<br />other minds, or of the manner in which<br />we ought to be affeEted towards them,<br />if we are strangers to the conflitution of<br />our own? What just views can we form<br />of our own happiness, or how can we<br />learn so to regulate .our pursuits as",N,2
92979,1734100500,295554,295853,0.699,59,319183,319431,A48874,11,top51-150,top70-80,"e call the Existence, or the Continuation of the Existence of our selves, or any thing else, Commensurate to the succession of any *Ideas* in our Minds, the *Duration* of our selves, or any such other thing co-existing with our Thinking.<br /><br />§. 4. Tha","of this my undertaking. Spenator, NO r24*<br /><br />It is~ this fedie which. furnishes the imaginationdwitl! its ideas;.<br /><br />to that by the pleas~ures of the infagination or fGncy (which. I<br />thall are protnifcuoufly) I here thean fach as arise frpm visible<br />objeks. l~btd. No* 411.<br /><br />In there examples, we find the",N,2
103117,0062804100,5506,5794,0.695,59,319183,319431,A48874,11,top51-150,top70-80,"e call the Existence, or the Continuation of the Existence of our selves, or any thing else, Commensurate to the succession of any *Ideas* in our Minds, the *Duration* of our selves, or any such other thing co-existing with our Thinking.<br /><br />§. 4. Tha","o be needless, or a Uniformity<br />be defl;'ojyed that firikes the Imagination,<br />-'hich is as gieat a ,1)ftery to us as<br />this preposterous Syflem would be.<br /><br />It is not demonfirated, that the Pla-<br />:nets gravitate to ths S&n: There may<br />1e a dark inwifible Body to every Fla-<br />net moving in a corer/",N,2
104230,0594701100,1027,1403,0.695,59,319183,319431,A48874,11,top51-150,top70-80,"e call the Existence, or the Continuation of the Existence of our selves, or any thing else, Commensurate to the succession of any *Ideas* in our Minds, the *Duration* of our selves, or any such other thing co-existing with our Thinking.<br /><br />§. 4. Tha","I777.<br />"" IBEGAN there Thoughts merely from<br />the impression of my mind, without plan,<br />purpofc, or motive, more than the fitua-<br />tion and state of my Soul. I continued<br />-' them on a thoughtful and regular. plan:<br />S and I have been enabled wonderfully---in<br />6( a ltate, which in better days -I should have<br />""' supposed would have destroyed all power<br />: of Refledion--to bring them nearly",N,2
107460,1169300800,11899,12253,0.694,59,319183,319431,A48874,11,top51-150,top80-90,"e call the Existence, or the Continuation of the Existence of our selves, or any thing else, Commensurate to the succession of any *Ideas* in our Minds, the *Duration* of our selves, or any such other thing co-existing with our Thinking.<br /><br />§. 4. Tha","-<br />derftand them: Could wc frame no Ideas at<br />all of such things, they then indeed would<br />be unintelligible, but some Ideas we have of<br />them, tho' obscure and imperfect ones, and<br />so far we assent to them as we know and<br />understand them and no farther. Which shews<br />the apparent difference there is betwixt incom-<br />prehenjible and unintelligible.<br /><br />aaCor. . 1l. b",T,2
111628,0582001900,1878,2238,0.692,59,319183,319431,A48874,11,top51-150,top80-90,"e call the Existence, or the Continuation of the Existence of our selves, or any thing else, Commensurate to the succession of any *Ideas* in our Minds, the *Duration* of our selves, or any such other thing co-existing with our Thinking.<br /><br />§. 4. Tha","w of Nature, and "" that it's<br />"" founded on the Nature of Things,<br />"" and their immutable Relations, and<br />"" therefore can no more be altered or<br />"" varyi than these eternal Relations of<br />""Things; that nothing can be -added<br /><br />to it, nothing taken from it; and<br /><br />""that<br /><br />v )<br />t .that it's not only full and complete,<br />"" but very plain and evident, ince the<br />' Circumstances in",T,2
114083,0613001000,13247,13614,0.692,59,319183,319431,A48874,11,top51-150,top80-90,"e call the Existence, or the Continuation of the Existence of our selves, or any thing else, Commensurate to the succession of any *Ideas* in our Minds, the *Duration* of our selves, or any such other thing co-existing with our Thinking.<br /><br />§. 4. Tha","B,. that there are, there<br />puit be in evey relgulat Sed i different Oflces and<br /><br />Stations<br /><br />( 10 o<br />Stations adapted to the different Talents and Capacities<br />of their Members. A State of diret Parity and abfo-<br />lute Equality cannot be a State of Nature and Order,<br />and can never subsist, but in weak Heads and itrong<br />Imaginations. A Society without some Sort of Govern-<br />ment",N,2
114306,0225400600,218408,218734,0.691,59,319183,319431,A48874,11,top51-150,top80-90,"e call the Existence, or the Continuation of the Existence of our selves, or any thing else, Commensurate to the succession of any *Ideas* in our Minds, the *Duration* of our selves, or any such other thing co-existing with our Thinking.<br /><br />§. 4. Tha","in the<br />world, the meaning is, either, that this re-<br />puted deicy hath no existence in nature; or<br />that he hath no degree of that power, which<br />his votaries ascribe to him; and is of no<br />more account than if he did not exist+.<br /><br />* Cor. xii. . Essay, p. 122.<br />t Ib. p. 199.<br />Essay on Demoniacks, p. 74,<br /><br />And<br /><br />And the non-existence, and",N,2
118977,0876202900,1833,2160,0.69,59,319183,319431,A48874,11,top51-150,top80-90,"e call the Existence, or the Continuation of the Existence of our selves, or any thing else, Commensurate to the succession of any *Ideas* in our Minds, the *Duration* of our selves, or any such other thing co-existing with our Thinking.<br /><br />§. 4. Tha","taining it,<br /><br />:..4- -<br />,.'.. ..'. ...<br />S ECT. 'I.<br />I beg leave then to observe hypothetically<br />and from analogy,---that if matter, (as fbime of<br />our learned members assert) may have assumed<br /><br />its<br /><br />*<br />(. 3; )<br />its present various forms, and directioni, so ex-<br />ceedingly useful and beautiful, either as mine al,<br />vegetable, or animal fibit",N,2
0,0346400202,134293,134680,0.865,33,279932,280116,A48874,13,top6-50,top5,"l such complex *Ideas,* which however compounded, contain not in them the supposition of subsisting by themselves, but are considered as Dependences on, or Affections of Substances; su","complex Idea, other Terms<br /><br />l ay be introduced, that also denote compound<br />Ideas, though of an inferior Class. For the first<br />,a.' r; Idea being resolvable into others less complicated,<br /><br />the Definition which enumerates there component<br />Ideas, muff confiul of the Names by which they are. expeffed.<br />And if it so happen, that the Ideas of this second Class are<br />also unknown, their Tern-s too o",M,5
1,0852000101,10585684,10586099,0.859,33,279932,280116,A48874,13,top6-50,top5,"l such complex *Ideas,* which however compounded, contain not in them the supposition of subsisting by themselves, but are considered as Dependences on, or Affections of Substances; su","up such complex idea.---The<br />reason of this is, that the simple ideas, which make up our<br />complex ideas of substances, have no visible necessary con-<br />nexion, or inconsistence, with other simple ideas, whole co-<br />existence with them we would inform ourselves about.----<br />These ideas being liRewife, for the moll part, secondary qua-<br />lities, which depend upon the primary qualities of their minute<br />or insensible parts, or",P,5
2,0297300105,75270,75678,0.858,33,279932,280116,A48874,13,top6-50,top5,"l such complex *Ideas,* which however compounded, contain not in them the supposition of subsisting by themselves, but are considered as Dependences on, or Affections of Substances; su","two or more ideas is called complex.<br /><br />Complex Ideas are often confidered as tingle and distinct beings, though they<br />may be made up of several simple ideas; so a body, a spirit, a house, a tree, a<br />flower. But when several of there ideas ns a different kind are joined together,<br />which are wont to be confidered as distinct ingle beings, this is called a compounded<br />idea, whether these united ideas be simple or",M,2
3,0025700100,189311,189765,0.856,33,279932,280116,A48874,13,top6-50,top5,"l such complex *Ideas,* which however compounded, contain not in them the supposition of subsisting by themselves, but are considered as Dependences on, or Affections of Substances; su","the precise nature and composition of the ideas affixed to those words which have<br />complex ideas, in a proper sense, i. e. which excite any combinations of simple ideas<br />united intimately by association; also to explain, upon this foundation, the proper use<br />of those words, which have no ideas. For there are many words which are mere<br />substitutes for other words, and many which are only auxiliaries. Now it cannot be<br />said, that either of these have ideas,",M,2
4,0539801000,58038,58397,0.854,33,279932,280116,A48874,13,top6-50,top5,"l such complex *Ideas,* which however compounded, contain not in them the supposition of subsisting by themselves, but are considered as Dependences on, or Affections of Substances; su",", a<br />heavy Body, afwift Horse, C&c. Every Thing that<br />can be divided by the Mind into two or more Ideas<br />is called complex.<br /><br />Complex Ideas are often confidered as single and<br />diflinS Beings, tho' they may be made up of fe-<br />veral simple Ideas; so a Body, a Spirit, a House,<br />a Tree, a Flower. But when several of these<br />Ideas of a different Kind are join'd together,",M,2
317,0393700302,1723761,1724135,0.805,33,279932,280116,A48874,13,top6-50,top0-10,"l such complex *Ideas,* which however compounded, contain not in them the supposition of subsisting by themselves, but are considered as Dependences on, or Affections of Substances; su","idea, as ten, a score, &c. .. Such as are<br />compounded of simple ideas of several forts<br />put together, to make a complex one, as<br />beauty, theft, &c.<br />Substances have their ideas from fnch<br />combinations of simple ideas -as represent<br />diltinF things fubfiliing by themselves;<br />in which the idea of fubltance, confuoed<br />as it is, is always the first. Relations are<br />complex ideas arising",M,6
2284,0593500104,165982,166311,0.766,33,279932,280116,A48874,13,top6-50,top0-10,"l such complex *Ideas,* which however compounded, contain not in them the supposition of subsisting by themselves, but are considered as Dependences on, or Affections of Substances; su","Ideas, e. Hilar.<br />Thoughts and half Thoughts, Opinions, and nt -_a'_<br />Suppolitions of every particular Perffn. Andnalesefis.<br />sometimes also, as if some sudden Metamor- Inter to unt<br />phofis had transmuted them, they alter theirndia Con-<br />Language, and clearly fee, fa diat & fecun.<br />Sum, the only solid, real, efential and eaficdamHomi",T,2
2326,0851300801,450045,450349,0.765,33,279932,280116,A48874,13,top6-50,top0-10,"l such complex *Ideas,* which however compounded, contain not in them the supposition of subsisting by themselves, but are considered as Dependences on, or Affections of Substances; su","trille d'avoir tant d'idées, & de ne<br />favoir pas au jufle la nature des idées?<br /><br />Je l'avoue, mais il eft bien plus trifle, &<br />beaucoup plus fot de croire favoir ce qu'on ne<br />fait pas.<br /><br />IDOLE, IDOLATRE, IDOLATRIE.<br />IDole, vient du grec Eidos, figure; Eidolos,<br />repréfentation d'une figure, Latreuein, fervir,<br />ré",N,2
3852,0982800302,163225,163556,0.754,33,279932,280116,A48874,13,top6-50,top0-10,"l such complex *Ideas,* which however compounded, contain not in them the supposition of subsisting by themselves, but are considered as Dependences on, or Affections of Substances; su","s is that which we conceive in theThings<br />and Fni- them/f'lvcs or in il-'ions that enter into Trade<br />Mo""leyC and Dealing, accordilg as they are more or<br /><br />lels<br /><br />less capable of adminiftring to our Occafons,<br />our Convenience, or our. Pleasure. The other<br />is plac'4 in Money, or whatever passes in its Stead,<br />as That virtually contains the",N,5
4863,0178600500,222749,223111,0.749,33,279932,280116,A48874,13,top6-50,top0-10,"l such complex *Ideas,* which however compounded, contain not in them the supposition of subsisting by themselves, but are considered as Dependences on, or Affections of Substances; su",", from their inferiour Station, or<br />other Circumfinances and Relations, are ob-<br />liged to Lz in the Way of, and to serve for<br />a Supply to it. Both these, for ought that<br />1 can fee, are one and the fame Principle:<br />But, as it takes Root in Minds of different<br />Makes, is appears differently, and so is come<br />to be diftinguiflcd by different Names. That<br /><br />which<br /><br />which in a",N,5
7307,0175500100,68132,68462,0.739,33,279932,280116,A48874,13,top6-50,top10-20,"l such complex *Ideas,* which however compounded, contain not in them the supposition of subsisting by themselves, but are considered as Dependences on, or Affections of Substances; su","ima-<br />gination, or of idea ;-but the rare plea-<br />sure of reality :-expe'lation lives upon<br />id-a, and feeds upon the fancy :-hope<br />'vims upon the mind in pleating uncer-<br />tainty, and communicates soft, but doubt-<br />ful felings. Pleasures that have been<br />thus anticipated, have yielded half their<br />icliih ;-for reality falls far lhort of the",T,2
11024,1108702300,23423,23829,0.728,33,279932,280116,A48874,13,top6-50,top10-20,"l such complex *Ideas,* which however compounded, contain not in them the supposition of subsisting by themselves, but are considered as Dependences on, or Affections of Substances; su","is giving the pupil ajuft idea of the founds<br />represented, let the names of the representative<br />signs be whatever they will. For, as these<br />names, instead of being mere elementary simple<br />founds, are in fa&, if not quite whole words, at<br />least combinations of various founds, the super-<br />fluities of these r.uit of course be thrown off in<br />syllabication: and thus an infant is required to<br />make use of another meta",T,2
13014,0410601800,59966,60409,0.724,33,279932,280116,A48874,13,top6-50,top10-20,"l such complex *Ideas,* which however compounded, contain not in them the supposition of subsisting by themselves, but are considered as Dependences on, or Affections of Substances; su","d, and almost<br />equally distributed, throughout the whole<br />mass, every division could exercise func-<br />tions sufficient to preserve its own exist-<br />ence, and the larger divisions would ne-<br />cessarily include the principal properties<br />of any smaller one.<br /><br />But, knowledge continuing to accu-<br />mulate, the construction of Society grew<br />more and more complicated: the various<br />functions of it, which had been succes-<br />sively exercised by each part separately,",M,2
13272,0607700501,3599,3964,0.723,33,279932,280116,A48874,13,top6-50,top10-20,"l such complex *Ideas,* which however compounded, contain not in them the supposition of subsisting by themselves, but are considered as Dependences on, or Affections of Substances; su","Words :and;<br />Sounds, who cannot remember Principlesiiii'<br />Events, in a regular Series,I flall not here en-<br />quire; but as, when we think, our Ideas oc-<br />cur to our own Minds in some Terms :that<br />would express them to another, si when We'<br />recollet Ideas that have been .ommunicated-<br />to us under certain Terms, those Terms natu-<br />rally occur with the Ideas, rather than any",T,5
15224,0759500300,56240,56580,0.72,33,279932,280116,A48874,13,top6-50,top10-20,"l such complex *Ideas,* which however compounded, contain not in them the supposition of subsisting by themselves, but are considered as Dependences on, or Affections of Substances; su","-<br />mination of Things Natural, consisting of<br />Elements, Tempe;'aments, Haumours, Members, Pow-<br />ers, &c. can be of no use, being really no-<br />thing but bare Forms, without a Substance,<br />meer Modes of Thinking,.which have their<br />Exifence no where but in the Mind; we<br />have therefore induifrioufly avoided both here,<br /><br />and<br /><br />Ond in our Farrier's Guide,",T,5
17108,0252700300,678798,679104,0.717,33,279932,280116,A48874,13,top6-50,top20-30,"l such complex *Ideas,* which however compounded, contain not in them the supposition of subsisting by themselves, but are considered as Dependences on, or Affections of Substances; su","llcr ought to be furnishcd;<br />and for which they need not be beholden to<br />;a,.ld' -^ JhArif otle. As to Nait::!rl Logick, by which Rational<br /><br />M'.tenl, without that Art and Rules, or Sophistical<br />Learning, deduce a certainCoclutfion out of true<br />Propolitions, which scarce any Man of Reason<br />wants; we deny not the",T,2
19064,1662000200,1063231,1063599,0.713,33,279932,280116,A48874,13,top6-50,top20-30,"l such complex *Ideas,* which however compounded, contain not in them the supposition of subsisting by themselves, but are considered as Dependences on, or Affections of Substances; su","without any one common<br />idea or word, the sign of ideais, subsisting betweeql them;<br />and without the inltervention of an mnterpreter as a medius<br />terminus between him and them, wh~o could otherwise<br />come to no undlerstanding together, whatever might be<br />their juxta-position, when ""C rheda comlponitur una,"" un-<br />less metaphysics differ more than I trust they do from<br />logric",T,2
19838,0547900800,372455,372792,0.712,33,279932,280116,A48874,13,top6-50,top20-30,"l such complex *Ideas,* which however compounded, contain not in them the supposition of subsisting by themselves, but are considered as Dependences on, or Affections of Substances; su","d Haiatans,<br /><br />(m) Es-<br /><br />(m) Essential forms and textures all expos'd;<br /><br />.Textures<br />[m] Before we confider the contfraSion of com-<br />pleat bodies, which plainly demonltrate rhe accu-<br />rate wisdom of him that ordain'd them, philosophy<br />will lead us to enquire their conflituent principles,<br />afd the rife of them. The common philosopher<br />will present",N,5
20174,0678900100,208347,208696,0.712,33,279932,280116,A48874,13,top6-50,top20-30,"l such complex *Ideas,* which however compounded, contain not in them the supposition of subsisting by themselves, but are considered as Dependences on, or Affections of Substances; su","tives, or Inducemcents are not only different<br />"" in themselves. but even contraditlory. Inaf-<br />muclh as the Inducement to form the one is<br />inftinlive Love. but to create the other is<br />""evidently Caution, Apprehelnion, or the<br />' Fear of Danger."" Now this is taking that<br />very Thing for granted. which ought to be<br />proved. And indeed it is one of those Argu-",N,5
23451,0491700200,71036,71438,0.707,33,279932,280116,A48874,13,top6-50,top20-30,"l such complex *Ideas,* which however compounded, contain not in them the supposition of subsisting by themselves, but are considered as Dependences on, or Affections of Substances; su","the<br />word Hypothesis; for it is capable of no other<br />signification, than a System of Matter put<br />together, and operating by those Laws of Mo-<br />tion which are taught in Mechanicks, and are<br />deduced from the sensible and known Qua-<br />lities of Bodies: but it appears by an Exa-<br />mination of this System, that there is no<br />mention therein of the manifest and fenfi-<br />ble Qualities of the Bodies, concerning<br />which it",N,2
27666,1719600800,29088,29408,0.702,33,279932,280116,A48874,13,top6-50,top30-40,"l such complex *Ideas,* which however compounded, contain not in them the supposition of subsisting by themselves, but are considered as Dependences on, or Affections of Substances; su","Losses ; and hence it is we distinguish three Kinds, or<br />Classes of Accompts, to wit, real Accompts, perfo-<br />nal Accompts, and imaginary Accompts. Real Ac-<br />compts, are the Accompts of Effects or Things,<br />which may be a Perfon's Property, and are as<br />follow.<br /><br />D The<br /><br />fThc Tides of the different Accompts kept by Merchants, &c",N,5
29875,1695800100,176932,177266,0.7,33,279932,280116,A48874,13,top6-50,top30-40,"l such complex *Ideas,* which however compounded, contain not in them the supposition of subsisting by themselves, but are considered as Dependences on, or Affections of Substances; su","They are, for the most part, Patch-work,<br />seldom formed at: once upon an honett, universal, and rational<br />Scheme; but, generally, so establish~ed, at firit, as to answ~er the<br />ambitious Views of One, or a few > or altered afterwards, ac-<br />cording to present Neceiit~y, and by extemporary Remedies; fuich<br />as rather s~erve to give momentary",N,2
29981,0854400310,210696,211034,0.7,33,279932,280116,A48874,13,top6-50,top30-40,"l such complex *Ideas,* which however compounded, contain not in them the supposition of subsisting by themselves, but are considered as Dependences on, or Affections of Substances; su","of them.<br />IiAnd both there are included in the<br />' word (pepve-r , which is sometimes<br />itranflated, to mind, sometimes to set<br />o ur Affedions upon a thing.<br /><br />3. A&ivity and industry in the pro.<br />fecution of these things, if by any<br />imeans we may attain them. And this<br />is implyed in the word rz-ars, seek<br />the things which are above. When we<br />i know",T,6
31021,0248801301,435574,435937,0.699,33,279932,280116,A48874,13,top6-50,top30-40,"l such complex *Ideas,* which however compounded, contain not in them the supposition of subsisting by themselves, but are considered as Dependences on, or Affections of Substances; su","and Sciences. Con-<br />taining the Definitions of the Terms,<br />and an Account of the Things signified<br />thereby, in the several Arts, both Li-<br />beral and Mechanical, and .the several<br />Sciences, Human and Divine; the Si-<br />gures, Kinds, Properties, Produtions,<br />Preparations and Uses of Things Na-<br />tural and Artificial: The Rife, Pro-<br />grefs and State of Things Eccleiafti-<br />cal,",N,5
34038,0621700100,697474,697789,0.696,33,279932,280116,A48874,13,top6-50,top30-40,"l such complex *Ideas,* which however compounded, contain not in them the supposition of subsisting by themselves, but are considered as Dependences on, or Affections of Substances; su","applied to<br />many different things: but there seems to<br />be one general idea running through the<br />whole, fc. twi/iing together, so, hampering.<br />-If applied to the mind, contrivances, cun-<br />ning counfels;-pain, to the body;-per-<br />plexity, in affairs ;-and, very properly,. a<br />pledge, or gage;-and, particularly so, a<br />rope ;--",N,2
38233,0266201100,493743,494049,0.692,33,279932,280116,A48874,13,top6-50,top40-50,"l such complex *Ideas,* which however compounded, contain not in them the supposition of subsisting by themselves, but are considered as Dependences on, or Affections of Substances; su","Philosophers thein-<br />selves sometimes inculcate this Notion; but then<br />they fometimis give a different Account of this<br />Docrine: Suuls are to migrate into other Bodies,<br />by a mere pyn ca! and natural Necessity, and not<br />by way of IPunifl:cmt. i icre then are two con-<br />trary Notions of a t '.::'.c ,S;..'c; the c",N,2
39615,1680401100,9249,9582,0.69,33,279932,280116,A48874,13,top6-50,top40-50,"l such complex *Ideas,* which however compounded, contain not in them the supposition of subsisting by themselves, but are considered as Dependences on, or Affections of Substances; su","be invented for s~uch as are poffeffed of edu-<br />cation, abilities and leis~ure, with all other advan-<br />tages fufficient for great attainments in religious<br />knowledge, and yet wilfully continue in great<br />Ignorance', uncertainty, and error ? - If there<br />should be any such in there sacred feats of fCci-<br /><br />a 4 ence<br /><br />* Gal. i 6, 7. t 2 Pet. i",N,2
44137,1597401300,21613,21932,0.687,33,279932,280116,A48874,13,top6-50,top40-50,"l such complex *Ideas,* which however compounded, contain not in them the supposition of subsisting by themselves, but are considered as Dependences on, or Affections of Substances; su","on a full and accurate<br /><br />developemente of the matter, on the ground offit& and<br /><br />calcujltionl,<br /><br />calcution, it would be diolcovred that there is no<br />material diffeence betwe~en the aggregate"" prodd~ive-<br />nefrs o~f the one, and of the other kind of' in~dullr~y; andl<br />that the proprietyr of the encouragements, v~im~ ib may<br />in",N,5
46415,0205601000,35324,35678,0.685,33,279932,280116,A48874,13,top6-50,top40-50,"l such complex *Ideas,* which however compounded, contain not in them the supposition of subsisting by themselves, but are considered as Dependences on, or Affections of Substances; su","ties, repulsive with refpe& to themselves, and attractive<br />of each other. 4 ""Chance,"" fays he, ."" has thrown in my way. an<br /><' universal principle, which casts a new light upon the fubjece<br />"" of elecricity. The principle is, that there are two diftint kinds<br /><br />of electricity, very different from one another; one of which<br />I call vitreous, 'the other resinous",N,2
46821,0872200800,41095,41433,0.685,33,279932,280116,A48874,13,top6-50,top40-50,"l such complex *Ideas,* which however compounded, contain not in them the supposition of subsisting by themselves, but are considered as Dependences on, or Affections of Substances; su","and wiireas here we know things by<br />their species or images, there they lee them ilntuitiveZ.<br />ly, or hlve a real perception of things as thty are in<br />themselves j which, iln my opinion, is rie molt tliriCt<br />and easy way ol taking in o:,jeds, and liable to no<br />difficulties, but what arise from our prelent way far '<br />more inexalicable. ,<br /><br />l-ad",N,2
54609,0561300900,283394,283756,0.679,33,279932,280116,A48874,13,top6-50,top50-60,"l such complex *Ideas,* which however compounded, contain not in them the supposition of subsisting by themselves, but are considered as Dependences on, or Affections of Substances; su","not begin with Does, and Potions,<br />Prescriptions to the Body ? Johannes de Combrs cites.<br />ufine, faying, Anima eft omnium fimilitudo ; be-<br />fe it can fancy to it self, the shape of whatever<br />ears. But for all these, I could never meet with.<br />,that could give it so in an absolute Definition, that<br />ther, or himself could conceive it; Which argues,<br />tto all these, there",T,2
58281,0206301500,118074,118401,0.677,33,279932,280116,A48874,13,top6-50,top50-60,"l such complex *Ideas,* which however compounded, contain not in them the supposition of subsisting by themselves, but are considered as Dependences on, or Affections of Substances; su","perplex-<br />ing in a greater or less degree.<br /><br />SEC-<br /><br />s<br /><br />145<br />SECTION IV.<br />On the Mixture of the diffrent Kinds, their Rela-<br /><br />tive Situations, most proper NVurses, &ec.<br />Ist. OF THE MIXTURE OF THE DIFSE-<br />RENT KINDS. Opinions vary so much re-<br />speting this point, that it is with conside-<br />rable diffidence I enter on the subject. Nor<br />can",T,2
59849,0684400500,95112,95483,0.676,33,279932,280116,A48874,13,top6-50,top50-60,"l such complex *Ideas,* which however compounded, contain not in them the supposition of subsisting by themselves, but are considered as Dependences on, or Affections of Substances; su","and are susceptible of Elegance, particularly the<br />Creek Language; but all of them want Terms<br />to express abftrat and general Ideas, which is<br />an evident Proof of the little Improvement of the<br />Understanding among them ; Time, Duration,<br /><br />K Space,<br />* Vide Mr, De la Coidazwl',s Voyage to rou:h-.'ncrica.<br /><br />L 74 ]<br />Space, Sublfance, Matter, Body, and many<br />such Words, have nothing",T,2
61506,0390000200,485017,485392,0.674,33,279932,280116,A48874,13,top6-50,top50-60,"l such complex *Ideas,* which however compounded, contain not in them the supposition of subsisting by themselves, but are considered as Dependences on, or Affections of Substances; su",", so complicated, rerplext<br />·'lid indefinite had become the alfociation of ideas con-<br />nected with that name, that its further use was danger-<br />ols, under the molt expressly defined and well limited<br />c.tcriptions. No man knows the prerogatives of the<br />crovni with precision, in any state in Europe to thisday<br />-All is loft in clouds and incomprehensible mystery.-<br />Like the title of",N,5
62505,0330500100,225746,226036,0.674,33,279932,280116,A48874,13,top6-50,top50-60,"l such complex *Ideas,* which however compounded, contain not in them the supposition of subsisting by themselves, but are considered as Dependences on, or Affections of Substances; su","is pretended to devolve, on a con-<br />siud ad<br />a difbrdcrly Multitude: Since there is a Mixture of Im-<br /><br />H p erfction<br /><br />25<br />__ ____·_<br /><br />peiofn'tin t.evry Goiemenatnitt . arifiig fomtbe paranrimrperfe<br />Stat' and Artlption -of :Mankind that Model seems p le<br />which, All Things iconfideed- offers dhe le",N,5
63839,1523901400,3612,3947,0.673,33,279932,280116,A48874,13,top6-50,top60-70,"l such complex *Ideas,* which however compounded, contain not in them the supposition of subsisting by themselves, but are considered as Dependences on, or Affections of Substances; su","DAM, that, in my reasoning up-on Sjrf-<br />tems of Government in the Second Part of<br />Rizghts of Many, I have ihewn as clearly, I<br />think, as words can 'convey ideas, a certain<br />Syfiem of Govercnment, and that not existing<br />mn theory only, but already in full and eftabliih-<br />ed prathece, and ijyitematically and pradically free<br /><br />(6 B<br /><br />fr-ee from",N,5
65690,0279301300,20027,20431,0.672,33,279932,280116,A48874,13,top6-50,top60-70,"l such complex *Ideas,* which however compounded, contain not in them the supposition of subsisting by themselves, but are considered as Dependences on, or Affections of Substances; su","firm; and<br />why the external and internal parts of the fame cata-<br />ra&, are so often so different from each other in co-<br />lour.<br /><br />[ I, ]<br />term induration can, with propriety, be<br />used only in opposition to a perfec or ge-<br />neral distempered dissolution, by much<br />the majority of what are called firm cata-<br />racts, being much less firm than the fame<br />crystalline was before such alteration; and<br />with regard to the la",N,2
70627,0627403600,48015,48346,0.669,33,279932,280116,A48874,13,top6-50,top60-70,"l such complex *Ideas,* which however compounded, contain not in them the supposition of subsisting by themselves, but are considered as Dependences on, or Affections of Substances; su","Nor could<br />Abftration, which is a Separation of our Ideas;<br />by which A&t of the Mind 'a new Kind of<br />Ideas are obtained, which are purely intel-<br />Ikcial, assist us in this Thing. The Reason<br />heres is clear. The Truths of the Gofpe<br />have neither Coninedion with, nor Dependence<br />upon,-any Branch of Truth, which a finite Un-<br />derftanding'is",N,5
71351,0258401300,71591,71924,0.668,33,279932,280116,A48874,13,top6-50,top60-70,"l such complex *Ideas,* which however compounded, contain not in them the supposition of subsisting by themselves, but are considered as Dependences on, or Affections of Substances; su","s,, among Men'<br />several Languages,' Customs and<br />Inclinations, who also are as va.<br />rioufly different in their Intel<br />lectuals; so among those. inyi-<br />fible Agents of .the other World<br />are found various Kinds, :Or-<br />ders, Degrees, Fu'n&ions , and<br />Operations, which by those Ob-<br />fcure Terms have sometimes<br />been fignifed to us; yet these,<br />how",N,5
74513,1004100400,1363,1756,0.667,33,279932,280116,A48874,13,top6-50,top60-70,"l such complex *Ideas,* which however compounded, contain not in them the supposition of subsisting by themselves, but are considered as Dependences on, or Affections of Substances; su","and then, subdividing into the Subordinate;<br />till we come to those lower Species, that particularly and<br />precisely denote the Nature of the several Dialogues, and<br />from which they ought to take their refpetive Denomina-<br />tions.<br /><br />The mofl General Division of the Writings of Plato, is<br />into those of the SCEPTICAL Kind, 'and those of the DOG-<br />MATICAL. In the former Sort, nothing is expressly either",T,2
83817,0222700600,19491,19853,0.662,33,279932,280116,A48874,13,top6-50,top70-80,"l such complex *Ideas,* which however compounded, contain not in them the supposition of subsisting by themselves, but are considered as Dependences on, or Affections of Substances; su",".""<br /><br />In the phraseology of this whole para-<br />graph a penetrating genius would discover<br />much art, but as I have no pretensions to<br />enter so deeply into abstruse points, nor<br />ambition to be diftinguilhed for my pene-<br />tration, I hall be content to conclude that<br />the ambiguous terms in which it is couch-<br />ed, if they are not proofs of the author's<br />rxcesjhe mnoej'y, they",N,5
84537,1046100900,20133,20461,0.661,33,279932,280116,A48874,13,top6-50,top70-80,"l such complex *Ideas,* which however compounded, contain not in them the supposition of subsisting by themselves, but are considered as Dependences on, or Affections of Substances; su","phlsgifiicated initead ofphlogificated Air; and in-<br />deed that great Philosopher and Chemist Chev. Berg-<br />man could hardly be supposed to be so ignorant, as<br />net to know the difference between dcphlsgificated and<br />pblgJflicated Air.<br /><br />* In the German it Rands as here, fir/i kind; but<br />from the conneclicn, it seems, Mr. Bergman meant",N,2
85149,0274500500,13397,13687,0.661,33,279932,280116,A48874,13,top6-50,top70-80,"l such complex *Ideas,* which however compounded, contain not in them the supposition of subsisting by themselves, but are considered as Dependences on, or Affections of Substances; su","they may<br />be seen, &c.<br /><br />The Word Water is a Substantive, and<br />so is every Thing in it, viz. Filh of all<br />Kinds, Stones, Gravel, c.<br /><br />The Word Air is a Subfmtive, and<br />every 'lTing in it, ia. Birds, InfeOts, fc.<br /><br />The Word Hearve is a Substantive, and<br />every IBeing contained in it, viz. God,<br />Angel",N,2
93185,1558600300,129003,129381,0.657,33,279932,280116,A48874,13,top6-50,top70-80,"l such complex *Ideas,* which however compounded, contain not in them the supposition of subsisting by themselves, but are considered as Dependences on, or Affections of Substances; su","-<br /><br />rian.<br /><br />( n19 )<br /><br />rian, that imagination and memory both re-<br />coil from the contemplation. Volumes have<br />already been written on the events of fix<br />years, and an equal number of volumes<br />would not f~uffice to unfold the flecret springs<br />of each event, many of which may, indeed,<br />be guessed at in the present moment; but,<br />through the mists of pafEion and prejudice,<br />cannot be seen di",N,2
94129,0493301700,86963,87354,0.656,33,279932,280116,A48874,13,top6-50,top70-80,"l such complex *Ideas,* which however compounded, contain not in them the supposition of subsisting by themselves, but are considered as Dependences on, or Affections of Substances; su","s with it that of<br />space, or' distention; when, therefore, an effe& is.<br />produced by matter, which stimulates in a very small<br />quantity, the mind refers that effe& to a specific<br />power of aaion different from quantity, which we<br />call quality.<br /><br />Nevertheless, it is necessary that a certain hum-<br />ber of original points, or atoms, flould be collected,<br />in order to excite perception: but the increase",N,5
97219,1648400800,170824,171211,0.655,33,279932,280116,A48874,13,top6-50,top80-90,"l such complex *Ideas,* which however compounded, contain not in them the supposition of subsisting by themselves, but are considered as Dependences on, or Affections of Substances; su","or more Sur-<br /><br />faces, and Imuff therefore have some fort of figure;<br />hence Figurability is reckoned amongst the properties<br />of Matter. Extenflon necessa~rily implies Divisibility 3<br />for whatever is extended must have parts, and confe-<br />quently must be divisible into those parts. Divisibility<br />therefore is an inseparable property of every particle of<br />M'atter however; small. Sir I. Newton was",T,2
100810,1508601500,231730,232073,0.653,33,279932,280116,A48874,13,top6-50,top80-90,"l such complex *Ideas,* which however compounded, contain not in them the supposition of subsisting by themselves, but are considered as Dependences on, or Affections of Substances; su","dlifferent N'atures,<br />a spiritual and a material, a Soul and a Body; which<br />also, 'till we confider it as the particular N~ature of<br />some one intelligent Agent, remains uinapplied~ in the<br />general Sense, without any Personality annexed to it.<br /><br />Now the Soul and Body, of whichl Chrift's hluman<br /><br />Nature hi compofetd, acquiredl no Pers~onality, 'till",N,2
103100,1681000400,375912,376217,0.652,33,279932,280116,A48874,13,top6-50,top80-90,"l such complex *Ideas,* which however compounded, contain not in them the supposition of subsisting by themselves, but are considered as Dependences on, or Affections of Substances; su","phs moins confltant, drent - ils, que 'telle-<br />'matiere en particulier eft caipable de penter,<br />capable de vie, d'intelligence & de 'entmeiret,<br />Or cette matiere particulie~re eft, ajautent- its,<br />la matiere organifie, dans laquele s'o3pete tout<br />cela, lorfque cette aEtivité n'eft point inter-<br />ceptic; par les",T,5
103319,1021000200,411586,411892,0.652,33,279932,280116,A48874,13,top6-50,top80-90,"l such complex *Ideas,* which however compounded, contain not in them the supposition of subsisting by themselves, but are considered as Dependences on, or Affections of Substances; su","i<br />so artificial that we give.to objects, merely natural,<br />the appellation of rurifitias, and flek for proofs ot<br />divinity among books,. in. which .(thoie ,of reve-<br />lation apart) but vague reflection and general indi-<br />cations of univerfal.order are.to be found.; Yet'would<br />we ftew the ingenuity.of .an artist,",N,5
107112,1485801000,6299,6637,0.65,33,279932,280116,A48874,13,top6-50,top80-90,"l such complex *Ideas,* which however compounded, contain not in them the supposition of subsisting by themselves, but are considered as Dependences on, or Affections of Substances; su","ent, mind~s, or is the refullt of con-<br /><br />rnedion wiith diflferent bodies. That a wide anrd<br />important di~fference egifts, will -be admitted.<br />Some men are evidently poffreffed of powers A-<br />dapted to important fl~ations, and great acdions.<br />Such minds readily expand in the field of know-<br />sedge, and have at happy talent in its application.<br />--",N,5
0,0692800800,15242,15643,0.744,101,843887,844179,A48874,9,top51-150,top5,"es, are diligently to be studied. Of these, there are a great variety, much exceeding the number of Particles, that most Languages have to express them by: and therefore it is<br />not to be wondred, that most of these Particles have divers, and sometimes almost opposite significations. In the He","ed hi faying, that<br /><br />in<br /><br />In this branch of science, either there are<br />no such things as subtleties, or that here<br />even subtleties themselves are not to be<br />contemned.<br /><br />xxXV.<br />As we are continually employing the<br />different substances in nature in subser-<br />Vience to our different necessities, there<br />needs not much profound study to appre-<br />hend, in a general way, the use of that<br />science, the business of which",N,5
1,1255000500,370624,371003,0.729,101,843887,844179,A48874,9,top51-150,top5,"es, are diligently to be studied. Of these, there are a great variety, much exceeding the number of Particles, that most Languages have to express them by: and therefore it is<br />not to be wondred, that most of these Particles have divers, and sometimes almost opposite significations. In the He","-<br />ly us'd together with others.<br />Now, as these are not all the Particles whereof<br />there be elegant Uses, Co neither are these all the e-<br />legant Uses that are made of these Particles; there<br />being as many more, besides these, so very much<br />more observable (and nothing leTs elegant than whac<br />is here said) of there. All I intended herein, was to<br />give the Learner such a Taste of these",T,5
2,0909900103,860227,860660,0.721,101,843887,844179,A48874,9,top51-150,top5,"es, are diligently to be studied. Of these, there are a great variety, much exceeding the number of Particles, that most Languages have to express them by: and therefore it is<br />not to be wondred, that most of these Particles have divers, and sometimes almost opposite significations. In the He","more reasonably employed on another<br />account. Though there are no such diftinE specific<br />qualities in bodies as were assumed by philosophers,<br />yet the particles which compose bodies are often he-<br />rerogenecus, as they appear by sure experiments;<br />among other instances in that of light, and in the<br />production of colors. Now this heterogeneity, which<br />is thought to consist in the different sizes of the par-<br />ticles and which may consist in",N,5
3,1031900102,171802,172175,0.707,101,843887,844179,A48874,9,top51-150,top5,"es, are diligently to be studied. Of these, there are a great variety, much exceeding the number of Particles, that most Languages have to express them by: and therefore it is<br />not to be wondred, that most of these Particles have divers, and sometimes almost opposite significations. In the He","variety it presents is immense, and the<br />enumeration of fa&s erves rather to confound than<br />to inform. The subje&t I mean is Eletricity,<br />which, for some time past, has become an objec of<br />such importance in physics, that every one is sup-<br />posed to be acquainted with its effeas.<br /><br />You must undoubtedly have frequently heard it<br />mentioned in conversation; but I know not whe-<br />the",N,5
4,0891301000,264113,264516,0.706,101,843887,844179,A48874,9,top51-150,top5,"es, are diligently to be studied. Of these, there are a great variety, much exceeding the number of Particles, that most Languages have to express them by: and therefore it is<br />not to be wondred, that most of these Particles have divers, and sometimes almost opposite significations. In the He","es scattered<br />and dispersed among several; yet we must spare<br />no pains in finding it out and making ourselves<br />masters of it: for he that is perfec in the mat-<br />ters of the greatest conlequence, and is thorowly<br />exercized in them, can very ealily at pleasure<br />take in every thing of fmnaller note: nor indeed<br />is there any thing so difficult, which study and<br />application cannot overcome. But that our study<br />may",N,5
168,1560800500,16962,17320,0.652,101,843887,844179,A48874,9,top51-150,top0-10,"es, are diligently to be studied. Of these, there are a great variety, much exceeding the number of Particles, that most Languages have to express them by: and therefore it is<br />not to be wondred, that most of these Particles have divers, and sometimes almost opposite significations. In the He","in any<br />other s~cience. Mathematics, natural hiffory<br />and philosophy, are nearly allied to it : whilst<br />the extensive fludies of anatomy, chemiffry<br />and botany, are its immediate branches. A<br />knowledge of the dlead and living languages,<br />is by many thought indifpeda8ble : and t'o this<br />we may add, that: knowledge of the world, of<br />men and manners, which are highly",N,5
1165,0333700800,31019,31448,0.621,101,843887,844179,A48874,9,top51-150,top0-10,"es, are diligently to be studied. Of these, there are a great variety, much exceeding the number of Particles, that most Languages have to express them by: and therefore it is<br />not to be wondred, that most of these Particles have divers, and sometimes almost opposite significations. In the He","the arts and sciences.<br /><br />While therefore you remember that the<br />Scriptures are to be your daily and constant<br />fludy, you will regard other fludies chiefly as<br />means to facilitate your knowledge of the scrip-<br />tures. And if there are some branches of learn-<br />ing not immediately necessary to the under-<br />tanding of the Scriptures, yet even they may<br />be profitably cultivated in a moderate degree, by<br />way of amusement (for some amusement a",N,5
1195,0244900300,3778,4165,0.62,101,843887,844179,A48874,9,top51-150,top0-10,"es, are diligently to be studied. Of these, there are a great variety, much exceeding the number of Particles, that most Languages have to express them by: and therefore it is<br />not to be wondred, that most of these Particles have divers, and sometimes almost opposite significations. In the He","vella.<br /><br />Per diffalta di uno studio ragionato sugli otti-<br />mi antichi scrittori, si veggono tutto giorno pa-<br />recchi, che non sanno distinguere una particella<br />di ripieno da una preposizione o da altra parte<br />del discorso, nè la forza comprendono d'una<br />nedesima particella ne' suoi differenti significati.<br />Tra vari esempi che potrei addurre a questo pro-<br />posito, mi contenterò, per brevità, d",T,5
1941,0266900200,151535,151850,0.611,101,843887,844179,A48874,9,top51-150,top0-10,"es, are diligently to be studied. Of these, there are a great variety, much exceeding the number of Particles, that most Languages have to express them by: and therefore it is<br />not to be wondred, that most of these Particles have divers, and sometimes almost opposite significations. In the He","riown,<br /><br />tio,, &c. Nay, and from their Specific Pro-<br />pertys, as Heca, Light, Sound, &c. Several<br />very beautifil and furprizing Truths are de-<br />iionftratively to be deduc'd. Let Gravity and<br />lMotionand Continuity proceed whence they will,<br />raking 'em as we find 'et, without confidering<br />whence they flow, or troubling our",N,5
2383,0318400800,160424,160812,0.608,101,843887,844179,A48874,9,top51-150,top0-10,"es, are diligently to be studied. Of these, there are a great variety, much exceeding the number of Particles, that most Languages have to express them by: and therefore it is<br />not to be wondred, that most of these Particles have divers, and sometimes almost opposite significations. In the He","s, from those remarkldble attractions and<br />affinities which the Author of all has endued the<br />smaller particles of matter with. These are not, as<br />is commonly imagined, mere pallive bodies; but<br />active, vigorous, and capable of producing- those.<br />changes by which nature is supported. I have de-<br />monitrated these affinities by experiment ; I' have a-<br />fumed no other principles; I have built my",N,5
3788,0090600700,207646,207984,0.598,101,843887,844179,A48874,9,top51-150,top10-20,"es, are diligently to be studied. Of these, there are a great variety, much exceeding the number of Particles, that most Languages have to express them by: and therefore it is<br />not to be wondred, that most of these Particles have divers, and sometimes almost opposite significations. In the He","in natural,: and all other Sorts of Philo-<br />sophy.<br />I am perfwaded, that D A N CI N G is the only<br />Method of making all Parts of the Mathematicks<br />to be easily comprehended by the dullest Capa-<br />cities; nor can I think of any Means so proper<br />of rendering familiar to a young Lad's Under-<br />flanding any Problem of Euclid, as dancing it<br /><br />z2.,~~ ~",N,5
6104,0001001000,171209,171558,0.587,101,843887,844179,A48874,9,top51-150,top10-20,"es, are diligently to be studied. Of these, there are a great variety, much exceeding the number of Particles, that most Languages have to express them by: and therefore it is<br />not to be wondred, that most of these Particles have divers, and sometimes almost opposite significations. In the He","opement dui<br />génie, & aux obfervations que la pra-<br />tique entraine ; & fi ces fortes de dé-<br />tails étaient écrits par les artiftes mê-<br />mes, ils offriraient certainement cet-<br />te vérité précieufe &utile , & cet<br />intérêt féduifant qui l'accompagne<br />toujours.<br /><br />Peut-être, il eft vrai, ne trouve-<br />rait-on pas dans ces fimples recits la<br />profondeur de recherche",N,5
7329,0229200200,10246,10579,0.583,101,843887,844179,A48874,9,top51-150,top10-20,"es, are diligently to be studied. Of these, there are a great variety, much exceeding the number of Particles, that most Languages have to express them by: and therefore it is<br />not to be wondred, that most of these Particles have divers, and sometimes almost opposite significations. In the He","qu'un, c'est 1'exactitude et la fidelitc. Ce n'est ce-<br />pendant point une exactitude litterale. Je me suis<br />attache a conserver les pensees etle fonds des<br />choses, sans m'enchainer aux termes. Chaque lan-<br />gue a ses expressions, ses tours, son style et son<br />genie, qui lui sont propres.<br /><br />Plusieurs critiques, et Pope lui-meme, exigent,<br />je",T,5
7475,0465501700,44344,44697,0.583,101,843887,844179,A48874,9,top51-150,top10-20,"es, are diligently to be studied. Of these, there are a great variety, much exceeding the number of Particles, that most Languages have to express them by: and therefore it is<br />not to be wondred, that most of these Particles have divers, and sometimes almost opposite significations. In the He",". GEOMETRICAL AND GRAPHICAL. ESSAYS. This<br />Work contains, 1, A select Set of Geometrical Problems, many of<br />which are new, and not contained in any otherWork. 2. T'he Dlscrip-<br />tion and Use of those Mathematical Instruments that are utsually put<br />into a Case of Drawing Instruments. Besides these, there ae als.<br />'described several New and Useful Instruments",N,5
8829,0548600600,55999,56358,0.579,101,843887,844179,A48874,9,top51-150,top10-20,"es, are diligently to be studied. Of these, there are a great variety, much exceeding the number of Particles, that most Languages have to express them by: and therefore it is<br />not to be wondred, that most of these Particles have divers, and sometimes almost opposite significations. In the He","are then Compositions of the Mineral<br />Particles of Dirt, Sand, Fire, Air, Sul-<br />phur, and Salt; and all these primitive<br />and for ever indivisible Particles are Ele-<br /><br />D 4. ments,<br /><br />ments, of which each has it's proper, and<br />invariable Nature.<br />There are None flhould presume to affirm the<br />o real contrary, without having seen some<br />Tranfmu. y<br />tations. Transmutations;",N,3
10354,0818900300,7642,7989,0.575,101,843887,844179,A48874,9,top51-150,top20-30,"es, are diligently to be studied. Of these, there are a great variety, much exceeding the number of Particles, that most Languages have to express them by: and therefore it is<br />not to be wondred, that most of these Particles have divers, and sometimes almost opposite significations. In the He","ous Particles. I shall brief-<br />ly demonstrate to my Readers, how these Es-<br />se&ts are produc'd by it, and then descend to<br />all the Particulars on the internal and external<br />JUfe of it, and to the Difference tlhat can be<br />expected from such Uses.<br /><br />?^""I<br /><br />R s C I D I N G from anyConfideration of<br />Mercury, besides the two mention'd, I enter<br />first upon its",N,5
11731,0307501000,715395,715749,0.572,101,843887,844179,A48874,9,top51-150,top20-30,"es, are diligently to be studied. Of these, there are a great variety, much exceeding the number of Particles, that most Languages have to express them by: and therefore it is<br />not to be wondred, that most of these Particles have divers, and sometimes almost opposite significations. In the He","Venems: But to di-<br />ftinguilf them specifically. or aiffer in what their Essence<br />doth consist, or of what Sort of Particles their Salts or<br />other component Principles are formed, is very dfficult<br />to explicate, and besides our Purpose (if we cou!d ) to<br />determine. That they offend not by their inanifeft Qua-<br />lities, is affirm'd by many of the Ancients, who",T,5
12370,0452000300,37358,37744,0.571,101,843887,844179,A48874,9,top51-150,top20-30,"es, are diligently to be studied. Of these, there are a great variety, much exceeding the number of Particles, that most Languages have to express them by: and therefore it is<br />not to be wondred, that most of these Particles have divers, and sometimes almost opposite significations. In the He","as mere signs; and not to fancy that they,.<br />and the definitions which are given of them, are really expressive of<br />things. We Ihould attend solely to the perceptions, and use words<br />only as the signs in algebraick'equations are used: and when we have<br />once taken any word as the sign of this or that perception or opera-<br />tion, we lhould fix it down to one precise determined signification.",T,5
12753,0042200402,302324,302726,0.57,101,843887,844179,A48874,9,top51-150,top20-30,"es, are diligently to be studied. Of these, there are a great variety, much exceeding the number of Particles, that most Languages have to express them by: and therefore it is<br />not to be wondred, that most of these Particles have divers, and sometimes almost opposite significations. In the He","it is iinpoffible that we can really<br />differ. The compass of nature is great,<br />and comprizes very various things. Che-<br />mifry, for instance, and common mechanics<br />are very different things; and accordingly<br />we have different kinds of laws, or rules, by<br />which to express, and explain, their ope-<br />rations; but still they are equally branches<br />of Physics. So also though the phenomena,<br />and consequently the laws",N,5
15728,0671300500,177618,177983,0.565,101,843887,844179,A48874,9,top51-150,top20-30,"es, are diligently to be studied. Of these, there are a great variety, much exceeding the number of Particles, that most Languages have to express them by: and therefore it is<br />not to be wondred, that most of these Particles have divers, and sometimes almost opposite significations. In the He",". .<br /><br />We have examined the several ways of<br />Difeovcry, and find the firit to be the moi<br />easy and pracical. It seems then advisable<br />to adhere most to this, till our knowledge is<br />more improved, for which improvemnent we<br />ought to consult the Books of the Ancients,<br />and the Experience of Praticers, for fie is the'<br />best Master. But after all the Various Styles<br />* NirlumaI",T,5
19461,0260800101,71433,71823,0.559,101,843887,844179,A48874,9,top51-150,top30-40,"es, are diligently to be studied. Of these, there are a great variety, much exceeding the number of Particles, that most Languages have to express them by: and therefore it is<br />not to be wondred, that most of these Particles have divers, and sometimes almost opposite significations. In the He","ity of such as applied them-<br />selves to the Study of History and Geography. (4.) In History, as in<br />other Sciences, the best Method is, therefore, to begin with those<br />Things which are most clear and evident, for upon such must those Con-<br />jeEcures be grounded, which are to supply the Want of Certainty in<br />other Cafes.<br /><br />WE shall, upon this Account, begin our Hifory of the Ancient Ger- The Au-",N,5
21803,1633600800,47560,47946,0.556,101,843887,844179,A48874,9,top51-150,top30-40,"es, are diligently to be studied. Of these, there are a great variety, much exceeding the number of Particles, that most Languages have to express them by: and therefore it is<br />not to be wondred, that most of these Particles have divers, and sometimes almost opposite significations. In the He","part of his life, and only valued the<br />abstruse part of the science; but, inl the abovementioned<br />work, he has condescended to explain his theory in such plain<br />terms, that I have preferred his rules and examples, for the<br />management of the unison, to my own.<br /><br />48S<br /><br />Unison is a musical term for two, or divers, voices and in-<br /><br />struments, or those strings of one instrument that sound the<br />sa",N,5
21882,1007201000,33897,34245,0.556,101,843887,844179,A48874,9,top51-150,top30-40,"es, are diligently to be studied. Of these, there are a great variety, much exceeding the number of Particles, that most Languages have to express them by: and therefore it is<br />not to be wondred, that most of these Particles have divers, and sometimes almost opposite significations. In the He","pet to their Knowledge. Nor is this all; for,<br />if upon Experience they be found dcfective<br />either in Sobriety, Probity, Diligence, or Tem-<br /><br />per-<br /><br />( 3 )<br />per, they are altogether unfit, (let their other<br />Accomplishments be ever so great) for such<br />an Imployment, and ought by all Means so<br />be difmift.<br />SCIENCES Mathematical<br /><br />and Mechanical, Taught<br />and Pra",N,5
22884,0569700400,4079041,4079333,0.555,101,843887,844179,A48874,9,top51-150,top30-40,"es, are diligently to be studied. Of these, there are a great variety, much exceeding the number of Particles, that most Languages have to express them by: and therefore it is<br />not to be wondred, that most of these Particles have divers, and sometimes almost opposite significations. In the He","as they may be moft aptly applied unto pratSice, both for<br />the ufe of inftruments geometrical and afronomical, and alfo for projetlion of platts in every kind,<br />lib. iv. Pr. ded Edw. vi. ""It is not unknown to your."" Lond. MDLI. MDLXXIV. 4t0. et MDCII.<br />4to. ubi tantum duo priores libri, Concluf",N,3
26089,0038600200,24509,24832,0.551,101,843887,844179,A48874,9,top51-150,top30-40,"es, are diligently to be studied. Of these, there are a great variety, much exceeding the number of Particles, that most Languages have to express them by: and therefore it is<br />not to be wondred, that most of these Particles have divers, and sometimes almost opposite significations. In the He","traites & des épi-<br />neufes recherches, dont les détails pour-<br />roient appefantir leurefprit & émouffer cette<br />finefie par laquelle elles excellent.<br /><br />S'il s'eft trouvé dans ce fexe des Dacier,<br />desDu Châtelet*, ce font des exemples rares,<br />plus admirables qu'imitables. Mais il n'eft<br />point à fouhaiter que la fociété fe peuple de",N,5
30308,1378500100,92467,92840,0.547,101,843887,844179,A48874,9,top51-150,top40-50,"es, are diligently to be studied. Of these, there are a great variety, much exceeding the number of Particles, that most Languages have to express them by: and therefore it is<br />not to be wondred, that most of these Particles have divers, and sometimes almost opposite significations. In the He","abitration, of making great changes in<br />""' the properties of bodies, and of being tranfmiitted<br />"" from one fubitance to another.""<br /><br />The experiments adduced in support of the anti-<br /><br />phlogistic do&rine are neither ambiguous, nor explii<br />cable on either hypothesis, nor few,-Thofe of the<br />French chemifis were performed with the greatest<br />care and nicety, and a few such are of more",N,5
31862,0668500500,13466,13766,0.545,101,843887,844179,A48874,9,top51-150,top40-50,"es, are diligently to be studied. Of these, there are a great variety, much exceeding the number of Particles, that most Languages have to express them by: and therefore it is<br />not to be wondred, that most of these Particles have divers, and sometimes almost opposite significations. In the He","iseaux, etc. , supérieurement<br />exécuté, 2 vol. iZ-8d. m. bl. doublé de ta-<br />bis, avec étuis.<br /><br />On ne peut rien voir de plus agréable et do<br />mieux diversifié que les différents sujets des mi.-<br />niatures; en tout cet exemplaire est un des plus<br />beaiuxquej'aieijamaisvus,c'estceluidePicart. Il<br />est à remarquer",N,5
36863,0649000700,5204,5579,0.541,101,843887,844179,A48874,9,top51-150,top40-50,"es, are diligently to be studied. Of these, there are a great variety, much exceeding the number of Particles, that most Languages have to express them by: and therefore it is<br />not to be wondred, that most of these Particles have divers, and sometimes almost opposite significations. In the He","duous pursuit: if, however, what is here laid down<br />should be found useful, my industry shall not be wanting to<br />chalk out some rude outlines of their extensive application,<br />which may, at a future period, be more completely filled<br />up by abler men, whereby mankind may be eentially<br />benefited-which is the ultimate wish of the author.<br /><br />HILHIC INUIRI<br />PHILOSOPHICAL INQUIRIES<br /><br />INTO",N,5
39619,0426300600,9730,10091,0.539,101,843887,844179,A48874,9,top51-150,top40-50,"es, are diligently to be studied. Of these, there are a great variety, much exceeding the number of Particles, that most Languages have to express them by: and therefore it is<br />not to be wondred, that most of these Particles have divers, and sometimes almost opposite significations. In the He","geon, are explain'd by that Author in<br />such a manner as hews him to be well skill'd in A-<br />natomy. The Operations are described with great<br />Exatnefs in that Treatise. It contains also many<br />useful Remarks upon the different Methods of ope-<br />rating, made use of by our best Pradtitioners, and be-<br />fides, a ihort Account of several extraordinary Cures<br />happily perform'",N,3
40134,0377600100,1229100,1229455,0.539,101,843887,844179,A48874,9,top51-150,top40-50,"es, are diligently to be studied. Of these, there are a great variety, much exceeding the number of Particles, that most Languages have to express them by: and therefore it is<br />not to be wondred, that most of these Particles have divers, and sometimes almost opposite significations. In the He",", upon<br />wvhich we make Experiments, do require different Diffolvenrt, whyl<br />s:.ou!d we not think, that divers Pu: gatives are necessary to loolen<br />the Humrours of tih Body which are of a different Nature ' There is<br />more Difficulty in comprehending how one kind of Purgative can<br />difoi:-e all Humours indifferently, than in believing that each<br />rrifi;s the Iumo",N,5
49179,0662800800,748486,748856,0.532,101,843887,844179,A48874,9,top51-150,top50-60,"es, are diligently to be studied. Of these, there are a great variety, much exceeding the number of Particles, that most Languages have to express them by: and therefore it is<br />not to be wondred, that most of these Particles have divers, and sometimes almost opposite significations. In the He",". Even ig.<br />fiorance is a more trully guide than profefiional arti-<br />fice. It may be urged, indeed, that the proportio-<br />nate value of impressions* can be ascertained only by<br />those who have examined many of them in their va-<br />rious fittcs, with diligence and acuteness. But surely<br />to qualify ourselves for eftimatipg the merit of the<br />curiosities we are ambitious to purchase",N,5
52965,0660700300,12471,12814,0.53,101,843887,844179,A48874,9,top51-150,top50-60,"es, are diligently to be studied. Of these, there are a great variety, much exceeding the number of Particles, that most Languages have to express them by: and therefore it is<br />not to be wondred, that most of these Particles have divers, and sometimes almost opposite significations. In the He","is to inftruat others in the preparatory sciences.<br />To seek for specifics is inexcusable puerility, or the<br />suggestion of desponding indolence, Like some ':<br /><br />b wheot,<br /><br />.: ;<br />·.,,- ,,<br />. '<br /><br />who being in possession of everything they do want,<br />are incessantly hunting after what they do not want,<br />or that which is unattainable.<br /><br />In cafes of difficult",N,3
54688,0290200800,23533,23888,0.529,101,843887,844179,A48874,9,top51-150,top50-60,"es, are diligently to be studied. Of these, there are a great variety, much exceeding the number of Particles, that most Languages have to express them by: and therefore it is<br />not to be wondred, that most of these Particles have divers, and sometimes almost opposite significations. In the He","les<br />écrit, de même que chaque peintre imprime sa maniere dans ses<br />tableaux. La manière de Raphaël, celle du Corrège, celle de Ru-<br />bens servent à les distinguer, à Ies rendre originaux, et non i les<br />rendre monotones. La physionomie d'un homme petit exprimer les<br />passions les plus opposées, sans cesser d'être un instant reconnois.<br />sable: on peut dire en ce",N,5
56626,1124100800,246873,247230,0.528,101,843887,844179,A48874,9,top51-150,top50-60,"es, are diligently to be studied. Of these, there are a great variety, much exceeding the number of Particles, that most Languages have to express them by: and therefore it is<br />not to be wondred, that most of these Particles have divers, and sometimes almost opposite significations. In the He","we<br />are hitherto very imperfecly inftruEced, and want therefore<br />to be much better acquainted, with the ObjeAs themselves,<br />before we can be able to ascertain, with any Certainty, their<br />refpedcive Names, Diitincltions and Varieties. The Names,<br />likewise, which they are called by, at present, in those Coun-<br />tries, would be of great Assistance; as some of them,",T,5
58243,1104402600,5296,5646,0.527,101,843887,844179,A48874,9,top51-150,top50-60,"es, are diligently to be studied. Of these, there are a great variety, much exceeding the number of Particles, that most Languages have to express them by: and therefore it is<br />not to be wondred, that most of these Particles have divers, and sometimes almost opposite significations. In the He","still the method .of<br />arriving at them, or descending to them, from<br />language in a slate of perfection, mull be in-<br />tricate, obscure and tedious. If ever chymift<br />ihall discover the element or fubflratum of<br />matter, matter will undoubtedly appear fim-<br /><br />13<br /><br />6 ]<br />pie, but the process to attain the discovery will<br />as undoubtedly be complplx beyond , imagina",N,5
59642,0198900801,1915,2306,0.526,101,843887,844179,A48874,9,top51-150,top60-70,"es, are diligently to be studied. Of these, there are a great variety, much exceeding the number of Particles, that most Languages have to express them by: and therefore it is<br />not to be wondred, that most of these Particles have divers, and sometimes almost opposite significations. In the He","few other accounts than such as the life of<br />every man will afford, viz. when he was born, where<br />he was educated, and where he died; for as the fame<br />of a scholar is acquired in solitude, his life seldom<br />abounds with adventure. But as we are naturally fond<br />of talking of those who have afforded us pleafurej<br />and as we never receive pleaufre without a deire to<br />beacquainted with the source from",N,3
61829,1654600900,99206,99510,0.525,101,843887,844179,A48874,9,top51-150,top60-70,"es, are diligently to be studied. Of these, there are a great variety, much exceeding the number of Particles, that most Languages have to express them by: and therefore it is<br />not to be wondred, that most of these Particles have divers, and sometimes almost opposite significations. In the He","on<br />traite avec hlonneur tous ceux qui reufiff~ent dans les arts<br />&r dans les rcin;ces utiles A a 13navigtion. On confidere<br />un bon geometre, on elimeni fort on harbile aff:ronome;3<br />on comnble de biens un pilote qui fuirpaffe les arutres dans;<br />fa~ foi·r&ion; on ne mcprife point uni bon charpentier,<br />auÜ con",N,5
69120,0343900600,277759,278099,0.521,101,843887,844179,A48874,9,top51-150,top60-70,"es, are diligently to be studied. Of these, there are a great variety, much exceeding the number of Particles, that most Languages have to express them by: and therefore it is<br />not to be wondred, that most of these Particles have divers, and sometimes almost opposite significations. In the He","things; that is, they are the mef-<br />fcngers which carry and diftinguilh objcts to the mind, without<br />which no idea could have place in the mind, as Mr. Locke has<br />abundantly demonitrated in his tno firll books "" concerning<br />hunan undertanding.""<br /><br />17I<br /><br />ing arpointed to receive found, which natu-<br />ralv- aiceiids. The noffrils have the like<br />titumi",T,5
70150,0134900601,31359,31726,0.521,101,843887,844179,A48874,9,top51-150,top60-70,"es, are diligently to be studied. Of these, there are a great variety, much exceeding the number of Particles, that most Languages have to express them by: and therefore it is<br />not to be wondred, that most of these Particles have divers, and sometimes almost opposite significations. In the He","ism must have these three Properties; it<br />must be Short, Plain, and Comprehensive.<br /><br />I. I fay, a Catechism muit be Short, that it niay be the<br />better learn'd, and the more easily committed to memory;<br />for this way of inftruting being intended for Children, it<br />muff be as brief and concise as poflible, left Length and<br />Tediousness ihould discourage them from learning, and",N,5
74408,0129801100,192,602,0.519,101,843887,844179,A48874,9,top51-150,top60-70,"es, are diligently to be studied. Of these, there are a great variety, much exceeding the number of Particles, that most Languages have to express them by: and therefore it is<br />not to be wondred, that most of these Particles have divers, and sometimes almost opposite significations. In the He",".,. /<br /><br />TO THE PUBLIC.<br />T1 E interests of the poorer classes of so-<br />ciety are so interwoven with those of every<br />part of the community, that there is no<br />subject more deserving of general attention,<br />nor any knowledge more entitled to the<br />exalted name of science, than that in which<br />their well-being is concerned; than that,<br />the tendency of which is to carry domestic<br />comtort into the recesses of every cottage,<br />mld",N,3
87918,0301300200,219033,219432,0.513,101,843887,844179,A48874,9,top51-150,top70-80,"es, are diligently to be studied. Of these, there are a great variety, much exceeding the number of Particles, that most Languages have to express them by: and therefore it is<br />not to be wondred, that most of these Particles have divers, and sometimes almost opposite significations. In the He","usiastic teachers of the old times, and<br />have taken up the mild method of persuasion, in-<br />stead of the cruel discipline of corporal puniflh<br /><br />ments.<br /><br />ments. Science almost universally flourishes among<br />them; and their discourse is not less improving<br />than the table they entertain the itranger at is<br />decent and hospitable. Few, very few of them,<br />permit the.bewitchery of dfflipation to lay hold of<br />them,",N,5
89027,1624901200,109628,109954,0.513,101,843887,844179,A48874,9,top51-150,top70-80,"es, are diligently to be studied. Of these, there are a great variety, much exceeding the number of Particles, that most Languages have to express them by: and therefore it is<br />not to be wondred, that most of these Particles have divers, and sometimes almost opposite significations. In the He","bodies themse~lves.;.<br />it is rcmmonly thoug~ht that the thlape and the~c of the~<br />material particles, andi theii·r aricus contexture in dif-<br />ferent bodies,is.the cause of the various perceptions we<br />feel si on3 them ; that is, that from these particulars,.<br />bodies halve a qtuality or captitude· to excite in our<br />Dmind the various",N,5
90131,1431700100,30904,31269,0.513,101,843887,844179,A48874,9,top51-150,top70-80,"es, are diligently to be studied. Of these, there are a great variety, much exceeding the number of Particles, that most Languages have to express them by: and therefore it is<br />not to be wondred, that most of these Particles have divers, and sometimes almost opposite significations. In the He","infinitely<br />fuperiour to all other Knowledge. Some of your an-<br />clent Mathematicians thought it a mightyr H-appineifs<br />to make Progress in Knowledge, and~could facrif ice a<br />H~ecatomb for the Dif~coveryr of some particular<br />Scheme or Figure with their Pro~perties: And s~ure<br />Improvements in the Knowrledge of Efpiritual Things,<br />must afford more pure and elegant Delight:",N,5
103070,0962301000,56012,56439,0.508,101,843887,844179,A48874,9,top51-150,top70-80,"es, are diligently to be studied. Of these, there are a great variety, much exceeding the number of Particles, that most Languages have to express them by: and therefore it is<br />not to be wondred, that most of these Particles have divers, and sometimes almost opposite significations. In the He","sup-<br />position of the generation of air from water, though in other<br />circumstances than those that I have observed. I have the<br />pleasure to add, that Mr. DE LUC himself concurs with me in<br />this opinion.<br /><br />The difficulty that strikes many persons the most forcibly, is<br />the want of analogy between the converfion.of water into air<br />with any other known faas in philosophy or in nature. But<br />admitting that this conversion is effected by",N,5
104776,0162100300,275929,276330,0.507,101,843887,844179,A48874,9,top51-150,top70-80,"es, are diligently to be studied. Of these, there are a great variety, much exceeding the number of Particles, that most Languages have to express them by: and therefore it is<br />not to be wondred, that most of these Particles have divers, and sometimes almost opposite significations. In the He","real curiosity drawn from the most profound depths of mussulman<br />erudition. The force of it, according to their notions, confiffs principally<br />in the different names of God at the four corners, and in the letters round<br />the edge; by the different comrbinations of which, different miracles are<br />to be performed; one manner or combining them, raising storms; another,<br />bringing on calms, or procuring riches",N,3
108968,1042701600,4304,4590,0.506,101,843887,844179,A48874,9,top51-150,top80-90,"es, are diligently to be studied. Of these, there are a great variety, much exceeding the number of Particles, that most Languages have to express them by: and therefore it is<br />not to be wondred, that most of these Particles have divers, and sometimes almost opposite significations. In the He","fe qu'on doit choifiren tra-<br />duifant les penfées- d'autrui:<br />mais il faut s'attacher à ce qui<br />peut les repréfenter fous l'ima-<br />ge la plus fidele. Une Traduc-<br />tion n'eft bonne qu'autant<br />qu'on a rendu les penfées, les<br />tours & les exprefions de l'Ou-<br />vrage dans le fens le plus con-<br />forme à",T,5
114672,0699300500,39184,39538,0.504,101,843887,844179,A48874,9,top51-150,top80-90,"es, are diligently to be studied. Of these, there are a great variety, much exceeding the number of Particles, that most Languages have to express them by: and therefore it is<br />not to be wondred, that most of these Particles have divers, and sometimes almost opposite significations. In the He","ed. Who makes a few nick-nack experiments and<br />listens with avidity to the discoveries of others, which he<br />publishes as his own, in the very teeth of the person from<br />whom he received his information.<br /><br />"" D. Ifa. You have a deal of observation, Mr.<br />"" Pedro?<br /><br />"" Ped. Observation is the essence of genius, madam,<br />; and genius is not confin'd to rank.""---I mut",N,5
118389,0313300100,830651,831094,0.503,101,843887,844179,A48874,9,top51-150,top80-90,"es, are diligently to be studied. Of these, there are a great variety, much exceeding the number of Particles, that most Languages have to express them by: and therefore it is<br />not to be wondred, that most of these Particles have divers, and sometimes almost opposite significations. In the He","naturally excited my reflections how the want of them was supplied in preceding<br />ages, as something similar seems to have been always necessary; having never met with<br />any attempt (though such there may be) to clear up this queflion, nor any thing<br />like a clue to lead one through the mazes of more remote time.<br /><br />A consideration of what uses are principally intended and served by our present<br />Registers is moll likely to lead us to a discovery by",N,5
118749,0051100700,33586,33952,0.503,101,843887,844179,A48874,9,top51-150,top80-90,"es, are diligently to be studied. Of these, there are a great variety, much exceeding the number of Particles, that most Languages have to express them by: and therefore it is<br />not to be wondred, that most of these Particles have divers, and sometimes almost opposite significations. In the He","of alan-<br />guage, to enable them to carry on a trifling<br />conversation, will rather teach them imperti-<br />nence, than politeness; but to be able to read<br />Joiltre, Racine and Boileau, or rather Pafral<br />among the French, Tsa? and Guarini among'the<br />Italians, will refine their taste, and highly en-<br />tertain them. But above 'all, study your own<br />language thoroughly, that you may",N,5
125059,1322801400,92362,92712,0.501,101,843887,844179,A48874,9,top51-150,top80-90,"es, are diligently to be studied. Of these, there are a great variety, much exceeding the number of Particles, that most Languages have to express them by: and therefore it is<br />not to be wondred, that most of these Particles have divers, and sometimes almost opposite significations. In the He","more than Obje~tions and Difficulties,<br />which, thlo' not so in themselves, are inexplicable to us,<br />and puzzle the Sk-ill of the firft-rate Mathematicians<br />and Natural Philosophers.<br /><br />Soph. From the ReasoNableness of Aesting to the My;<br /><br />fieries. of Chrtifiaity, let us pass to the next Book in<br />our Way. Which happens to be the Unreasonableness<br />of Conform",N,3
0,0551200500,435022,435369,0.873,122,254536,254686,A48874,9,top51-150,top5,"ut yet there seems to be a constant decay of all our *Ideas,* even those which are struck deepest, and in the Minds the most retentive; so that if the","are frail and treacherous; and<br />we think many excellent things, which-for want of<br />makinga deep impreflion, we can never recover<br />afterwards. In vain we hunt for the flragling<br />Idea, and rummage all the Solitudes and Retire-<br />ments of our Soul, for a loft Thought, which left<br />no Track or Foot-steps behind it: The swift Off-<br />ipring of the Mind is gone;",M,5
1,0097500800,37841,38203,0.868,122,254536,254686,A48874,9,top51-150,top5,"ut yet there seems to be a constant decay of all our *Ideas,* even those which are struck deepest, and in the Minds the most retentive; so that if the","and treacherous,<br />and we think many excellent Things, which<br />for want of making a deep Impreflion, we<br />can never recover afterwards; in vain we<br />hunt for the fragling Ideas, and rummage all<br />the Solitudes and Retirements of our Souls,<br />for a loft Thought which has left no Foot-<br />steps behind it. The swift Offspring of the<br />Mind is gone, 'tis dead as soon as born, nay,",M,5
3,0282500300,199331,199721,0.851,122,254536,254686,A48874,9,top51-150,top5,"ut yet there seems to be a constant decay of all our *Ideas,* even those which are struck deepest, and in the Minds the most retentive; so that if the","so disordered as not to perform<br />"" their function, they have no postern to be admitted by.<br /><br />"" There seems to be a constant decay of all our ideas, even of<br />"" those that are struck deepest. The pictures drawn in our minds<br />""are laid in fading colours. Whether the temper of the brain<br />""makes this difference, that in some it retains the characters<br />"" drawn on it like marble, in others like free-",P,5
4,0385901800,11283,11652,0.848,122,254536,254686,A48874,9,top51-150,top5,"ut yet there seems to be a constant decay of all our *Ideas,* even those which are struck deepest, and in the Minds the most retentive; so that if the","tions, all flattering<br /><br />ideas<br /><br />( II )<br />ideas of our own personal and independent<br />merit, to which we are prone in a rapture of<br />felf-love to pay idolatrous refpeet, all such<br />ideas, I fay, vanifli into oblivion. Seeing at<br />once the two extremes of human frailty and<br />divine immutability united in our nature, we<br />ihrink to nothing under a conscious sense of<br />our littleness, and",M,5
5,1323000102,156425,156787,0.843,122,254536,254686,A48874,9,top51-150,top5,"ut yet there seems to be a constant decay of all our *Ideas,* even those which are struck deepest, and in the Minds the most retentive; so that if the","poflible a<br />present these ideas in all their force; that is<br />fay, in their full obscurity, to those youtl<br />undierftlandings which are as yet totally occupi<br />with the primary operationls of the sens~es, a<br />are hardly able to coinceive any thing but wl<br />they feel ? It is in vain the vast abyss of infn<br />is thrown open before us; a child caninoth<br />firuck and confounded at",N,2
206,0658401300,19320,19686,0.809,122,254536,254686,A48874,9,top51-150,top0-10,"ut yet there seems to be a constant decay of all our *Ideas,* even those which are struck deepest, and in the Minds the most retentive; so that if the","such Thoughts as there have so<br />abiding Imprefions upon us, as that it is not<br />in the Power of all the Trifles on Earth to<br />banish them out of our Minds, and if they<br />excite us, more than ever, to forget the<br />Things that are behind, and to reach thoJe<br />Things that are before, pressing towards the<br />Mark for the Prize of the high Calling of<br />God in C.1ri yefJits + , then we",N,5
1374,0105500202,355364,355724,0.782,122,254536,254686,A48874,9,top51-150,top0-10,"ut yet there seems to be a constant decay of all our *Ideas,* even those which are struck deepest, and in the Minds the most retentive; so that if the","from Things little, inconfi-<br />derable, from Things vain, the Amusements<br />of Children, to Things filfrtantial, weighty,<br />and everlasting: For, such is the Condi-<br />tion of the World, and all Things in it,<br />that we pass into; it is void cf all Dclu-<br />lion and Cheat every Thing in it is real:<br />Whether our State or Portion therein shall<br />be happy or miserable (and one of",N,5
1399,0041101100,198652,199007,0.781,122,254536,254686,A48874,9,top51-150,top0-10,"ut yet there seems to be a constant decay of all our *Ideas,* even those which are struck deepest, and in the Minds the most retentive; so that if the","its decay; every thing<br />"" in this life is finite and transitory; and<br />""even if the condition which makes us<br />""happy were to last for ever, habit<br /><br />would deprive us of our tafle for it.<br />""If externals remain the fame, our as-<br />"" fe&ions change: happiness leaves us,<br />"" or we renounce it -.""<br /><br />THE maxim, ,""that Habit deprives<br />I us of our taste for the pleasures of",N,5
2385,1214600600,55957,56307,0.773,122,254536,254686,A48874,9,top51-150,top0-10,"ut yet there seems to be a constant decay of all our *Ideas,* even those which are struck deepest, and in the Minds the most retentive; so that if the","opinion was fortified by<br />the ideas and instilEt we have of several things<br />that were never learnt in. this world. In short,<br />w. meet with unquestionable marks .of certain re-<br />fe.. ments.that revive some lights within-our mindsr<br />o. Ahe remains bs a past grandeur that we loft by<br />si A. And from whencer do those proceed ? That<br />iiaxxplicable cypher has no",N,2
3021,0168800402,292140,292525,0.769,122,254536,254686,A48874,9,top51-150,top0-10,"ut yet there seems to be a constant decay of all our *Ideas,* even those which are struck deepest, and in the Minds the most retentive; so that if the","ideas,<br />and our most elevated and noble senti-<br />ments have their origin in the wanderings<br />of the imagination; but let us forgive its<br />chimeras, for what would there be great<br /><br />e in<br /><br />in our conceptions, or gloriois in our ac-<br />tions, if finite was not, through its illu-<br />sions, continually changed into infinite,<br />space into immensity, time into eternity,<br />and fading laurels into immortal cro",T,5
4838,0314300302,50553,50937,0.76,122,254536,254686,A48874,9,top51-150,top10-20,"ut yet there seems to be a constant decay of all our *Ideas,* even those which are struck deepest, and in the Minds the most retentive; so that if the","But at once present to the mental eye,<br />Where all things in a cloudless profped lie.<br /><br />Perhaps<br /><br />Perhaps you'll fay, the mind can nothing kiow,<br />The senses gone; since thence doth knowlcdge flow,<br />Springs from that root, and thence in growth prevails,<br />And certainly must perils when that fails.<br /><br />What then, the senses being infirm, supplies<br />By art those pow'rs their nature then denies?<br />It",M,5
7788,1228800400,31991,32335,0.751,122,254536,254686,A48874,9,top51-150,top10-20,"ut yet there seems to be a constant decay of all our *Ideas,* even those which are struck deepest, and in the Minds the most retentive; so that if the","ary<br />hopes; eager desires for riches and<br />honurs prelling us; and all about<br />what ? A -world that we may be<br />called to leave to-morrow. We<br />knpw it. \We have rmoments when<br />the instability of our existence breaks<br />in upon our minds like light from<br />Heaven, and we feel it with full fen-<br />fibility. Why then amidfc such con-<br />viaions do we susser unwarran",N,5
9317,0688101002,296620,297003,0.747,122,254536,254686,A48874,9,top51-150,top10-20,"ut yet there seems to be a constant decay of all our *Ideas,* even those which are struck deepest, and in the Minds the most retentive; so that if the","expanded. But true it<br />is, that when we fuffcr our minds to be go-<br />verned by an inclination which from any<br />collateral circumstance we care not to make<br />known, the natural and habitual virtues of<br />the foul become subjea to its influence;-<br />they lie dormant, they disappear, they cease<br />to exist as the interest of the favourite pro-<br />penfity direcs.<br /><br />"" Caffimir'now withes me to meditate be",N,5
9488,0336000900,3054,3400,0.747,122,254536,254686,A48874,9,top51-150,top10-20,"ut yet there seems to be a constant decay of all our *Ideas,* even those which are struck deepest, and in the Minds the most retentive; so that if the","ins;<br /><br />Thus<br /><br />Thus in the Soul while Memory prevails,<br />The solid Pow'r of Understanding fails;<br />Where Beams ofwarm Imaginationplay,<br />The Memory's loft Figures-melt away.<br />One Science only will one Genius fit;<br />So vaftis Art, so narrow Human Wit:<br />Notonlybounded to peculiar Arts,<br />But oft in those, confin'd to single Parts.<br />Like Kings we lose theConqueft",M,5
11289,0209800402,73697,74011,0.744,122,254536,254686,A48874,9,top51-150,top10-20,"ut yet there seems to be a constant decay of all our *Ideas,* even those which are struck deepest, and in the Minds the most retentive; so that if the","* cette hypotéfe<br />au premier afpe&, porte avec elle une contra-<br />dicion auffi vifible que celle d'un quarré rond,<br />dont l'impoflibilité nous frappe, même en l'é-<br />nonçant, par des idées contradi&oires.<br /><br />IV. L'éternité de la matiere eft une opinion<br />folle, plus contraire au bon fens, que les rêves<br />d'un malade. Si on la",N,5
13326,0449101400,70741,71123,0.74,122,254536,254686,A48874,9,top51-150,top20-30,"ut yet there seems to be a constant decay of all our *Ideas,* even those which are struck deepest, and in the Minds the most retentive; so that if the","s abftraaion of thought from<br />numerous disquieting objects, the confidera-<br />tion of which has a tendency to depress and<br />discourage the rising ardours of rational de-<br />votion towards a Being of consummate per-<br />fction. It is impossible to fix intensely the $<br />mind on different objecs at the fame time. A<br />spiritual mind is one so divinely engaged with<br />the glorious and animating objcts of",N,5
15049,0041801000,10154,10502,0.737,122,254536,254686,A48874,9,top51-150,top20-30,"ut yet there seems to be a constant decay of all our *Ideas,* even those which are struck deepest, and in the Minds the most retentive; so that if the","in such idle<br />speculations. Nevertheless, I cannot<br />avoid remarking, that a most unac-<br />countable fatality and lack of wisdom<br />seems to have prevailed in our coun-<br />cils for some time past. Sure that na-<br />tion must soon come to ruin and deftruc-<br />tion, that is both deffitute of heads<br />at the helm, and heads and hearts in<br />the field. A mad, starved, inconf",N,5
15787,0271100600,35980,36349,0.736,122,254536,254686,A48874,9,top51-150,top20-30,"ut yet there seems to be a constant decay of all our *Ideas,* even those which are struck deepest, and in the Minds the most retentive; so that if the","be affirmed and con-<br />tended, that an uninquiring and uncontem-<br />plative State of Mind, is the most direc Me-<br />thod of bringing.the natural and intellectual<br />Powers of Humanity to the greatest Happi-<br />ncfs and Perfeltion, which they are capable<br />of in the future Regions of Eternity.-In<br />England, indeed, we have our London Inns<br />of Court, our Cambridge and Oxford Semi-<br />naries",N,5
16265,0476601500,99885,100276,0.735,122,254536,254686,A48874,9,top51-150,top20-30,"ut yet there seems to be a constant decay of all our *Ideas,* even those which are struck deepest, and in the Minds the most retentive; so that if the","that scarce<br />all our framed Ideas can reach, or pass to the End of them.<br />If any of the Periods in this Vision on the Works of the<br />Creation for confuting Atheism appear too long, and the<br />Thread of them spun out somewhat of the smallest, it will<br />be esteemed so by none, but those who imagine that they<br />can fee nothing more than Fields of Riddles painted<br />out in strange Colours, or as an Assembl",N,5
19772,0421501200,45144,45527,0.731,122,254536,254686,A48874,9,top51-150,top20-30,"ut yet there seems to be a constant decay of all our *Ideas,* even those which are struck deepest, and in the Minds the most retentive; so that if the","ly furlounded as we are, by those objecs, arc become in a<br />great measure irifufceptible of the feelings they should otherwise<br />excite; our eyes like our hearts, become callous from the daily<br />habits of beholding, until we become familiarized with thole<br />melancholy and disgusting scenes: this insensibility is none of<br />the leafl moral evils flowing fiom our situation.<br />A. Young, Campbell,",N,5
24079,0542500200,471473,471849,0.726,122,254536,254686,A48874,9,top51-150,top30-40,"ut yet there seems to be a constant decay of all our *Ideas,* even those which are struck deepest, and in the Minds the most retentive; so that if the","are gone ano- - .<br />ther Way, may by chance make an ill Shape;<br />therefore the Passions of the Mind are the first Cauties of Er-<br />ror in Formation, and Imagination helps by fiirring up the<br />Appetite. These are common Errors of Formation.<br />Others are determinate Errors, not simply from the Ima-<br />gination by the Passions which have no Determination to<br />such a Thing; but no other Sense",T,5
26714,0440800201,918479,918854,0.724,122,254536,254686,A48874,9,top51-150,top30-40,"ut yet there seems to be a constant decay of all our *Ideas,* even those which are struck deepest, and in the Minds the most retentive; so that if the","; by<br />which means arites the highei firmness and ltability of all things. But what<br />can the most penetrating mind conceive of such last corpufdes ? for my<br />part, all I can conceive is, that tho' we go on dividing and abftrating to in-<br />finity, body will fill consist of other letser ones; which, if it be a simple<br />body, will he perfe&ly like the greater; and those againconfit of",T,2
26800,0633500700,186916,187275,0.724,122,254536,254686,A48874,9,top51-150,top30-40,"ut yet there seems to be a constant decay of all our *Ideas,* even those which are struck deepest, and in the Minds the most retentive; so that if the","ideas are little better than<br />nes and vapors, what can be expe&ed when we<br />ert to a world of our own forming, but there<br />t mimic fancy will produce the most monstrous<br />id ill-joined relemblances ? After this frank decla-<br />tion, what regard or credit may I exped to my<br />rn vision ? which, however, as it has a particu-<br />r relation to the fuiject in hand, and from the",T,5
27939,0545700300,127235,127591,0.723,122,254536,254686,A48874,9,top51-150,top30-40,"ut yet there seems to be a constant decay of all our *Ideas,* even those which are struck deepest, and in the Minds the most retentive; so that if the","we look in a clear night<br />on a starry iky, our eyes presently fix on<br />those parts, where the stars are (if I may so<br /><br />term<br /><br />term it) grouped'into conlftllations. The<br />mind, indifferent to a loose unideal difper-<br />sion, feels for something of system and<br />ceconomy; and catches at every image of<br />contrivance and design. Perhaps too, there<br />may be fome.hing of harmo",T,2
31608,0025900400,53136,53490,0.719,122,254536,254686,A48874,9,top51-150,top30-40,"ut yet there seems to be a constant decay of all our *Ideas,* even those which are struck deepest, and in the Minds the most retentive; so that if the","talks in such, a loose, vnpbilofophical manner.<br /><br />This writer, throughout this-chapter, takes for<br />granted what he ought to have proved. Because-<br />sensations and ideas, are neceafrijy excited in us, by<br />the-prefence- of external objets, which neceiarily fur-<br />round us ;. he therefore concludes, that we neecja-<br />rip- aft, according to the motives arising from",N,5
36417,1769600200,339766,340130,0.716,122,254536,254686,A48874,9,top51-150,top40-50,"ut yet there seems to be a constant decay of all our *Ideas,* even those which are struck deepest, and in the Minds the most retentive; so that if the",", when<br />we seem to have perfeAed our conceptions<br />by' metaphysical enquiryr, all our ideas,<br /><br />qee 2 and~<br /><br />SECT. XI. and therefore all our language (as I obf~er-<br /><br />ved before) are flill marked with those<br />indelible traits, which our commerce with<br />matter muff necessarily, I believe, impress<br />on them.<br /><br />It is moreover impofirble our ideas<br /><br />thlould ever rife to any adequat",N,2
38032,0113600500,197427,197763,0.715,122,254536,254686,A48874,9,top51-150,top40-50,"ut yet there seems to be a constant decay of all our *Ideas,* even those which are struck deepest, and in the Minds the most retentive; so that if the","iou!s<br />Endeavours in this Business,<br />than at this time; if we<br />may judge of all Places, by<br />what we fee in some<br />where there are such Dif-<br />cords and Divisions, such<br />Heats and Animofities, such<br />Harreds and Enmities, nay<br /><br />B 3 such<br /><br />such Study of Revenge,<br />as, if they be not Extin-<br />gul(hed, are fad Presages<br />of an approaching Ruin.<br />I cannot but",N,2
43515,1706300400,89610,89969,0.711,122,254536,254686,A48874,9,top51-150,top40-50,"ut yet there seems to be a constant decay of all our *Ideas,* even those which are struck deepest, and in the Minds the most retentive; so that if the","this and learn, When 'we most Zeal impart,<br />We're then most thorough Atheafls at the Heart.<br /><br />Of IDL E<br /><br />NES S.<br /><br />F all Things fly Indolence and Idleness, which<br />are two of the greatest of all Vices, because<br /><br />hey are the Parents of noft. Pride and Luxury,<br />ith a long retinue, are their pernicious Offspring.<br />nd indeed the idle Person could not possibly know<br /><br />E how",N,2
46537,1143200100,210860,211203,0.709,122,254536,254686,A48874,9,top51-150,top40-50,"ut yet there seems to be a constant decay of all our *Ideas,* even those which are struck deepest, and in the Minds the most retentive; so that if the","dits of a gazing world<br />Is there no permanent, no steady pole,<br />To point us on, and guide the wandering foul ?<br />Does prejudice and paflion rule mankind ?<br />Are there no springs that actuate the mind,<br />Whose deep meanders have a nobler source, .-<br />Than vain self love, to guide their winding course-}<br />The gen'rous ardour, ftil'd benevolence,<br />Is it all",N,5
47005,0334100400,153483,153876,0.709,122,254536,254686,A48874,9,top51-150,top40-50,"ut yet there seems to be a constant decay of all our *Ideas,* even those which are struck deepest, and in the Minds the most retentive; so that if the","bottom tend to<br />the very falne End 5 the least attention<br />to 'em discovers that they are universal:<br />Nothing appears to us in its real<br />Colours, nor can we talte any thing,<br />when our Imaginations are prejudic'd:<br />The Reputation one gives Things, often<br />creates the Value of 'em, and unless<br />we look at 'em with indifferent Eyes<br />'tis impossible to form a found Judgment<br />about 'em.<br /><br />I entirely omit what",N,5
56755,0106200800,156274,156679,0.703,122,254536,254686,A48874,9,top51-150,top50-60,"ut yet there seems to be a constant decay of all our *Ideas,* even those which are struck deepest, and in the Minds the most retentive; so that if the","it<br />is that an inquiet imagination and ever restless fen-<br />fibility afford not opportunity or leisure enough<br />for deep imagination; it is very certain, that they<br />cannot, like the men, arange, combine, abftra&,<br />purrue and diversify a long train of ideas; and<br />in every thing that requires the more fubflatiai<br /><br />K j<br /><br />( 148 )<br />talents, muff submit to a strong and a marked<br />inferiority. The truth is, tlhat restless",N,5
61378,0338600400,8892,9263,0.701,122,254536,254686,A48874,9,top51-150,top50-60,"ut yet there seems to be a constant decay of all our *Ideas,* even those which are struck deepest, and in the Minds the most retentive; so that if the","ifled.<br /><br />This digreflion coming across, prevented us from proceed-<br />ing to fay that our progress is still precarious: that having<br />alighted from our balloons, we have yet to embark on a wide<br />ocean; till<br /><br />( "" Small by degrces and beautifully less."")<br />we wave our silken fails on the smooth channels and lakes of<br /><br />singsong.<br />e It has often afloniflicd me, that Christian writers",N,5
63188,0989200600,53148,53536,0.7,122,254536,254686,A48874,9,top51-150,top50-60,"ut yet there seems to be a constant decay of all our *Ideas,* even those which are struck deepest, and in the Minds the most retentive; so that if the","ed sons of arts and sciences<br />are grown weary of the most laudable and enno-<br />bling improvements and purfuits-the pursuits of<br />knowledge and humanity, which, independent of<br />other considerations, carry their own reward along<br />with them;-and if suffering a little present,<br />whether only eeming or real oppreffion;-and if<br />putting up with a less evil, for the fake of a greater<br />good, be a dotrine,",N,5
65277,0420700800,310538,310914,0.699,122,254536,254686,A48874,9,top51-150,top50-60,"ut yet there seems to be a constant decay of all our *Ideas,* even those which are struck deepest, and in the Minds the most retentive; so that if the","Sense of multiplying Bodies<br />only without Souls ? Especially being ex-<br />prefs'd indefinitely, without any Intima-<br />tion of any limitted Signification; with-<br />out any other plain Text that can be pre-<br />tended to warn us that any other Limita-<br />tion is nece(fary to reconcile both Places to<br />each other, and to the Design of the Di-<br /><br />vine<br /><br />( 154 )<br />vine Inspirer of them ? Why should we",N,2
66848,0036200800,276942,277312,0.698,122,254536,254686,A48874,9,top51-150,top50-60,"ut yet there seems to be a constant decay of all our *Ideas,* even those which are struck deepest, and in the Minds the most retentive; so that if the","and Resolution;<br />to habituate ourselves to act rationally and<br />upon Refletion; to be sensible of our Weak-<br />ness, and thereupon to reserve ourselves to<br />Judgment and Design; to weigh well the<br />Folly of all unreasonable Passion, and the fad<br />EsBects of it, as well as the vast Advantage<br />of being free from it, whatever our Aims are;<br />to stop and suspect our ACions, when the<br />ilo",N,5
68428,0143100100,7721,8064,0.698,122,254536,254686,A48874,9,top51-150,top60-70,"ut yet there seems to be a constant decay of all our *Ideas,* even those which are struck deepest, and in the Minds the most retentive; so that if the",". Ma tut-<br />tochè qualche idea delle prefenti dottrine filofofiche fi<br />ritrovi nelle memorie della antica filofofia, uopo è pur<br />confeffare, che la fcienza fifica, 'e le matematiche abbi-<br />ano a' noftri tempi dalle varie offervazioni, efperienze,<br />e Speculazioni ricevuti lumi, et miglioramenti gran-<br />diffimi; nè è da dubitare, che per continuate di",T,5
70479,1722900500,67156,67534,0.697,122,254536,254686,A48874,9,top51-150,top60-70,"ut yet there seems to be a constant decay of all our *Ideas,* even those which are struck deepest, and in the Minds the most retentive; so that if the","is no man but what has his share,<br />more or less, of human infirmities, so that it<br />is m~or reasonable to conclude, that, in the<br />course of this life, they will sometimes una-<br /><br />void-<br /><br />voidably surprise and betray us into fomne fins.<br />Against these therefore, we must continuially<br />firive, and we mnay reasonably hope, that by<br />GOD's grace, and our own diligent and care-<br />ful endeavours",N,5
77410,0157800700,61047,61440,0.694,122,254536,254686,A48874,9,top51-150,top60-70,"ut yet there seems to be a constant decay of all our *Ideas,* even those which are struck deepest, and in the Minds the most retentive; so that if the","are<br />every day made even by those who<br />philosophize the most negligently:<br />and nothing can be more requisite<br />than to enter upon the enterprize<br />with thorough care and attention;<br />that, if it lie within the compass of<br />human understanding, it may at last<br />be happily atchieved ; if not, it may,<br />however, be rejected with tome con-<br />fidence and security. This last con-<br />clufion, surely, is not desirable",N,5
78309,0631700500,15252,15591,0.694,122,254536,254686,A48874,9,top51-150,top60-70,"ut yet there seems to be a constant decay of all our *Ideas,* even those which are struck deepest, and in the Minds the most retentive; so that if the","flood all Knowledge, were well ac-<br />quainted with the Secrets of Nature and<br />the Mysteries of Art, could found the<br />Depths of Policy, and recount the Hifto-<br />ries of all Times; yet how unfatisfadory<br />would all this be .to us, whenever the me.<br />lancholy Thought return'd, That we must<br />loon return to the Earth, and in that ve-<br />ry Day our Thoughts",N,5
82155,1335600700,17404,17771,0.692,122,254536,254686,A48874,9,top51-150,top60-70,"ut yet there seems to be a constant decay of all our *Ideas,* even those which are struck deepest, and in the Minds the most retentive; so that if the","O splendid and illuitrious<br />age of philosophy ! Who thall not look up to<br />thee with revererence, which developeit such<br />wonders for the contemplation of the human<br />mind ! O ravilhing and foul illuminating ca-<br />techifmn; which layeit open to us such trea-<br />fures of unheard, unthought of wifaom and<br />knowledge ! Alafs ! poor groveling, creatures<br /><br />that<br /><br />that we were ! we fool",N,5
95149,0555502200,52379,52740,0.687,122,254536,254686,A48874,9,top51-150,top70-80,"ut yet there seems to be a constant decay of all our *Ideas,* even those which are struck deepest, and in the Minds the most retentive; so that if the","tions are look'd upon by a great part of the<br />World as Fitions, and the Produ& of weak Brains;<br />nor (hall I pretend to determine whether they be the<br />real Spirits of the Persons who appear, or their good<br />Ange's who assume their Shapes by the divine Per-<br />niifi'in, to dilcover the Murders of such Persons as<br />were in their care, or to awaken the Consciences of<br />.such",N,2
96221,1498101700,3260,3636,0.687,122,254536,254686,A48874,9,top51-150,top70-80,"ut yet there seems to be a constant decay of all our *Ideas,* even those which are struck deepest, and in the Minds the most retentive; so that if the","Objeats-<br />no more a Probationer for Eternity-It has<br />taken a final farewel to time and all its en-<br />joyments-and now, all is new-all wonder-<br />ful ! ""Such are the thoughts, which seem<br />naturaly to flow in upon the mind, at the<br />ifight of a dying and departed friend. And<br />we are variously afc~fled at their Death, with<br /><br />different<br /><br />different passions, according to the different<br />degree",N,5
97146,0939300700,40793,41179,0.686,122,254536,254686,A48874,9,top51-150,top70-80,"ut yet there seems to be a constant decay of all our *Ideas,* even those which are struck deepest, and in the Minds the most retentive; so that if the","into<br />the World, and gone out of it, without ever<br />being publicly noticed; and many others have<br />only juft'dawned upon us, and then suddenly<br />disappeared; or, if continued, have laboured<br />under so many Difficulties and Discourage-<br />ments; or, have been so overspread with the<br />dark Clouds of Adversity, as never to be able<br />to shine out in the Fulness of their native<br />Strength and Glory; though",N,5
108626,0921800800,23383,23720,0.683,122,254536,254686,A48874,9,top51-150,top70-80,"ut yet there seems to be a constant decay of all our *Ideas,* even those which are struck deepest, and in the Minds the most retentive; so that if the","ness: the frauds, injustice, oppression, ex-<br />tortion, which overspread our land as a flood?<br /><br />1 1. And even among those iio- have kept them-<br />selves pure from those grosSer abominations, how<br />much anger and pride, and how much sloth and<br />idleness, how much softness and effeminacy, how<br />much luxury and felf-indulgence, how much co-<br />.retoufne",N,5
110261,1642800200,163284,163627,0.682,122,254536,254686,A48874,9,top51-150,top70-80,"ut yet there seems to be a constant decay of all our *Ideas,* even those which are struck deepest, and in the Minds the most retentive; so that if the","a direet contradi~tion to its pres<br />cepts, and yet complain of the want of evidence,<br />while they refufet to try that wray wherelo only it is<br />to be found, Agala, some sober and learned, and<br />cotherwile inquifritie fperfons own, That if we are<br />either cut off fromt hopes, or left to uncertainty a-<br />bout a future slate of happiness, we are mnilrable",N,2
114284,0138501500,193306,193668,0.681,122,254536,254686,A48874,9,top51-150,top80-90,"ut yet there seems to be a constant decay of all our *Ideas,* even those which are struck deepest, and in the Minds the most retentive; so that if the","awful events which have rolled upon the age,<br />too fatally warn us to diflruft the illusions of speculative reasoning, an.l<br />teach us, by the mournful instance of a diftraded empire, to beware of<br />the confcquences to which they lead; when what has been found in<br />practice to answer, is admitted only by the theorist to be wife, in pro-<br />portion as it approaches to the",N,5
119269,0029200301,33023,33378,0.679,122,254536,254686,A48874,9,top51-150,top80-90,"ut yet there seems to be a constant decay of all our *Ideas,* even those which are struck deepest, and in the Minds the most retentive; so that if the","; and to tempers<br />easily discouraged no less so, as productive<br />of romantic ideas of the excellence of<br />others, and consequently of our own. par-.<br /><br />ticular<br /><br />( 35<br />ticular deficiencies.-It may be truly an-<br />fwered, that good sense will, even in soli-<br />tude, go far towards forming a corre&<br />estimate of our progrefs-but alas ! good<br />sense is not the chara&eriftie",N,5
122693,0747200100,7267,7570,0.678,122,254536,254686,A48874,9,top51-150,top80-90,"ut yet there seems to be a constant decay of all our *Ideas,* even those which are struck deepest, and in the Minds the most retentive; so that if the","av'n has not thus decreed-each appetite<br />Is planted in us.for the noblest end,<br />And by thecir impulse we alone fubffit;<br />Diftinguifh'd-but as vegetative plants,<br />And mere machines-fhould wifies be extin&;<br /><br />Station'd<br /><br />[ 8 ]<br />Station'd in life as on a boisterous sea,<br />7These are the gales that move us to atchi",N,5
123006,0934701800,398546,398918,0.678,122,254536,254686,A48874,9,top51-150,top80-90,"ut yet there seems to be a constant decay of all our *Ideas,* even those which are struck deepest, and in the Minds the most retentive; so that if the","to reajon<br />and matter of fad. Our internal and [,when ewe do<br />not play thie hypocrites] our external 'works are always<br />exactly like our faith ; our anions being as much pro-<br />duced by our faith, as our pulses are by the beating of<br />our heart.<br />N O plant can grow without its root, and no mo-<br /><br />ral a&tion can spring into exiltence without its<br />principle. When we do not dissemble",N,5
128387,1028000100,4409,4789,0.677,122,254536,254686,A48874,9,top51-150,top80-90,"ut yet there seems to be a constant decay of all our *Ideas,* even those which are struck deepest, and in the Minds the most retentive; so that if the","nfiertion, but those which we flall be<br />obliged to specify, when we pint out the indefatigable pains<br />we have taken to feled and compile, from the befl authorities<br />ancient and modern, will evince the truth of it beyond a doubt.<br /><br />For the present, it may 1uffice to observe, that at length,<br />fully convinced of the great utility of these compilationsl we<br />-have begun to adopt therm and",N,5
0,0952400102,129588,129957,0.766,126,1224561,1224717,A48874,9,top51-150,top5,"ngs told him, that the Water in his Country, would sometimes, in cold weather, be so hard that Men walked upon it, and that it would bear an Elephant, if he","was told by him, that in Holland,<br />Water would become so hard in cold Weather, that<br />Men or Elephants might walk upon it: and the Rela-<br />tions of things in those Countries, would have feem'd<br />as strange to us, if the constant Report of Men, who<br />have been there, had not made them familiar to us.<br />It was formerly difbeliev'd, nay abfolutcly deny'd, as<br />absurd and impossible,",P,5
1,0091200501,337940,338298,0.751,126,1224561,1224717,A48874,9,top51-150,top5,"ngs told him, that the Water in his Country, would sometimes, in cold weather, be so hard that Men walked upon it, and that it would bear an Elephant, if he","and sometimes, to cool themselves, flounced into<br />the Water. It would have been diverting at ano-<br />ther Time, to fee how archly the Elephant would<br />fill his Trunk with Water, and then spout it upon<br />the reft. Besides Deer, Wild Boars, and Ante-<br />lopes, Mr. Baker saw many firange Kinds of Crea-<br />tures, which he never beheld before.<br /><br />They often saw a Man or two on",N,5
2,0000200500,200820,201153,0.743,126,1224561,1224717,A48874,9,top51-150,top5,"ngs told him, that the Water in his Country, would sometimes, in cold weather, be so hard that Men walked upon it, and that it would bear an Elephant, if he",", e dallato fi riguardava, e ciò, che<br />vedeva, credeva, che gru foffero, che ifeffero in<br />due piedi. Ma già vicini al fiume pervenuti, gli<br />venner prima, che ad alcun vedute fopra la riva<br />di quello ben dodici gru, le quali tutte in un pi:<br />dimoravano, ficcome, quando dormono, foglion<br />fare, perchè egli preftamente moftratele a Cur-<br />rado",N,5
3,0497400202,409082,409374,0.743,126,1224561,1224717,A48874,9,top51-150,top5,"ngs told him, that the Water in his Country, would sometimes, in cold weather, be so hard that Men walked upon it, and that it would bear an Elephant, if he","tte dans la mer; il étoit<br />fur le rivage tranfi de froid & ne fachant que<br />devenir, lorfqu'il pafla un homme à cheval,<br />qui avec bonté lui demanda ce qu'il faifoit là<br />mouillé comme il étoit. Pignero lui répondit<br />qu'il s'étoit fauve à la nage d'une barque qui<br />venoit de fe perdre , & qu il ne pou",T,5
5,0855700201,664494,664792,0.741,126,1224561,1224717,A48874,9,top51-150,top5,"ngs told him, that the Water in his Country, would sometimes, in cold weather, be so hard that Men walked upon it, and that it would bear an Elephant, if he","rez contre lui. Quelquefois il craignoitles<br />ecueils, dont cette c6te de la mer eft bordde, & ii<br />lui fembloit entendre l'horrible mugiffement des va-<br />gues, qui vont fe brifer contre les ecueils. Puis tout-a-<br />coup il remarquoit que la terre paroiffoit encore eloi-<br />gnec. Lcs montagnes n'etoient a fes",N,5
171,0215300900,255417,255785,0.702,126,1224561,1224717,A48874,9,top51-150,top0-10,"ngs told him, that the Water in his Country, would sometimes, in cold weather, be so hard that Men walked upon it, and that it would bear an Elephant, if he","a thinly inhabited coafi. There he would<br />be reduced to the necefity of fubfifiing<br />his boat's crew, and himself, perhaps for<br />many weeks, and of unloading his grain<br />each night, where houses for shelter could<br />scarcely be found, and reloading it in the<br />morning: and thus proceed forward day<br />by day, till his small cargo should be by<br />little and little fold. In this way, it",N,5
1018,0435500200,112647,113012,0.674,126,1224561,1224717,A48874,9,top51-150,top0-10,"ngs told him, that the Water in his Country, would sometimes, in cold weather, be so hard that Men walked upon it, and that it would bear an Elephant, if he","not found the fish at the desert island of Euirn<br />or Iffurt; and if one of the Glenmorifton men had<br />rct found and shot the hart.<br /><br />He was mostly obliged to lie in miserable huts,<br />or cn mountains, having no other bed than the<br />bare ground or heath, and without any other co-<br />vering t'an the dews or rains; and add to all there,<br />tha he had frequent returns of the bloody",N,5
1041,1323900100,443389,443770,0.673,126,1224561,1224717,A48874,9,top51-150,top0-10,"ngs told him, that the Water in his Country, would sometimes, in cold weather, be so hard that Men walked upon it, and that it would bear an Elephant, if he","Birches, on the fame fide of the river, was<br />much terrified by a gust of wind, that.beat against<br />his window, as if thot had been thrown agdinfl it:<br />but his fright greatly increased when getting up to<br />fee if the flood, that was over his ground had abated,<br />he perceived that all the water was gone from his<br />fields, and that scarce any remained in the Severn.<br />He called up his family ;",N,5
1831,0463500200,37403,37767,0.664,126,1224561,1224717,A48874,9,top51-150,top0-10,"ngs told him, that the Water in his Country, would sometimes, in cold weather, be so hard that Men walked upon it, and that it would bear an Elephant, if he","set out with two Seneca Indians<br />for his Convoy. The Snow was then four Feet deep,<br />and very dry. He travelled on Snow-Shoes, with<br />his Pack of Provisions on his Back, upwards of two<br />hundred Miles into the Wilderness, where was no<br />Path or Houses to lodge in; and in seventeen Days<br />S he reached that savage Tribe, which but a few Months<br /><br />before had been imbruing their",N,5
2268,0000900100,143367,143674,0.66,126,1224561,1224717,A48874,9,top51-150,top0-10,"ngs told him, that the Water in his Country, would sometimes, in cold weather, be so hard that Men walked upon it, and that it would bear an Elephant, if he","ce qui l'enmpcha de fe rendre au châ-<br />ueau fur le champ, de craiHte de faire.<br />foupconner du myltere à fa vifite .il<br />crut même devoir chercher un prétexte<br />pour y venir de grand matin; & comme<br />il avoit apporté du gibier la veillé, il<br />'en, chargea un valet, & ditchez. lui<br />·qu'il vouloit nous en faire préfent.",N,5
3667,0804900302,85344,85768,0.651,126,1224561,1224717,A48874,9,top51-150,top10-20,"ngs told him, that the Water in his Country, would sometimes, in cold weather, be so hard that Men walked upon it, and that it would bear an Elephant, if he","he had warned<br />his companions of the danger of sleeping in that si-<br />tuation, yet could not be prevented from making<br />that dangerous experiment himself; and though he<br />was awaked with all possible expedition, his body<br />was so much shrunk in bulk, that his shoes fell off<br />his feet, and it was with the utmost difficulty lie was<br />recovered.<br /><br />In those parts of the world, where vast masses of<br />ice are procured, the accumulation there",N,5
6391,0522100200,36471,36781,0.639,126,1224561,1224717,A48874,9,top51-150,top10-20,"ngs told him, that the Water in his Country, would sometimes, in cold weather, be so hard that Men walked upon it, and that it would bear an Elephant, if he","a fare Profped<br />of enduring Hardfl)ip for His Truths and Ways.<br />Like P1eter they walk'd to Him on the Sea, and<br />their Feet did notfink. To Perils by Water luc-<br />ceeded new Dangers and Fatigues on Shore. A<br />Wild Desert, and many barbarous Salvages, was to<br />be fJbdued by their Arms. Their'Zeal for Chriss,<br />whose Cause",N,5
7917,0521000301,291093,291452,0.634,126,1224561,1224717,A48874,9,top51-150,top10-20,"ngs told him, that the Water in his Country, would sometimes, in cold weather, be so hard that Men walked upon it, and that it would bear an Elephant, if he","'s every particle<br />he could lay hold of. For further supply,<br />he set about to procure sea-weed; which<br />was an arduous talk. In a high rocky<br />ihore, there was but one place that could<br />be formed into a road. This he made es-<br />fecual at a considerable charge; and now<br />he has sea-weed in abundance. We shall<br />now fee the consequence.<br /><br />Twelve acres of the mouldering cla",N,5
8188,0208300301,503981,504355,0.634,126,1224561,1224717,A48874,9,top51-150,top10-20,"ngs told him, that the Water in his Country, would sometimes, in cold weather, be so hard that Men walked upon it, and that it would bear an Elephant, if he","as he remained in his<br />neighbourhood, was very burdensome to him;<br />for the grazing cattle did not spare his fields<br />and plantations. As itwas easyfor the herds-<br />man, after the damage which he had occasl-<br />oned, to remove to a great distance with his<br />herd, and to avoid all indemnification,, be-<br />cause he leaves nothing behind him, which<br />he does not find just as well every-where",N,5
9777,0336900100,5053509,5053891,0.629,126,1224561,1224717,A48874,9,top51-150,top10-20,"ngs told him, that the Water in his Country, would sometimes, in cold weather, be so hard that Men walked upon it, and that it would bear an Elephant, if he","wintering he had promised, kept them from so barbarous<br />where he advied them, whereby all this Damage an Execution, and commanded that such as could<br />and Trouble had' been prevented; and forewarn- swim should throw themselves first into the Sea,<br />ing them, that they hould fillbeflhipwreck'd upon .that they might be the more helpful to others.<br />a certain Island; but yet afturing them,",N,5
11563,0376701300,194394,194769,0.626,126,1224561,1224717,A48874,9,top51-150,top20-30,"ngs told him, that the Water in his Country, would sometimes, in cold weather, be so hard that Men walked upon it, and that it would bear an Elephant, if he","that<br />just before we so much dreaded, and betide<br />our Previsions and Water grew very short,<br />at the latter of which we had been for some<br />time at the Allowance of a Pint a Man per<br />Day. In short, nothing but our being a<br />moit loving Set of People, and mutually<br />concerned for each other, could have sup-<br />ported us under the extreme Misery and Fa-<br />tigue we endured; and, as the Storm",N,5
13101,0826600101,469294,469668,0.623,126,1224561,1224717,A48874,9,top51-150,top20-30,"ngs told him, that the Water in his Country, would sometimes, in cold weather, be so hard that Men walked upon it, and that it would bear an Elephant, if he","to disturb the Tranquility of the very Sea, aqd to<br />raise a mighty and terrible Tempeit in the, before,<br />peaceable Waves, insomuch, that nothing would ap-<br />pease and assuage their Fury, but his casting himself<br />headlong into the midif of them ; where, though he<br />beheld the huge Whale, with its monstrous Jaws<br />widely extended, and waiting for him to swallow<br />him up, yet there was",N,5
13782,1019501200,119306,119585,0.621,126,1224561,1224717,A48874,9,top51-150,top20-30,"ngs told him, that the Water in his Country, would sometimes, in cold weather, be so hard that Men walked upon it, and that it would bear an Elephant, if he",", n'ayant rien autre chose<br />auprès de lui. Etonné & indigné,<br />il les endobbe, avec fiureur; il<br />avance dans cet équipige. Tout<br />ce qui étoit encore bir l'amphi-<br />théi'ltre & dans le cirque le reçut<br />avec des hiuées. On l'entouroit,<br />on lui insultoit en l'ace. Jamais<br />hommn n'essuya dc i",N,5
14248,0476200400,405273,405603,0.621,126,1224561,1224717,A48874,9,top51-150,top20-30,"ngs told him, that the Water in his Country, would sometimes, in cold weather, be so hard that Men walked upon it, and that it would bear an Elephant, if he","hundred and fifty Yards,<br />dragging the Net of Fishes.<br /><br />Ver. 9. And as soon as they were come on Shore, they saw<br />a Fire of Coals, some Meat upon it, and Bread.<br /><br />NOTE S.<br />naked : nor does it in this Place: he zwas probably Jl'ipped to his<br />under e/tl or Shirt; and, before he threw himself into the Sea,<br />girded his upper Coat about him",N,5
17187,0869100203,59880,60224,0.616,126,1224561,1224717,A48874,9,top51-150,top20-30,"ngs told him, that the Water in his Country, would sometimes, in cold weather, be so hard that Men walked upon it, and that it would bear an Elephant, if he","City, or the City of'Waters, was<br /><br />at length taken: and the upper city, altho'<br />in all probability much stronger, from the<br />advantage of its situation, on the top of a<br />hill, could not hold out long, when its, sup-<br />ply of water was wholly cut off. Of this,<br />Joab, in all the generofityof a brave soldier,<br />and all the affection of a faithful subjeCt,",N,5
21542,0744600100,29318,29607,0.61,126,1224561,1224717,A48874,9,top51-150,top30-40,"ngs told him, that the Water in his Country, would sometimes, in cold weather, be so hard that Men walked upon it, and that it would bear an Elephant, if he","s. The Angekkok<br />knew the way to riches,. and foretold that Annin-<br /><br />c 2 gait,<br /><br />gait,. having already' caught two whales,. would<br />soon return home 'withl a, large'.,boat laden with,<br />provisions. - . .<br />* This prognostication' {he was ordered to keep<br />setet- -. and Nenrgfuki, depending.'upon his",N,5
24435,0571200101,3523313,3523655,0.607,126,1224561,1224717,A48874,9,top51-150,top30-40,"ngs told him, that the Water in his Country, would sometimes, in cold weather, be so hard that Men walked upon it, and that it would bear an Elephant, if he","-he carried for him, feeing he<br />was,by the charter-party, to come there however, and take in a loading of corn, that port-<br />age being only as ballast. ado, That being blown away by storms to -Norway, he could<br />not claim the freight, average, nor deimurrage. Answered to the first, inrvela et illata in ;,a-<br />vem are hypothecate in law pro naulo,.",N,5
24500,1003901300,1591922,1592290,0.607,126,1224561,1224717,A48874,9,top51-150,top30-40,"ngs told him, that the Water in his Country, would sometimes, in cold weather, be so hard that Men walked upon it, and that it would bear an Elephant, if he","'s right place again, and when<br />he is thought to have swam enough, to take<br />him out of the water and to throw an old<br />blanket over him, to prevent h.im fiom tak-<br />ing cold, and lead him gently home.<br /><br />Then being in the Itable, they put a<br />wooden wedge of the breadth of a six-pence<br />between the toe and the shoe, on the con-<br />trary foot behind, and when they find him<br />thorough",N,5
25678,1598700101,484642,484997,0.606,126,1224561,1224717,A48874,9,top51-150,top30-40,"ngs told him, that the Water in his Country, would sometimes, in cold weather, be so hard that Men walked upon it, and that it would bear an Elephant, if he","assured me, that he had often put in<br />carps of four or· five inches long, that in a year's<br />time grew to the length o-f eighteen inches, which<br />was confirmed to me by se~veral of his neighbours,<br />as well as himself a whereas the ordinary growth<br />of a carp is not above two or three inches in that<br />time. Only where fach floods are too violent, it<br />may be good to",N,5
29673,0361900800,82955,83291,0.602,126,1224561,1224717,A48874,9,top51-150,top30-40,"ngs told him, that the Water in his Country, would sometimes, in cold weather, be so hard that Men walked upon it, and that it would bear an Elephant, if he","""was often prqefd to doff, and to put his horse in motion; but<br />' he could not be prevaild on to fir, nor did any of his horse<br /><br />move from Arcot until a few days before Hyder's arrival at<br />the Mount; * that is to fay, at the gates of Madrass, where<br />he and they were obliged to submit to the terms of the con-<br />queror. If the-Nabob could not",N,5
34821,0820500500,238230,238615,0.597,126,1224561,1224717,A48874,9,top51-150,top40-50,"ngs told him, that the Water in his Country, would sometimes, in cold weather, be so hard that Men walked upon it, and that it would bear an Elephant, if he","eftern wind, and somewhat northera<br />ly; and thence he failed plain east along<br />the coast till, so far as he was able in four<br />days, at the end of which time he was<br />compelled again to flay till he had a full<br />northerly wind; forasmuch as the coast<br />bowed thence diretly toward the south, at<br />leastwise the sea opened into the land he<br />could not tell how far: so that he failed<br />thence along the",N,5
36562,0956000800,137183,137549,0.596,126,1224561,1224717,A48874,9,top51-150,top40-50,"ngs told him, that the Water in his Country, would sometimes, in cold weather, be so hard that Men walked upon it, and that it would bear an Elephant, if he",", as of<br />other men. He ordered them to make the valley<br />where they were full of ditches:-this, you fay,<br />C' every countryman could have told, that the way<br />to get water was to dig-for it:""-but this is not a<br />true reprelentation of the cafe; the ditches were not<br />dug that water might 'be gotten by digging for it,<br />'but that they might hold the water when it should<br />miracul",N,5
41870,0127000800,28837,29219,0.592,126,1224561,1224717,A48874,9,top51-150,top40-50,"ngs told him, that the Water in his Country, would sometimes, in cold weather, be so hard that Men walked upon it, and that it would bear an Elephant, if he","gues, Change of Climates and<br />Want of Provisions, were Contingencies his Ima-<br />gination never reached. He could not believe<br />it poflible for a well fortified Town to be taken,<br />until Experience discovered to him his Error,<br />and narrowly escaping being made Prisoner.<br /><br />The<br /><br />( If )<br />The fame EngliJ who were, at home, invincible<br />under Cromwvel, were beat by incomparably less<br />Numbers at St.",N,5
45646,0273001002,110646,111056,0.59,126,1224561,1224717,A48874,9,top51-150,top40-50,"ngs told him, that the Water in his Country, would sometimes, in cold weather, be so hard that Men walked upon it, and that it would bear an Elephant, if he","in the fame manner as the<br />respiration of this lad made it previously<br />circulate in both.<br /><br />Many little stories have been related con-<br />cerning persons who were said to have<br />been hours, days, and even weeks in the<br />water, and under ice, without having been<br />drowned. If there accounts be true, I do<br />not know how to explain them, unless by<br />supposing that these persons had the oval<br />orifice still open.<br /><br />LADY CAROLINE.",N,5
46206,0138200400,929585,929964,0.589,126,1224561,1224717,A48874,9,top51-150,top40-50,"ngs told him, that the Water in his Country, would sometimes, in cold weather, be so hard that Men walked upon it, and that it would bear an Elephant, if he","nce. 'this man, as he was<br />flanding on the fort which overlooked the harbour, perceived the ea<br />to retire to a considerable diflance, and then, swelling mountains<br />high, return with great violence. The inhabitants ran from their<br />houses in the utmost confusion, filling the air with their shrieks: in a<br />few minutes all were silent, being overwhelmed by one tremendous<br />wave. This wave",N,5
56757,0620100700,29709,30037,0.583,126,1224561,1224717,A48874,9,top51-150,top50-60,"ngs told him, that the Water in his Country, would sometimes, in cold weather, be so hard that Men walked upon it, and that it would bear an Elephant, if he","were doing, Mr. SERGEANT went up tio Wgabkttkook, the Place<br />where the Captain and some others lived,.to teach theirChildren<br />to read, and was greatly pleas'd with the Refiped they ihew'd<br />him, and with the Children, they being'exceedingly engag'd to<br />learn. He went also to Skaekook,thePlace where;the Lieutenant<br />and four Families:",N,5
61156,0504200100,1130990,1131341,0.581,126,1224561,1224717,A48874,9,top51-150,top50-60,"ngs told him, that the Water in his Country, would sometimes, in cold weather, be so hard that Men walked upon it, and that it would bear an Elephant, if he","they might have both fpokcn even of one miracle the very fame which they Ipakc o!<br />divers; the one intending thereby to lignify, that the grcatncfs of the burden cxceedcd<br />the natural ability of the inftrumcnts which they had to bear it; the othcr, that the<br />weakncfs thereof was supported by a lipernatural and miraculous addition of flrcngth.<br />The nets,",N,5
63011,0951200302,112778,113109,0.58,126,1224561,1224717,A48874,9,top51-150,top50-60,"ngs told him, that the Water in his Country, would sometimes, in cold weather, be so hard that Men walked upon it, and that it would bear an Elephant, if he","the demons of<br />the sea came and pulled down the buildings,<br />and deflroyed them; at vhlich Gebirus w.as<br />greatly troubled and afMiel, until he un-<br />dcrflood the reason, by means o a f:range<br />adventure that befell h:m.<br /><br />Charoba had sent a thousand goats and.<br />shccp, which were milked ever day for the<br />King's kitchen. They were lrc pt by a",N,5
65228,1701900100,712482,712813,0.579,126,1224561,1224717,A48874,9,top51-150,top50-60,"ngs told him, that the Water in his Country, would sometimes, in cold weather, be so hard that Men walked upon it, and that it would bear an Elephant, if he","gone through his rummage;<br />nevertheless any Surveyor that may afterwards go on board with his<br /><br />watermen,<br /><br />[ 394 ]<br /><br />watermen, ihall be at liberty to make another rummage; but no<br />Tide-Surveyor shall rummage withou;t his watern ', nor any wa-<br />termen withlout their Surveyor; nor flhall either of . cm feparatcly,<br />or any tidclman or tid",N,5
66828,0652401100,31251,31599,0.578,126,1224561,1224717,A48874,9,top51-150,top50-60,"ngs told him, that the Water in his Country, would sometimes, in cold weather, be so hard that Men walked upon it, and that it would bear an Elephant, if he","of the Tides, and the uninterrupted Paflage of the Freshes down their old natural<br />Courses. Had they, the Adventurers, as they were advis'd by the molf judicious and<br />experienc'd Men, ( inltead of using Art to thwart Nature ) affifled Nature, by imbank-<br />ing the Rivers, &c. there had not been any Occasion of Complaint at this Day, either<br />from Seamen",N,5
68577,1005101100,157427,157824,0.577,126,1224561,1224717,A48874,9,top51-150,top60-70,"ngs told him, that the Water in his Country, would sometimes, in cold weather, be so hard that Men walked upon it, and that it would bear an Elephant, if he","they<br />had their feet daubed with mud: but being<br />let out the third time they returned no more;<br />and hereby XISUTHRUS underflood that dry<br />land appeared. Then he opened the fide of<br />the ship, and feeing it refted on a certain<br />mountain, he went out of it, with his wife<br /><br />and<br /><br />and daughter, and pilot; and having worlhip-<br />ped the earth,and raised an altar and sacrificed<br />to the gods, he and those who went",N,5
71088,1128800102,33069,33452,0.576,126,1224561,1224717,A48874,9,top51-150,top60-70,"ngs told him, that the Water in his Country, would sometimes, in cold weather, be so hard that Men walked upon it, and that it would bear an Elephant, if he","inted with their<br />situation: but to their unfpeakabi'e<br />furprize, they found the horrors of<br />the sea nothing equal to their present<br />distress, they were boarded by some<br />Moors of Africa's barbarous shores,<br />and carried with all their treasures, to<br />that inhospitable coast. This was to<br />Julius worse than a death-ftroke.<br />Just at the moment he flattered him-<br />self he ihould receive the reward",N,5
78473,0125400900,51668,52031,0.573,126,1224561,1224717,A48874,9,top51-150,top60-70,"ngs told him, that the Water in his Country, would sometimes, in cold weather, be so hard that Men walked upon it, and that it would bear an Elephant, if he","23. 1 rode a.cross the country to Charlton,<br />and found the congregation waiting: in the after-<br />noon we went on to Lympjham; but not without<br />Lome difficulty. The waters were out, so that it<br />was no cafy matter either to ride or walk. My<br />horse got into a ditch over his back in water.<br />Nor could I get to my lodgings the foot-way, till<br />an honelt man took me on his lho",N,5
79415,0649900100,212959,213303,0.572,126,1224561,1224717,A48874,9,top51-150,top60-70,"ngs told him, that the Water in his Country, would sometimes, in cold weather, be so hard that Men walked upon it, and that it would bear an Elephant, if he","Lenients to<br />haften the Separation of the Elcar. This poor<br />Man had heretofore been fubjeft to the He-<br />morrhoids; from which Disease some withered<br />Piles remained, hanging upon the Verge of<br />the Anus, which upon the Application of the<br />aforementioned Elcarotics and Caustics, began<br />to heat and swell: I prelently cut them off<br />with a Pair of Scissors",N,5
84483,0147303700,124558,124865,0.57,126,1224561,1224717,A48874,9,top51-150,top60-70,"ngs told him, that the Water in his Country, would sometimes, in cold weather, be so hard that Men walked upon it, and that it would bear an Elephant, if he","Pi~ g agais y site, Jfbre be mU raI me tbre', I<br />laid hold of his bayonet, and told him, that no body was going to<br />mredle with them. Not more than ten feonds after this, I saw<br /><br />tbmehing white, resembling a piece of snow or ice fall among<br />the oldiera, which knock'd the end of a irelock to the ground.<br />a t/sit",N,5
98801,1158400100,2808563,2808919,0.565,126,1224561,1224717,A48874,9,top51-150,top70-80,"ngs told him, that the Water in his Country, would sometimes, in cold weather, be so hard that Men walked upon it, and that it would bear an Elephant, if he","the Bottom of the Ocean, as was<br />the Opinion of Schroder, and others of his Time. It was oon after difcover'd.<br />however, that the Head of a peculiar Species of Whale afforded a fatty Sub-<br />stance, which when boil'd, and properly prepared, was analogous to this.. And'<br />hence it was soon deduced, that the Masses of it first found were of the fame-<br />Origin; that",N,5
99851,1547201100,108764,109148,0.564,126,1224561,1224717,A48874,9,top51-150,top70-80,"ngs told him, that the Water in his Country, would sometimes, in cold weather, be so hard that Men walked upon it, and that it would bear an Elephant, if he",", That he went<br /><br />to colonel Mitchell's by desire of general Arnold, to know whether he could spare him some waggons to<br />transport some goods that were in danger of falling into the enemy's hands at Eggharbour. He was told,<br />either by colonel Mitchell or his clerk, that waggons could not be spared at that time, but that soon it<br />might happen, as they expe~ted a number of waggons in town",N,5
100969,0831600401,45569,45928,0.564,126,1224561,1224717,A48874,9,top51-150,top70-80,"ngs told him, that the Water in his Country, would sometimes, in cold weather, be so hard that Men walked upon it, and that it would bear an Elephant, if he","how from eight perfoins<br />committed to the waves in the furious<br />wreck the deluge made on the spacious<br />globe was crowded; and that if Almaza-<br />dor filould be bletIed by the fame proteaing<br />Power, (tho' now so abandoned by all,<br />perhaps from that deserted prince in that<br />forlorn boat, a long race of great and vir-<br />tuous kings. At the fame time, fear in-<br />intermixing",N,5
114399,0019700700,22561,22898,0.56,126,1224561,1224717,A48874,9,top51-150,top70-80,"ngs told him, that the Water in his Country, would sometimes, in cold weather, be so hard that Men walked upon it, and that it would bear an Elephant, if he","at thee<br />Port of Maldondo, there was no Ship ini<br />the Harbour to convey him to Luggnagg;<br />and being obliged to wait a- Month for a;<br />Passage thither, in the Interval, he took a<br />Trip to the little Island of Glubbdubdribj<br />(the Island of Sorcerers, or Magicians)<br />IHe was very hospitably entertained by the<br />Governour here; who, at his own reque,",N,5
116146,1390300600,23210,23549,0.559,126,1224561,1224717,A48874,9,top51-150,top70-80,"ngs told him, that the Water in his Country, would sometimes, in cold weather, be so hard that Men walked upon it, and that it would bear an Elephant, if he","its<br />awful caverns, prevented his accols. Here he<br />stood trembling in himself under the appre-<br />henfion· of that indignation to which he was ob.<br />IlOXiOUS.<br /><br />This was his experience when he resided in<br /><br />London. T~his made him to frequent above a·<br />dozen places of worihip in a day, till providen-<br />tially through the ' '<br /><br />,<br /><br />andan affea~ionate<br /><br />C2",N,5
120654,0203302000,46834,47205,0.558,126,1224561,1224717,A48874,9,top51-150,top80-90,"ngs told him, that the Water in his Country, would sometimes, in cold weather, be so hard that Men walked upon it, and that it would bear an Elephant, if he","the<br />danger to be apprehended from the poisonous<br />effects of scum, and the deftrucive Lfverity<br />of a frosty night, and pointed out the usual<br />and skilful method of the Gloucefterlhire<br />Floaters to avoid the injury from either quar-<br />ter; which was to take the water off in the<br />day, and to turn it over again at night. This<br />direction Mr. B. seems to think not only ex-<br />traordina",N,5
126149,0997800200,32592,32884,0.556,126,1224561,1224717,A48874,9,top51-150,top80-90,"ngs told him, that the Water in his Country, would sometimes, in cold weather, be so hard that Men walked upon it, and that it would bear an Elephant, if he","il avanceroit ou re--<br />trograderoit ce jour-là de dix Degrez à fa<br />volonté, pour l'atfeurer de ce qu'il lui faifoit<br />annonçer, favoir , qu'il le gueriroit d'une<br />mnaladie mortelle qu'il avoit, prolongeroit fai<br />vie de quinze ans; que dans trois jours il<br />monteroit en fon Temple, & le delivreroit &",N,5
130053,0455400103,4256310,4256682,0.555,126,1224561,1224717,A48874,9,top51-150,top80-90,"ngs told him, that the Water in his Country, would sometimes, in cold weather, be so hard that Men walked upon it, and that it would bear an Elephant, if he","which once they called their Home! That Men<br />will have no House or Home, but the Ship which carry-<br />eth them so fwifcly to Eternity ! And spend their time<br />in furnishing a Dwelling on such a Tempestuous Sea,<br />where Winds and Tide are hailing them to the Shore<br />And even to the end are contriving to live where they<br />are daily dying ! And care for no Habitation but on<br />Horse-back",N,5
130407,0220401800,29757,30096,0.555,126,1224561,1224717,A48874,9,top51-150,top80-90,"ngs told him, that the Water in his Country, would sometimes, in cold weather, be so hard that Men walked upon it, and that it would bear an Elephant, if he","cient Rivers that did ever<br />run here upon this tsrraqueous Glob; Even<br />so Unb,elief, if it was not the only firRt and molt<br />ancient, yet without the? least Doubt it was one<br />of the 'sirs and mol' ancient Sins, that ever<br />Man (shall Ifay 'y Nay, rather Man orAngel )<br />was guilty of: For if had been altogether impof-<br />fible for a rational' Creatut",N,5
137573,0258601100,174837,175187,0.553,126,1224561,1224717,A48874,9,top51-150,top80-90,"ngs told him, that the Water in his Country, would sometimes, in cold weather, be so hard that Men walked upon it, and that it would bear an Elephant, if he","ment, But SMelefbtohn, whose Thoughts were<br />ever dark and gloomy, whose Hopes of a Return from<br />his State of Banilhment were now all loft, fought every<br />Opportunity to be alone. The Sight of Proxinoe and<br />his Children now aggravated his Sorrows: He would<br />often steal out to the Sea-shore at the Foot of a large<br />Rock, full of tremendous Caverns, and there",N,5
0,0306800600,66766,67166,0.854,145,246848,247032,A48874,8,top51-150,top5,"aculty of *Perception,* seems to me to be that, which *puts the distinction betwixt the •nimal Kingdom, and •he inferior parts of Nature.* For however Vegetables have, many of them, so","er; indeed the vegetable is disputed, whether<br />it possesses any or not. But the animal is well<br />known to enjoy a'vigorated perception, with a<br />great sensibility; nay, the human part of the<br />creation enjoys a degree of intelletual facul-<br />ties, capable of reasoning abftraaedly, when<br />the objets are not present; in short, of form-<br />ing imaginary perceptions, supremely eminent;<br />great in the investigation of",M,2
1,1739500100,154461,154883,0.854,145,246848,247032,A48874,8,top51-150,top5,"aculty of *Perception,* seems to me to be that, which *puts the distinction betwixt the •nimal Kingdom, and •he inferior parts of Nature.* For however Vegetables have, many of them, so","from that of a dog ; why do<br />we not ascribe the fame sensation to vegetables, though in a degree (till inferior ?<br />This diflin&ion, therefore, between the animal and vegetable, is neither fuflicient-<br />ly general nor determined. Hence we are led to conclude, there is no absolute and<br />essential distinction between thie animal and vegetable kingdoms ; but that nature<br />proceeds, by imperceptible degrees, from the most perfec to",M,2
2,0644000100,1617258,1617563,0.851,145,246848,247032,A48874,8,top51-150,top5,"aculty of *Perception,* seems to me to be that, which *puts the distinction betwixt the •nimal Kingdom, and •he inferior parts of Nature.* For however Vegetables have, many of them, so","no tell 'of l,cnevolence.<br />This inav be granted ; but in tall<br />the ftctcies of beings nwhich come<br /><br />withti<br />[ '37 }<br />On the PERCEPTIBILITY of VEGETABLES.<br />[From the Fifth Volume of Dr. WATsosN's Chcmiicgl Essays.]<br /><br />within the observation of our senses,<br />the tuppofition of their not being<br />furniflied with objefls",T,2
3,0572100100,285921,286282,0.847,145,246848,247032,A48874,8,top51-150,top5,"aculty of *Perception,* seems to me to be that, which *puts the distinction betwixt the •nimal Kingdom, and •he inferior parts of Nature.* For however Vegetables have, many of them, so",", not daihed with Phi-<br />lofophy, not debauched or corrupted with a multiplicity of contra-<br />ditory Opinions. Nay indeed the farther back we go, (adds he) the<br />more discernable is this Simplicity. The Vegetable World, is in a<br />manner tied down by the Root to preserve an Uniformity of Nature,<br />without Sense or Intinct to mislead it. The Animal indeed, is some-<br />times",M,2
4,0283200802,456653,457052,0.845,145,246848,247032,A48874,8,top51-150,top5,"aculty of *Perception,* seems to me to be that, which *puts the distinction betwixt the •nimal Kingdom, and •he inferior parts of Nature.* For however Vegetables have, many of them, so","Vegetable: Some of the Similarities I have likewise<br />mentioned; and I will fay more upon that fubjedt when I come to<br />treat of Nature, and to Ihow what a wonderful analogy the differ-<br />ent parts of Nature have to one another.<br /><br />The only two Minds, that remain to be compared, are the Animal<br />and the Intellectual. But, upon this fubje&, I hope I have already<br />said enough for the fatisfaftion of those who",M,2
214,0549000800,797781,798191,0.798,145,246848,247032,A48874,8,top51-150,top0-10,"aculty of *Perception,* seems to me to be that, which *puts the distinction betwixt the •nimal Kingdom, and •he inferior parts of Nature.* For however Vegetables have, many of them, so","Authority,<br />with suitable Remarks, being what I proposed upon my first enterpri-<br />sing this Treatise, do all naturally meet upon discoursing on this noted<br />Vegetable. A modern Alphabetical Describer of the Dispensatory<br />Plants, who pretends "" he has not only consulted the Botanick Authors<br />c ofgreateft Note but had recourse to most of the Simples themselves<br />""in their natural Prodution; "" has so superficially kim",T,2
1314,0035500900,9767,10127,0.769,145,246848,247032,A48874,8,top51-150,top0-10,"aculty of *Perception,* seems to me to be that, which *puts the distinction betwixt the •nimal Kingdom, and •he inferior parts of Nature.* For however Vegetables have, many of them, so","grees of Per-<br />fEtion, thus communicated, conflitute the dif-<br />ferent Ranks and Orders of the Creatures. To<br />the Inanimates he communicates but little more<br />than bare Exifence. On the Vegetables he im-<br />presses a uniform Motion of the nutritive Parts,<br />with a proper Cohesion. To Animals he com-<br />municates an animal Motion and Life, with an<br />Inftind to preserve their",M,2
1351,1173600200,15916,16295,0.768,145,246848,247032,A48874,8,top51-150,top0-10,"aculty of *Perception,* seems to me to be that, which *puts the distinction betwixt the •nimal Kingdom, and •he inferior parts of Nature.* For however Vegetables have, many of them, so","air, and water, the fame ob.<br />servation of the animals which in-<br />habit there three elements, will<br />quickly point out to him the second<br />grand division of beafs, birds, and<br />fihes. In the vegetable kingdom<br />likewise, their size, fubltance, and<br />figure, will readily induce him to<br />separate the trees from the plants.<br />This is what a bare infpeftion,<br />with the leait ihare of attention,<br />mut",M,2
2304,0680001301,327158,327594,0.758,145,246848,247032,A48874,8,top51-150,top0-10,"aculty of *Perception,* seems to me to be that, which *puts the distinction betwixt the •nimal Kingdom, and •he inferior parts of Nature.* For however Vegetables have, many of them, so","and regulated by the knowledge of nature, both<br />external or material, and internal or moral.<br />Without this, there cannot be Taste; because<br />one cannot discern, whether the produtions of<br />art be natural or unnatural; that is, whether<br />they be good or bad. In acquiring that know-<br />ledge of nature, which is necessary to taste, a<br />man needs not descend to the minutie of natural<br />history; but he mult contemplate all the ftrik-<br />ing appearances of",M,2
2886,0268900700,72273,72624,0.753,145,246848,247032,A48874,8,top51-150,top0-10,"aculty of *Perception,* seems to me to be that, which *puts the distinction betwixt the •nimal Kingdom, and •he inferior parts of Nature.* For however Vegetables have, many of them, so","them in molt of their<br />Qualities. All the foremention'd<br />Plants are highly acescent, except<br />Pease and Beans.<br /><br />The mealy Parts of the foremen-<br />tion'd Plants diffolv'd in Water,<br />make too viscid an Aliment to be<br />constantly us'd, and justly condemn'd<br />by Hippocrates: Therefore Mankind<br /><br />"" That eat Grains.<br /><br />have<br /><br />have found the means to make the<br />more easy of",N,2
4630,0460400300,654957,655335,0.744,145,246848,247032,A48874,8,top51-150,top10-20,"aculty of *Perception,* seems to me to be that, which *puts the distinction betwixt the •nimal Kingdom, and •he inferior parts of Nature.* For however Vegetables have, many of them, so","call them so, but bastard<br />founds, and not at all, as I have said, the real es-<br />sects of Nature. What then may we not fay of<br />disposition, which is the true harmony of Discourse,<br />that is in itself natural to man; which does no.<br />simply itrike the ear, but the mind; which moved<br />all at once, as well by so many different forts of<br />thoughts and things, as of beauties and elegances<br />to",T,2
7335,0212300900,1062186,1062512,0.734,145,246848,247032,A48874,8,top51-150,top10-20,"aculty of *Perception,* seems to me to be that, which *puts the distinction betwixt the •nimal Kingdom, and •he inferior parts of Nature.* For however Vegetables have, many of them, so","the springs up in the mind from the con-<br />eyes, z. To conceive, apprehend, &c. fcioufnefs of having done a good action,<br />SEED, (S.) Those small bodies which in or one which we ourselves approve.<br />all plants and fruits is disposed by nature SELF-CONCEIT, (S.) An overweening<br />for the propagation of the kind, z. The opinion of one'",T,2
8767,1140100702,289602,290028,0.731,145,246848,247032,A48874,8,top51-150,top10-20,"aculty of *Perception,* seems to me to be that, which *puts the distinction betwixt the •nimal Kingdom, and •he inferior parts of Nature.* For however Vegetables have, many of them, so","them with a di-<br />rectory, by which they may be guided in the management<br />of cultivating not only a Fruit- but likewise a Flower- and<br />Kitchen-garden. But, before I proceed, I think it proper to<br />remind the reader not to trust to infallibilities in French and<br />other foreign authors, whose methods are calculated for a<br />quite different climate and foil. What I here insert for the<br />information of novices in gardening, I have colleted",N,2
8938,0253400500,105098,105425,0.73,145,246848,247032,A48874,8,top51-150,top10-20,"aculty of *Perception,* seems to me to be that, which *puts the distinction betwixt the •nimal Kingdom, and •he inferior parts of Nature.* For however Vegetables have, many of them, so","II. p. 185.<br /><br />fifth, is sensation; the sixth, is underfiand-<br />ing or intelleE.-Motion, nutritionandgrowth,<br />are competent to plants as well as brutes,<br />Thence we rife to the brutal nature, to which<br />are competent, the atings ofpa/gion and fin-<br />fation. From thence we ascend to the ration-<br />al nature and person, to whom are competent",M,2
10694,0417800300,271899,272302,0.726,145,246848,247032,A48874,8,top51-150,top10-20,"aculty of *Perception,* seems to me to be that, which *puts the distinction betwixt the •nimal Kingdom, and •he inferior parts of Nature.* For however Vegetables have, many of them, so","is that variety small, like the faces of men, or the<br />leaves of any given tree, they all have something<br />in common, to proclaim them of one ipecies; yet<br />not any two to be found exaftly similar. Some<br />possess one faculty in an eminent degree; others<br />&nother, while among those excelling in the fame,<br />very different degrees of that excellence may be<br />found. If the foil is not properly prepared, the<br />feed will",M,2
12311,0757001100,7809,8183,0.723,145,246848,247032,A48874,8,top51-150,top20-30,"aculty of *Perception,* seems to me to be that, which *puts the distinction betwixt the •nimal Kingdom, and •he inferior parts of Nature.* For however Vegetables have, many of them, so","Nature in<br />general is dcbated; but he fees exatly, how<br />large a Mixture of these goes into the Compo-<br />fition of each particular Man. The Shortness<br />of the Undcrftanding, the Bent of the Temper,<br />Complexion, and Constitution, the Difference<br />of Education, the Power of Prejudices, not<br />wilfully taken up or indulged: These, and<br />many other incidental Differences, will, un-<br />queflion",T,2
13968,1097100300,105677,106071,0.72,145,246848,247032,A48874,8,top51-150,top20-30,"aculty of *Perception,* seems to me to be that, which *puts the distinction betwixt the •nimal Kingdom, and •he inferior parts of Nature.* For however Vegetables have, many of them, so","there are plant animals, and bome kind of infects,<br />C arising from vegetables that fcem to participate of<br />c both. Betwixt the animal and rational province, there<br />c' fecm to be some animals that have a dark image, or<br />' resemblance of the influxes of reason. So between the<br />cc corporeal and intellectual world, there is conitituted<br />""' man, participating much of both natures: Ita quod<br />C non tranfi",M,2
14651,0242100500,514340,514733,0.719,145,246848,247032,A48874,8,top51-150,top20-30,"aculty of *Perception,* seems to me to be that, which *puts the distinction betwixt the •nimal Kingdom, and •he inferior parts of Nature.* For however Vegetables have, many of them, so","much less can it be intelligi-<br />ble to our neighbours. People do not differ more.<br />from one another here in their physiognomy, than-<br />they do in their action. Every individual has,<br />something peculiar to himself,. which proceeds<br />either from his humour, or mere chance and'<br />cuflom; and when there is any thing singular or<br />odd in it, there is. no farther notice taken of it-<br />than to fay, Oh! that is",T,2
15060,0022800401,165969,166369,0.719,145,246848,247032,A48874,8,top51-150,top20-30,"aculty of *Perception,* seems to me to be that, which *puts the distinction betwixt the •nimal Kingdom, and •he inferior parts of Nature.* For however Vegetables have, many of them, so","......., 5 ing<br /><br />ing, or decides that they have none.-<br />What appears discriminating, like the<br />colours of cultivated flowers, is often an<br />accidental variety; the ihades and tints<br />are different, the species remains the<br />fame. It has been said that Shake-<br />fpeare, the great delineator of human<br />characer, has failed in dittinguifhing his<br />principal women-and that such as he<br />meant to be amiable are all equal",N,2
18359,0032001300,257464,257855,0.714,145,246848,247032,A48874,8,top51-150,top20-30,"aculty of *Perception,* seems to me to be that, which *puts the distinction betwixt the •nimal Kingdom, and •he inferior parts of Nature.* For however Vegetables have, many of them, so","produce or support vegetables,<br />;. But who, except those who take the<br />name of philosophers for wandering after fe-<br />cond causes, knows not, that God is the im-<br />mediate support or caus!e of earth, water, air,<br />lre, vegetables, and all the various combina-<br />tions of sensible ideas; and further, "" That<br />we are his offspring, and that he works in us<br />both to will and to do of his good pleasure,<br />and",M,2
22222,1505300700,101324,101659,0.709,145,246848,247032,A48874,8,top51-150,top30-40,"aculty of *Perception,* seems to me to be that, which *puts the distinction betwixt the •nimal Kingdom, and •he inferior parts of Nature.* For however Vegetables have, many of them, so","N~ature a..ind what is more than terie eare<br />,·to :be :cohfiderfed as the outward Fruits and<br />· Effedis of each Nature.<br /><br />(42:.) Now tho' the natural Life im all<br /><br />Mien -is one and the fampe, yet there are under<br />Sit Variety of Comnplexions, which makes Men<br />of the Jame Nature almost infinitely different<br />from one another. Now the Matter is",D,2
24580,0350601100,354765,355110,0.707,145,246848,247032,A48874,8,top51-150,top30-40,"aculty of *Perception,* seems to me to be that, which *puts the distinction betwixt the •nimal Kingdom, and •he inferior parts of Nature.* For however Vegetables have, many of them, so","; besides those that, tho'<br />"" some Men may chance to have seen, have<br />""their Natures so little known, that they<br />"" have not so much as Names affign'd to them.<br />"" So that when I confider that of the Ingredi-<br />""ents we are acquainted with (topas by all the<br />"" relt that the Earth may conceal) the Propor-<br />""tions wherein they are mingled may be num-<br />""ber",T,2
24698,1330400701,131361,131670,0.707,145,246848,247032,A48874,8,top51-150,top30-40,"aculty of *Perception,* seems to me to be that, which *puts the distinction betwixt the •nimal Kingdom, and •he inferior parts of Nature.* For however Vegetables have, many of them, so","1reason, To his infinats are less perfe&t than those<br />of the brute creation:; as.·are probably affo his bodily<br />senses and appetitesi and his: ferrftions of pleafare;<br />from animal gr-atifications .--This is indeed, so far asl<br />we know,,. the only fghere and ultinmtum of the. brute<br />areation. Their sup~reme happin",M,2
25667,0966400601,85149,85514,0.706,145,246848,247032,A48874,8,top51-150,top30-40,"aculty of *Perception,* seems to me to be that, which *puts the distinction betwixt the •nimal Kingdom, and •he inferior parts of Nature.* For however Vegetables have, many of them, so","the<br />names of all the trees, shrubs, flowers,<br />and vegetables, which are every day<br />before your eyes, and, without pro-<br />feffedly studying botany, to have de-<br />light in being acquainted with the<br />indigenous or native plants of the<br />country you live in: I do not mean<br />all that clothe the ground; the trees<br />of the woods, the aquatic plants, or<br />those that grow on rocks, wall",N,2
29040,1689200501,253647,253911,0.703,145,246848,247032,A48874,8,top51-150,top30-40,"aculty of *Perception,* seems to me to be that, which *puts the distinction betwixt the •nimal Kingdom, and •he inferior parts of Nature.* For however Vegetables have, many of them, so","few advantages allorfd himn ·above<br />,,the bealts? What can a creature claim, so little dif~-<br />,,fering froml 'emn, or whole mlerit ~appears To little<br />,,above 'em,, except in trli~dom~ and virtuce, tp wJEhich so<br />,,fewJl conform? Man may be virtuous; and, beeing so,<br />,",N,2
33370,1354201700,12216,12515,0.699,145,246848,247032,A48874,8,top51-150,top40-50,"aculty of *Perception,* seems to me to be that, which *puts the distinction betwixt the •nimal Kingdom, and •he inferior parts of Nature.* For however Vegetables have, many of them, so","t o' th' eye.<br /><br />Another's c~hild's abortive --- he believes<br /><br />Nature moRt perfeQ in diminutives;<br /><br />~And<br /><br />Deletant : velati Balbinum polypus Agne :<br />Vellem1 in amicitia sic erraremus; & irci<br />Errori nomen virtus pof~uiffet honeitum.<br />At, pater ut nati, sic nos debemus amici,<br />Si qulod fit vitium, non fafci",N,2
34757,0614000500,443762,444119,0.698,145,246848,247032,A48874,8,top51-150,top40-50,"aculty of *Perception,* seems to me to be that, which *puts the distinction betwixt the •nimal Kingdom, and •he inferior parts of Nature.* For however Vegetables have, many of them, so","other Bodies,<br />which our Glasses have discovered, and give us<br /><br />Reason<br /><br />Reason to believe there are many more,, which. nt<br />ver will be, known. This providential. Variety is,<br />in nothing more remarkable, than in, that diftin,<br />guid'd Difference, which is. in Animals of the<br />lame Species, insomuch, that we very rat.ely fee:<br />any twos who have not some manifelt' Di",M,2
39597,1344101000,14091,14444,0.695,145,246848,247032,A48874,8,top51-150,top40-50,"aculty of *Perception,* seems to me to be that, which *puts the distinction betwixt the •nimal Kingdom, and •he inferior parts of Nature.* For however Vegetables have, many of them, so","thruits forth its<br />foots in a thousand complicated forms, is<br /><br />said, by Naturalifts, not: to differ in figure<br />from the almost imperceptible G~erin which<br />vegetated in its parent Acorn; and -it mnay,<br />perhaps, as juffly be observed, that the moral<br />form and charac'ter of every grown up: man<br />is little else than the dlevelopement and the<br />enlargemen~t of those",M,2
42514,1035301000,52375,52748,0.693,145,246848,247032,A48874,8,top51-150,top40-50,"aculty of *Perception,* seems to me to be that, which *puts the distinction betwixt the •nimal Kingdom, and •he inferior parts of Nature.* For however Vegetables have, many of them, so","contain<br />The spacious tenement of GRENVILLE'S brain!<br />Nature, in all her dispensations wife,<br />Who form'd his head-piece of so vast a size,<br />-Iath not, 'tis true, negle&ed to bestow<br />Its due proportion to the part below;<br />And hence we reason, that, to serve the state,<br />I-is top and bottom may have equal weight.<br />Every reader will naturally conceive,<br />that in the description of the",N,2
43182,0818900600,29668,30045,0.692,145,246848,247032,A48874,8,top51-150,top40-50,"aculty of *Perception,* seems to me to be that, which *puts the distinction betwixt the •nimal Kingdom, and •he inferior parts of Nature.* For however Vegetables have, many of them, so","the ARTFUL,---the Sensible, Penetrating, Engaging.<br />IN the INNOCENT,---the Sensible, Modest.<br />I AM conscious much more may be said upon the subjet of the beauty of the<br />human face, but I have presumed only to give a hint of a new pratical scheme to the<br />public, referring the ultimate decision of the principles to the feelings and experience of<br />mankind; and I shall refi extremely",T,2
52175,0099400103,429085,429405,0.687,145,246848,247032,A48874,8,top51-150,top50-60,"aculty of *Perception,* seems to me to be that, which *puts the distinction betwixt the •nimal Kingdom, and •he inferior parts of Nature.* For however Vegetables have, many of them, so","clhia.<br />ramente, che quelli che cosi di leggero dan-<br />no la sentenjia, hanno riguardo.. a poche<br />cose , e sempre errano . Si disse poi, che<br />la natura n'aveva dato due orecchie aper-<br />te, e senza ostacolo alcuno, a fine che il<br />tutto agiatamente potessimo udire ;emna che:<br />a la linqgua aveva opposto duo bastioni, a-<br />ciò che l",T,5
55954,1541600700,32348,32667,0.685,145,246848,247032,A48874,8,top51-150,top50-60,"aculty of *Perception,* seems to me to be that, which *puts the distinction betwixt the •nimal Kingdom, and •he inferior parts of Nature.* For however Vegetables have, many of them, so","Magnitude has i·ts half, third, fourth,<br />· ~c, Part .<br /><br />Note,,. Though1 there Pollulates are .not always<br /><br />quoted, the Reader will easily perceive where and<br />in what Sense they are to be understood.<br /><br />SAXIOMS or Self-evidelit TRUTrus,<br /><br />I. ·Things that 'are equal-to one and the fame<br /><br />TZ-hing, are equal to each other.<br /><br />.2. E",D,2
57746,0763000100,128765,129082,0.684,145,246848,247032,A48874,8,top51-150,top50-60,"aculty of *Perception,* seems to me to be that, which *puts the distinction betwixt the •nimal Kingdom, and •he inferior parts of Nature.* For however Vegetables have, many of them, so","a greater degree of<br />it than was natural.<br /><br />6. Costiveness.<br />7. Wakefulness.<br />8. Head-ach.<br />'* rulfts fanorum plllfibus imiles admiinclu, perictilofi.""<br /><br />a'e . ler e Potintl, p. 11..<br /><br />9. A preternatural dilatation of the pupils -This<br />was universal. I was much firuck in observing the<br />pupil in one of the eyes of a young man",N,2
59586,0630501202,192748,193106,0.684,145,246848,247032,A48874,8,top51-150,top50-60,"aculty of *Perception,* seems to me to be that, which *puts the distinction betwixt the •nimal Kingdom, and •he inferior parts of Nature.* For however Vegetables have, many of them, so",", is there no difference in them,<br />a id do not itine of them lea;d through much<br />trouble to diiappointment and death ? And<br />is there not a presumption, a certainty, that<br />the way of the iiiferi is of this fort ? when<br />his very name may admonish him of the<br />light in which the common sense of man-<br />kind regards his pursuit of untafled opu-<br />lence; and when he finds,",T,2
61180,0205800700,211072,211443,0.683,145,246848,247032,A48874,8,top51-150,top50-60,"aculty of *Perception,* seems to me to be that, which *puts the distinction betwixt the •nimal Kingdom, and •he inferior parts of Nature.* For however Vegetables have, many of them, so","Properties so fully, as to be<br />diftinguifled by their proper Name. And<br />here I must declare, that, in my Judgment,<br />what is called a Scorbutick, wandering<br />Gout, is nothing else but the Seeds of a<br />proper Gout, that Nature has, by a long<br />Jabour, been firiving to bring to Perfec-<br />tion, but without Success; and not being<br />able fully to form the Gouty Matter, and<br />prepare it for",T,2
62394,0434102900,40628,40963,0.682,145,246848,247032,A48874,8,top51-150,top60-70,"aculty of *Perception,* seems to me to be that, which *puts the distinction betwixt the •nimal Kingdom, and •he inferior parts of Nature.* For however Vegetables have, many of them, so","There<br />is a fvereign variety indeed, in all the divine difpen-<br />iations, in those of nature, providence, and grace.<br />.ill have not an equal fllare with others of reason,<br />or wealth, and other natural enjoymenlts, nor even of<br />?Ilral and fpiritilal advantages. The gospel, we<br />know, was fcnt to Chorazin and Betlftida, and nat<br />to jyre andSido",N,2
64447,0155904200,39644,40028,0.681,145,246848,247032,A48874,8,top51-150,top60-70,"aculty of *Perception,* seems to me to be that, which *puts the distinction betwixt the •nimal Kingdom, and •he inferior parts of Nature.* For however Vegetables have, many of them, so","whether fruitful or not; but I<br />would know what it ought to be, confider-<br />ing its remote or nearer Distance from the<br />Sun. This is the Knowledge we are in quest<br />of; and upon which, I wish some more<br />able Person than myself, would kindly com-<br />municate his Informations.<br /><br />I hear, methinks, rome fay, that it ar-<br />gues great Pride for any one to think he<br />knows more of this than all the reft",N,2
70970,0314300301,331004,331352,0.679,145,246848,247032,A48874,8,top51-150,top60-70,"aculty of *Perception,* seems to me to be that, which *puts the distinction betwixt the •nimal Kingdom, and •he inferior parts of Nature.* For however Vegetables have, many of them, so","from those above. On the<br />third, the Sea, Land, and Vegetables. On the fourth, the<br />Sun, Moon, and Stars. On the fifth, Fifl and Fowl. On the<br />sixth, all terrcftrial Animals, and Man.<br /><br />,I~~~ ~~Such<br /><br />Such an Interpretation can never be adopted; and, though<br />that which I have before given may perhaps be new, it appears<br />to me the most rational. It makes",N,2
71812,0243400300,535628,535965,0.678,145,246848,247032,A48874,8,top51-150,top60-70,"aculty of *Perception,* seems to me to be that, which *puts the distinction betwixt the •nimal Kingdom, and •he inferior parts of Nature.* For however Vegetables have, many of them, so","nor but Images<br />"" may be of use to the ltupid Vulgar, who are<br />"" led only by their Senses, for raising their Devo.<br />""tion at the fight of them ; but fee, I pray thee,<br />"" whether many more and greater Disadvantages<br /><br />are<br />Non diffiteor imagines fervre posse flupido vulgo, quod njt<br />nifi fenfibm fuik ducitur, ut earumn conjpenu ad devotionen ex",T,2
75633,1477800600,39456,39799,0.677,145,246848,247032,A48874,8,top51-150,top60-70,"aculty of *Perception,* seems to me to be that, which *puts the distinction betwixt the •nimal Kingdom, and •he inferior parts of Nature.* For however Vegetables have, many of them, so","solid qualities, become the chief, if not<br />the only objeas of our fenifes; there ap..<br />pears to be rnuch propriety, and philofdP<br />phical tru-th,' in mentioning only the dud; of<br />the ground in the formationz of man.: But<br />this is not all that the text inform us of-<br />for we are told that so~mething more was ret~<br />quifite, besides the formation of the",M,2
87682,0531600700,311139,311556,0.672,145,246848,247032,A48874,8,top51-150,top70-80,"aculty of *Perception,* seems to me to be that, which *puts the distinction betwixt the •nimal Kingdom, and •he inferior parts of Nature.* For however Vegetables have, many of them, so","is such a close affinity between a proper<br />cultivation of a flower garden, and a right discipline of<br />the mind, that it appears difficult for a rightly thought-<br />ful person, that has made any proficiency in the one, to<br />avoid paying a due attention to the other. That indus-<br />try and care which are so requisite to cleanse a garden<br />from all forts of weeds, will naturally suggest to him<br />how much more expedient it would be",T,2
88649,0345900601,109105,109413,0.672,145,246848,247032,A48874,8,top51-150,top70-80,"aculty of *Perception,* seems to me to be that, which *puts the distinction betwixt the •nimal Kingdom, and •he inferior parts of Nature.* For however Vegetables have, many of them, so","toutes les phrafes<br />& de toutesles expreflions qu'ils avoient<br />dites ou enten'dues, durant le temps de<br />leur vie mortelle; ou bien s'il ne devoit<br />un reffouvenir auffi clair & auffi parfait<br />Première Partie. F<br /><br />»<br /><br />( I22 )<br />de chofes paffees, qu'à une faculté rare<br />qu'il avoit reçue de la nature ? - Auf.<br />fitôt, rep",T,5
89388,0132500700,139648,140052,0.672,145,246848,247032,A48874,8,top51-150,top70-80,"aculty of *Perception,* seems to me to be that, which *puts the distinction betwixt the •nimal Kingdom, and •he inferior parts of Nature.* For however Vegetables have, many of them, so","of vegetation from com-<br />mon earth; and our Saviour infers, that the di-<br />vine skill and power, which formed these natural<br />productions, was certainly able to provide ordi-<br />hary cloathing; the feeding and cloathing the<br />body, according to our apprehensions, requiring<br />a far less exertion of art and power, than the<br />first formation of the body, and of the flowers<br />here mentioned<br /><br />In ver. 26, he brings another",M,2
99846,1414200500,25232,25613,0.668,145,246848,247032,A48874,8,top51-150,top70-80,"aculty of *Perception,* seems to me to be that, which *puts the distinction betwixt the •nimal Kingdom, and •he inferior parts of Nature.* For however Vegetables have, many of them, so","Or, to keep to the Instance and<br />Example in my Text - No doubt but<br />there is as great a Difference between<br />one Blade or Stalk offtanding Corn and<br />another, as there is between one living<br />humane Body and another'; but when<br />the Chaff and Straw, and all that is f e-<br />parated from the Grain, is converted<br />into Dung or common Soil, there is no<br />farther Difference conceivable between<br />the fe",T,2
101217,1323400300,20121,20504,0.668,145,246848,247032,A48874,8,top51-150,top70-80,"aculty of *Perception,* seems to me to be that, which *puts the distinction betwixt the •nimal Kingdom, and •he inferior parts of Nature.* For however Vegetables have, many of them, so",""" nature, we are not able to judge whether any<br />&"" thing that may appear to us wonderful or mira.<br />C' culous be within, or be beyond, or be contrary<br />""C to, her natural power of aclinog.<br /><br />To this it is easy to reply, that though no man<br /><br />knows the whole extent of the powers, or laws,<br />of nature, we are fufficiently well acquainted with<br />some of them. Not to mention the cafe of the<br />death",T,2
105455,0142403300,4428,4761,0.666,145,246848,247032,A48874,8,top51-150,top80-90,"aculty of *Perception,* seems to me to be that, which *puts the distinction betwixt the •nimal Kingdom, and •he inferior parts of Nature.* For however Vegetables have, many of them, so","particularly seasonable.<br />What is necefeary for a more diftin&t Explication<br />of the Words will fall in under the following Heads,<br />which may comprize all that I have to fay on this<br />Occasion:<br />I. To reflrain and filbdue the Di&atesof corrupt.<br /><br />Nature, is accounted, by Men of vicious Lives,<br />a strange Tliing.<br />II. Such Ms .as are Lovers of",T,2
110240,1160500900,20395,20704,0.665,145,246848,247032,A48874,8,top51-150,top80-90,"aculty of *Perception,* seems to me to be that, which *puts the distinction betwixt the •nimal Kingdom, and •he inferior parts of Nature.* For however Vegetables have, many of them, so","eflary to confidcr<br />C H R I S T as to his Two Nanures, his Gd-<br />kead, and his Manhood ; which tho' they are<br />plainly to be diftingzjcid, yet impl'ffibl to be<br />divided. To each of these Natures belongeth<br />a Righteousness, whichR ightcouliiels isEfential<br />to that Nature, so that it is as eafie to cause the<br />Nature to",N,2
113194,0216701400,35834,36246,0.664,145,246848,247032,A48874,8,top51-150,top80-90,"aculty of *Perception,* seems to me to be that, which *puts the distinction betwixt the •nimal Kingdom, and •he inferior parts of Nature.* For however Vegetables have, many of them, so","that if there<br />is any difference in this respect, it is very inconfidcrablc.<br /><br />living<br /><br />[ 27 ]<br />living and dead animals, are so different from<br />what is generally shewed at any university,<br />that I do not exped to fee them established,<br />until other anatomists have repeated the fame;<br />and indeed that must be done very often, in<br />order to be acquainted with nature, and to<br />learn to diftinguiih what is usual and con-<br />ftant,",T,2
113597,0668300100,128993,129344,0.664,145,246848,247032,A48874,8,top51-150,top80-90,"aculty of *Perception,* seems to me to be that, which *puts the distinction betwixt the •nimal Kingdom, and •he inferior parts of Nature.* For however Vegetables have, many of them, so","&ive, one of Experience and a large<br />Capacity, diligent, honei', and good natur'd, which<br />are Qualifications necetary for every Person.<br /><br />As for the Exposure of Gardens, if they be of a<br />ifrong Earth that is cold, to be exposed to the South<br />is bet ; if light and hot, then the East is counted bell;;<br />the Noihern Afpe& in England is' befl for Baking.<br />Fruit",N,2
118851,0009900800,19820,20179,0.662,145,246848,247032,A48874,8,top51-150,top80-90,"aculty of *Perception,* seems to me to be that, which *puts the distinction betwixt the •nimal Kingdom, and •he inferior parts of Nature.* For however Vegetables have, many of them, so","by the historian of<br />the Antilles, induced me to proposs to him<br />the two following queries. I. Whether, (as<br />I had inferred from their other traits) they<br />have not in general large pupils ? and a.<br />whether (as is, I believe, the common opi-<br />nion) they are not very liable to conJumption<br />on residing in England? The answer,<br />which runs as follows, involves Mr. Ed-<br />w",N,2
0,0400001100,78242,78620,0.877,305,1026242,1026483,A48874,6,top151-1000,top5,"eir several ranks and sorts, we shall find this cause of Ignorance conceal from us, in an impenetrable obscurity, almost the whole intellectual World; a greater, certainly, and more beautiful World than the material. For, bating some very fe","omnes<br /><br />petegrinai us<br /><br />the more we come to underhand Things, the<br />more sensible we grow of our own Ignorance,<br />and fee what a world of things there are that<br />we know nothing of. And after all our<br />Search, and Pains, and Study; when we have<br />digg'd deep for Knowledge, and have enrich'd<br />our Minds with a great variety of secular<br />Wisdom; so weak and impotent is Man, that<br />a Distemper of",M,2
1,0969700804,193990,194288,0.875,305,1026242,1026483,A48874,6,top151-1000,top5,"eir several ranks and sorts, we shall find this cause of Ignorance conceal from us, in an impenetrable obscurity, almost the whole intellectual World; a greater, certainly, and more beautiful World than the material. For, bating some very fe","gnés du berceau du monde; & fi on<br />leur fait grace de la ftupidité,, on n'y<br />voit qu'ignorance & ténebres, -Mais<br />l'ignorance ef en nous, qui les connaif-<br />.fins mal: les ténebres font celles de la<br />diftance, qui brunit les objets en les<br />rappetiffant. L'eftime de nous-mêmes<br />nous trompe nous nous croyon",M,5
2,0019500600,6996,7351,0.872,305,1026242,1026483,A48874,6,top151-1000,top5,"eir several ranks and sorts, we shall find this cause of Ignorance conceal from us, in an impenetrable obscurity, almost the whole intellectual World; a greater, certainly, and more beautiful World than the material. For, bating some very fe","voir que lui-=<br />ce qu'ignore très-profondement une mul-<br />titude d'hommes de mérite fort inftruits<br />d'ailleurs dans toutes les connaifances<br />dont nous venons de faire l'énumération<br />au commencement de cet écrit.<br /><br />L'ignorance comme toutes les chofes<br />de ce monde, tend a fe perpétuer d'elle-<br />même. La nôtre fur ces vérités, les plus<br />importantes de toutes pour les",T,5
3,0304301100,173311,173580,0.872,305,1026242,1026483,A48874,6,top151-1000,top5,"eir several ranks and sorts, we shall find this cause of Ignorance conceal from us, in an impenetrable obscurity, almost the whole intellectual World; a greater, certainly, and more beautiful World than the material. For, bating some very fe","-lors une pâture continuelle. Plus<br />une relligion efi ténébreufe , & plus clle paroît<br />divine , c'eft-à-dire , conforme à la nature d'un<br />être caché dont on n'a pointd'idées.<br />C'eft le propre de l'ignorance de préférer l'in-<br />connu , le caché , le fabuleux , le merveilleux,",T,5
6,1234900500,9999,10346,0.868,305,1026242,1026483,A48874,6,top151-1000,top5,"eir several ranks and sorts, we shall find this cause of Ignorance conceal from us, in an impenetrable obscurity, almost the whole intellectual World; a greater, certainly, and more beautiful World than the material. For, bating some very fe","u l'igno-<br />rance avec l'erreur. L'ignorance<br />i la considérer seule et sans la ve-<br />rité avec laquelle elle a de si douces<br />harmonies, est le repos de notre<br />intelligence; elle nous fait oublier<br />les maux passés, nous dissimule<br />les présens, et nous cache ceux<br />de l'avenir; enfin, elle est un bien<br />puisque nous la tenons de lanature;<br />rerreur, au contraire",T,5
234,0275000100,2075308,2075717,0.831,305,1026242,1026483,A48874,6,top151-1000,top0-10,"eir several ranks and sorts, we shall find this cause of Ignorance conceal from us, in an impenetrable obscurity, almost the whole intellectual World; a greater, certainly, and more beautiful World than the material. For, bating some very fe","constant diligence<br />hath, by degrees, discovered to me more than<br />one could easily believe; though what we are<br />ignorant of is, and will remain, much greater<br />than all we know. Hence, indeed, we have<br />knowledge of many things; but our ignorance<br />fill prevails and predominates.<br />Of certain ermicles or Worms, whose eggs are lodged in the bags wherein<br /><br />imzij is brought to us.<br />Should never make an end, if I attempted",M,2
1392,1273900103,138966,139260,0.805,305,1026242,1026483,A48874,6,top151-1000,top0-10,"eir several ranks and sorts, we shall find this cause of Ignorance conceal from us, in an impenetrable obscurity, almost the whole intellectual World; a greater, certainly, and more beautiful World than the material. For, bating some very fe","dule;<br />l'ignorance fait prendre le change;<br />mais elles n'ôtent ni la mémoire, ni le<br />bon fens.<br /><br />L'imagination en eft, il el vrai,<br />moins féconde, moins variée, faute<br />d'une mémoire exercée& meublée d'i-<br />mages infiniment différentes , d'où pul-<br />lulent une prodigieufe quantité d'idées;<br />mais en a-t-on",T,5
1411,1741600106,1015024,1015421,0.804,305,1026242,1026483,A48874,6,top151-1000,top0-10,"eir several ranks and sorts, we shall find this cause of Ignorance conceal from us, in an impenetrable obscurity, almost the whole intellectual World; a greater, certainly, and more beautiful World than the material. For, bating some very fe",",<br />doubt, such natural ignorance is well worth all<br />tificial folly. This advantage refulls from it, th<br />underfiandings being nearly on a level, the in<br />of conditions is less perceptible. For, in fadt<br />not perceive among the Druzes that great<br />which, in moit other societies, degrades the<br />without contributing to the advantage of the<br />All, whether hailks or peasants, treat each oti<br />that rational familiar",T,2
2305,0919300600,118896,119219,0.796,305,1026242,1026483,A48874,6,top151-1000,top0-10,"eir several ranks and sorts, we shall find this cause of Ignorance conceal from us, in an impenetrable obscurity, almost the whole intellectual World; a greater, certainly, and more beautiful World than the material. For, bating some very fe","by hope, nor fullen<br />from disappointment.<br /><br />IBID. V. Z. p. 142.<br /><br />KNOW-<br /><br />K NO W L E D G E.<br />WHEN we rife in knowledge as the proipect<br />widens, the objects of our regard become more<br />obscure; and the unlettered peasant, whose views<br />are only direEted to the narrow sphere around him,<br />beholds nature with a finer relish, -and taftes",N,2
2859,0002700101,5719,6120,0.792,305,1026242,1026483,A48874,6,top151-1000,top0-10,"eir several ranks and sorts, we shall find this cause of Ignorance conceal from us, in an impenetrable obscurity, almost the whole intellectual World; a greater, certainly, and more beautiful World than the material. For, bating some very fe","these fictions and conje&ures, which have been the<br />result of idleness, fraud, or superstition. Nor yet<br />would the talk have been difficult to amaze the<br />ignorant, as some have done before us, with obscure<br />erudition and fcholafcic conjecture. The regions of<br />conjectural erudition are wide and extensive; in them<br />there is room for every new adventurer, and immense<br />loads of neglected learning Itill remain",N,2
4607,0612000300,212257,212641,0.782,305,1026242,1026483,A48874,6,top151-1000,top10-20,"eir several ranks and sorts, we shall find this cause of Ignorance conceal from us, in an impenetrable obscurity, almost the whole intellectual World; a greater, certainly, and more beautiful World than the material. For, bating some very fe","they muff all be reduced.<br />When therefore we confider this grand Objec of UNIVERSAL<br />NATURE; how far a FREE ENQUIRY may extend; how im-<br />portant there Discoveries, which have been made; how many<br />more, and perhaps greater Truths remain yet undiscovered; and<br />latly how all there most evidently tend to efrablifh VIRTUE<br />and PIETY, *and therefore promote the Welfare and Happiness<br />of Mankind",T,2
7187,0098600106,252750,253117,0.773,305,1026242,1026483,A48874,6,top151-1000,top10-20,"eir several ranks and sorts, we shall find this cause of Ignorance conceal from us, in an impenetrable obscurity, almost the whole intellectual World; a greater, certainly, and more beautiful World than the material. For, bating some very fe","the Mind; the un-<br />"" known or occult are such as being above the<br />a reach of Man) or indeterminate, are hidden<br />"" from him; for which Reason some judicious<br />*s Men thought, that Fortune was one of the<br />"" Number of the second Causes, as ordering and<br />ct dispensing its Gifts in such manner, that no<br />""c Reason can be aign'd for it, tho' very often<br />·c it unjustly injures good",T,2
8617,1516601200,4494,4927,0.77,305,1026242,1026483,A48874,6,top151-1000,top10-20,"eir several ranks and sorts, we shall find this cause of Ignorance conceal from us, in an impenetrable obscurity, almost the whole intellectual World; a greater, certainly, and more beautiful World than the material. For, bating some very fe","hid from the sharp-<br />eft Eye of human Understanding. The Divinz<br />Nature is Reason and Truth itself, and therefore<br />the Assent and Approbation of human Reason<br />would certainly follow any new Communications of<br /><br />of Knowledge concerning it; and be enabled by<br />such Afliftance to proceed still further, and deduce<br />from it many now unknown Truths, which are<br />too wonderful and excellent for us to attain to of<br />ourselves. f-- And thus it is, that",T,2
8800,0855200400,317001,317338,0.769,305,1026242,1026483,A48874,6,top151-1000,top10-20,"eir several ranks and sorts, we shall find this cause of Ignorance conceal from us, in an impenetrable obscurity, almost the whole intellectual World; a greater, certainly, and more beautiful World than the material. For, bating some very fe","they are revealed; they exceed the Capacity dfr<br />the mos enlightned to underfland; especially if<br /><br />.:e further conlider by wtloinmthefe Mysteries wee..e<br /><br />- re-<br /><br />revealed ; not by the great Scholars, and rubtile<br />Plilofophers of the World; not by them who<br />were brought up-in Schools, and haa conversed<br />with Books and learned Men of high Part",N,2
10433,0217000101,95125,95502,0.765,305,1026242,1026483,A48874,6,top151-1000,top10-20,"eir several ranks and sorts, we shall find this cause of Ignorance conceal from us, in an impenetrable obscurity, almost the whole intellectual World; a greater, certainly, and more beautiful World than the material. For, bating some very fe","of the mind by which it is ena-<br />bled to review its internal treasures, and to<br />contemplate its oswn faculties and operations;<br />which lead to the discovery of almost an infi-<br />nity of new truths and probabilities; and arc<br />the inexhaustible sources of every species of<br />knowledge; are, in a great measure, the ex-<br />clufive privilege of man.<br /><br />A B o U T theformer it is obvious that the",T,2
12061,0388601200,35075,35441,0.762,305,1026242,1026483,A48874,6,top151-1000,top20-30,"eir several ranks and sorts, we shall find this cause of Ignorance conceal from us, in an impenetrable obscurity, almost the whole intellectual World; a greater, certainly, and more beautiful World than the material. For, bating some very fe","Knowledge,<br />what Depths of Understanding, in revealing<br />the dark Designs of their Enemies, unravel-<br />ling all their Schemes, disappointing the whole<br />Contrivance of Mischief; confounding all the<br />Policy of Earth and Hell together; yea, and<br />turning them all againfi themselves, and ma-<br />lking them fatal to their own Interests. He<br />Cor. ii. deftroyeth the Wisdom of the Wife",N,2
13862,0117901502,160469,160868,0.759,305,1026242,1026483,A48874,6,top151-1000,top20-30,"eir several ranks and sorts, we shall find this cause of Ignorance conceal from us, in an impenetrable obscurity, almost the whole intellectual World; a greater, certainly, and more beautiful World than the material. For, bating some very fe","Learning or Science, and Pru-<br />dence or Policy, and both in their kind<br />very useful and excellent: And yet had we<br /><br />the<br /><br />the Knowledge of all Arts and Sciences, did<br />not only undertand and comprehend all<br />Mysteries, but could express our Notions,<br />and adorn our Conceptions, not only with<br />the Tongues of Men, but of Angels; and<br />yet were destitute of true Virtue and Piety,<br />had no Fear of God, and no Sense",N,2
14527,0190300800,54145,54502,0.758,305,1026242,1026483,A48874,6,top151-1000,top20-30,"eir several ranks and sorts, we shall find this cause of Ignorance conceal from us, in an impenetrable obscurity, almost the whole intellectual World; a greater, certainly, and more beautiful World than the material. For, bating some very fe","of the Republic;<br />or any other wifl but to preserve it ? Suspicion<br />had never yet found access to my heart. If<br />ignorance can ever be a blefling, it is when it<br />prevents us from discovering the wickedness of<br />men ; and surrounds us with pleasing delusions.<br />If, however, the truth is at length unfolded<br />to us, we become a prey to grief and dejec-<br />tion; we despair",T,2
14922,0075700300,79195,79576,0.757,305,1026242,1026483,A48874,6,top151-1000,top20-30,"eir several ranks and sorts, we shall find this cause of Ignorance conceal from us, in an impenetrable obscurity, almost the whole intellectual World; a greater, certainly, and more beautiful World than the material. For, bating some very fe","O NOTHING, surely, can be more de-<br /><br />plorable, than to fee and observe the<br />ignorance, the divisions and the diftraftions<br />of mankind; nothing can be matter of great-<br />er concern to all fober, serious and good<br />men, than to fee how universally the world<br />is governed and swayed in their judgments<br />and opinions by the most selfish motives,<br />such as honour, interest, passion, prejudice,<br />&c",T,2
17931,0124800401,207969,208344,0.753,305,1026242,1026483,A48874,6,top151-1000,top20-30,"eir several ranks and sorts, we shall find this cause of Ignorance conceal from us, in an impenetrable obscurity, almost the whole intellectual World; a greater, certainly, and more beautiful World than the material. For, bating some very fe","tain that saving Know-<br />ledge of GOD now, which will fit us for the<br />everlasting enjoyment of him hereafter.<br /><br />And now, is there any knowledge in the<br />world comparable to this (a) ? Is not all the<br />knowledge in the world without this mere<br />folly ? miserable ignorance! Can we be<br />content to live any longer destitute of this<br /><br />most<br />(a) Ho-v 'vafl a diffl-ernce is txlre between the f",T,2
21898,0385000100,5059,5421,0.749,305,1026242,1026483,A48874,6,top151-1000,top30-40,"eir several ranks and sorts, we shall find this cause of Ignorance conceal from us, in an impenetrable obscurity, almost the whole intellectual World; a greater, certainly, and more beautiful World than the material. For, bating some very fe","ce of borrowing afliftances<br />from empirics. If any Jhould charge us with laying open hereby<br />the nyfteries of their profefion too much; they may reflect, that<br />nothing of this nature has yet been fiffered to remain i a lan-<br />guage unknown to the common people; and likewise be auered,<br />that the true and only secret in physic is, How to give a medi-<br />cine, and not how",N,2
24377,0232301200,1190904,1191272,0.746,305,1026242,1026483,A48874,6,top151-1000,top30-40,"eir several ranks and sorts, we shall find this cause of Ignorance conceal from us, in an impenetrable obscurity, almost the whole intellectual World; a greater, certainly, and more beautiful World than the material. For, bating some very fe","fler of a<br />' Man of Honor, and an Officer: It is the most difficult to<br />' be deteced, because the genuine offspring of natural low<br />' cunning.---Wlhen it is employed to effei a purpose, we<br />' are seldom alarmed till the fruits begin to appear, and<br />'then light is thrown on every part.---When we are at<br />'length acquainted with the system of artifice ourselves,<br />'we can only",N,2
24467,0414201200,63236,63581,0.746,305,1026242,1026483,A48874,6,top151-1000,top30-40,"eir several ranks and sorts, we shall find this cause of Ignorance conceal from us, in an impenetrable obscurity, almost the whole intellectual World; a greater, certainly, and more beautiful World than the material. For, bating some very fe","edness, Lawyer, and Priest-<br />craft, in our High-places, that chiefly fills our Annals?<br />Then it were to be wilhed, such Things had never been<br />founded in our Ears; that they had all been forever con-<br />cealed i:om the World, veiled in endless Darkness, buried<br />in Oblivion.<br />Suct an insupportable Load of present Misery, purely<br />to qualify for the Enjoy",T,2
25488,0200100300,114966,115362,0.745,305,1026242,1026483,A48874,6,top151-1000,top30-40,"eir several ranks and sorts, we shall find this cause of Ignorance conceal from us, in an impenetrable obscurity, almost the whole intellectual World; a greater, certainly, and more beautiful World than the material. For, bating some very fe","once<br />this vail .of ignorance is removed, they fee reli-<br />gion in all its shining excellencies and attractive<br />glories. Now they fee that God is the only de-<br />firable objec, and infinitely preferable to all the<br />mean and trising things here below: Now they<br />fee Christ to be altogether lovely, the chief a-<br />mong ten thousands: N lo the glory of the Lord<br />shines round about them, discovers the riches of",N,2
29108,0982000300,244882,245199,0.742,305,1026242,1026483,A48874,6,top151-1000,top30-40,"eir several ranks and sorts, we shall find this cause of Ignorance conceal from us, in an impenetrable obscurity, almost the whole intellectual World; a greater, certainly, and more beautiful World than the material. For, bating some very fe","REASON, that whe1never<br /><br />... . ' - ""we<br /><br />"" we hearken not to it, we approach nearer<br />"" the brute creation.<br /><br />"" THE, underfianding, stript of good sense,<br />""ceases to be a good, it even becomes an<br />"" evil. It is a flash of lightning, that kindles<br />""a storm, and produces the most dreadful<br />""effe&s. What a quantity of books has",N,2
33697,0737601400,55532,55924,0.738,305,1026242,1026483,A48874,6,top151-1000,top40-50,"eir several ranks and sorts, we shall find this cause of Ignorance conceal from us, in an impenetrable obscurity, almost the whole intellectual World; a greater, certainly, and more beautiful World than the material. For, bating some very fe","withstanding, projected upon the valleys from the neigh- ' -'<br />bouring heights; and we have the fatisfaaion of perceiving,<br />that, as we proceed in any direction, adopting the fame means<br />of discovery, fresh accessions of light are continually beaming<br />upon our path. It is only necessary to have recourse to these,<br />in order to be conduced to the knowledge of truths, ifill more<br />blockade of a city",N,2
35112,1226800500,10606,10928,0.737,305,1026242,1026483,A48874,6,top151-1000,top40-50,"eir several ranks and sorts, we shall find this cause of Ignorance conceal from us, in an impenetrable obscurity, almost the whole intellectual World; a greater, certainly, and more beautiful World than the material. For, bating some very fe","utile, & la plus négligée dans<br />prefque tous les pays & dans toutes les con-<br />ditions. On a trop écrit de préceptes vagues<br />ou impraticables fur ce fujet intérefant. Loc-<br />ke, le fage Locke, le précepteur du Genre<br />Humain s'eft trompé quelquefois comme les<br />autres Ecrivains. L'éducation doit être rela-<br />tive au Gouvernement, ou",T,5
40284,0097001202,294783,295150,0.733,305,1026242,1026483,A48874,6,top151-1000,top40-50,"eir several ranks and sorts, we shall find this cause of Ignorance conceal from us, in an impenetrable obscurity, almost the whole intellectual World; a greater, certainly, and more beautiful World than the material. For, bating some very fe","believe,<br />that the very bare Report thereof, scattered in the<br />Air, if it happen to be received into the Ears of<br />Men, who for being studious, and Lovers of virtu-<br />ous Things, are called Philosophers, doth not susser<br />them to sleep nor reft in Quiet, but so pricketh them<br />up, and sets them on Fire, to run unto the Place<br />where the Person is, in whom the said Knowledge is",N,2
42982,0488400200,35185,35556,0.732,305,1026242,1026483,A48874,6,top151-1000,top40-50,"eir several ranks and sorts, we shall find this cause of Ignorance conceal from us, in an impenetrable obscurity, almost the whole intellectual World; a greater, certainly, and more beautiful World than the material. For, bating some very fe","conceal the one, than to acquire<br />the other. This being a thing so common to<br />all Mankind in.general, nothing more can be<br />requir'd of an Embaffador, who nevertheless<br />cannot always satisfy with outward Appear-<br />ance, hut finds himself oblig'd on some parti-<br />cular Occasions, to be effectually what he may<br />pretend to be at another. time. If he has not a<br />true Foundation of Hon",N,2
43530,0379201500,1800,2171,0.731,305,1026242,1026483,A48874,6,top151-1000,top40-50,"eir several ranks and sorts, we shall find this cause of Ignorance conceal from us, in an impenetrable obscurity, almost the whole intellectual World; a greater, certainly, and more beautiful World than the material. For, bating some very fe","important Truth; but if We confider<br />the whole Series of Them, harmoniously con-<br />rpiring in one grand DeJign, and pointing out<br />the Rife and Progress of Religion and Go-<br />vernment, from the first Infancy of the World,<br />to the final Consummation of all Things, what<br />an amazing Plan of the divine Wisdom and<br />Goodness is here offer'd and difplay'd to Us ?<br /><br />The Prophetic Visions",N,2
52734,0204400500,9849,10222,0.726,305,1026242,1026483,A48874,6,top151-1000,top50-60,"eir several ranks and sorts, we shall find this cause of Ignorance conceal from us, in an impenetrable obscurity, almost the whole intellectual World; a greater, certainly, and more beautiful World than the material. For, bating some very fe","nfuing work ;_ which,' in gratifying<br />the inquisitive turn of mankind, and contribiting<br />to the iafety and success of future navigators, and<br />to the-extenfion of our commerce and power, may<br />doubtless vie with any narration of this kind hither-<br />to made public: Since the circumifances of this un-<br />dertaking already known to the world, may be sup-<br />posed to have strongly excited",N,2
56606,1339301000,2432,2748,0.724,305,1026242,1026483,A48874,6,top151-1000,top50-60,"eir several ranks and sorts, we shall find this cause of Ignorance conceal from us, in an impenetrable obscurity, almost the whole intellectual World; a greater, certainly, and more beautiful World than the material. For, bating some very fe","uated web, which<br />th~e smallest to~uch destroys. But, what need<br />have we of metaphors to impres~s our minds with<br />a se~nse of a truth so~ plain and evident ? W~e<br />are informed, by hiffory, of'a partial number<br />of the many millions who, in ages past, have<br />falllen, either byv sickness, famine, pestilence,<br />or the iword. NT",N,2
58084,0347400201,9660,10032,0.723,305,1026242,1026483,A48874,6,top151-1000,top50-60,"eir several ranks and sorts, we shall find this cause of Ignorance conceal from us, in an impenetrable obscurity, almost the whole intellectual World; a greater, certainly, and more beautiful World than the material. For, bating some very fe","is an old adagium, so it lodges much of humanity, yea religion itself, in<br />its bosom2. And when I have done all, I resolved on the work, let no mana<br />o far deceive hims lfas to conclude, that speculative knowledge, or theory,<br />without the practical, will ever make a complete penman ; but by the me-<br />ihod taken, a man mnay, by education, attain to more knowledge in two, than",N,2
60169,0609400900,37724,38104,0.722,305,1026242,1026483,A48874,6,top151-1000,top50-60,"eir several ranks and sorts, we shall find this cause of Ignorance conceal from us, in an impenetrable obscurity, almost the whole intellectual World; a greater, certainly, and more beautiful World than the material. For, bating some very fe","; but the strong Incli-<br />nations and Lustings of the Flefl against the<br />Spirit, derived to us from the Fall of our<br />first Parents, together with the Prejudices<br />of Education, our being born Infants, and<br /><br />B5 so<br /><br />so for many Years wholly governed by the<br />Impressions of Sense, do hugely debase and<br />weaken the nobler Faculties of our Mind,<br />and incline us to take up with the poor and<br />mean",N,2
61434,0024701800,870,1242,0.722,305,1026242,1026483,A48874,6,top151-1000,top50-60,"eir several ranks and sorts, we shall find this cause of Ignorance conceal from us, in an impenetrable obscurity, almost the whole intellectual World; a greater, certainly, and more beautiful World than the material. For, bating some very fe","it clearly, nor yet give a diflin&<br />Account of it. This Discovery is owing to Divine<br />Levelation, and particularly to the Gufpel. For by It we are<br />loth assured of another Life, and also inftruted in the Nature<br />f it. And among many Texts which set forth those Important<br />'oints so plainly, as to leave no doubt or suspicion of their Cer-<br />tihty ; this just now read is one. For",N,2
62670,0311802400,32718,33099,0.721,305,1026242,1026483,A48874,6,top151-1000,top60-70,"eir several ranks and sorts, we shall find this cause of Ignorance conceal from us, in an impenetrable obscurity, almost the whole intellectual World; a greater, certainly, and more beautiful World than the material. For, bating some very fe","realizing. Sense of<br />Things: If they could but fee divine Things in<br />a clear Light and realize their Importance, they<br />would aft better than they do: But they cannot<br />realize Things, they are in Darkness and Igno-<br />rance, and Ignorance is really an Excuie. Now if<br />this Matter be rightly view'd, there.is no Weight<br /><br />in<br /><br />[25]<br />in this Plea. For confider, that Light is come into<br />the World;",T,2
64824,0763500700,34598,34988,0.72,305,1026242,1026483,A48874,6,top151-1000,top60-70,"eir several ranks and sorts, we shall find this cause of Ignorance conceal from us, in an impenetrable obscurity, almost the whole intellectual World; a greater, certainly, and more beautiful World than the material. For, bating some very fe","don't make ourselves a party in<br />their contentions and squabbles, and con-<br />fequently our minds are kept free from in-<br />numerable perplexities and distresses which<br />prevail in the world,<br /><br />It will indeed require some labour and<br />time, to disengage ourselves from thole,<br />who have carried us. into wrong measures<br />and worldly pursuits. For when true wis-<br />dom opens our eyes, we find our fouls in<br />the",T,2
71126,1536700102,463218,463548,0.717,305,1026242,1026483,A48874,6,top151-1000,top60-70,"eir several ranks and sorts, we shall find this cause of Ignorance conceal from us, in an impenetrable obscurity, almost the whole intellectual World; a greater, certainly, and more beautiful World than the material. For, bating some very fe","viser, it seems,<br />durilt not recommend.)<br /><br />A truly humble Mind will not indeed, as is<br /><br />faid,i p. 30. as&~ to pry into secret thinogs : no<br />mnore will it like this in others, who take upon'em<br />to explain God by Subjian~ce, Subfrfltences, and Per-<br />Jons, 8tc. when they knowv not what they fay ; but<br />will honour them who are content with",N,2
72048,0463200200,74741,75082,0.717,305,1026242,1026483,A48874,6,top151-1000,top60-70,"eir several ranks and sorts, we shall find this cause of Ignorance conceal from us, in an impenetrable obscurity, almost the whole intellectual World; a greater, certainly, and more beautiful World than the material. For, bating some very fe","when<br />it is clearly laid before us; and quite ano-<br />ther thing to fee, or find it out, of our-<br />selves. The bulk of mankind want evi-<br />dently to be inftruaed, and the molt fa-<br />gacious heathen moranl/s never gave the<br />world a perfec system of morals. What<br />a blefling would the scriptures be, in those<br />dark parts of the earth, which are full of<br />the",T,2
75832,1166400700,34507,34898,0.716,305,1026242,1026483,A48874,6,top151-1000,top60-70,"eir several ranks and sorts, we shall find this cause of Ignorance conceal from us, in an impenetrable obscurity, almost the whole intellectual World; a greater, certainly, and more beautiful World than the material. For, bating some very fe","treating of some deep Matter, beyond his Under-<br />flanding; whereas the true Reason is only that "" Non-<br />"" sense never can be understood"". But to another<br />kind of a Reader, that will not make himself happy<br />in inventing some Meaning to your invented Phrases,<br />when he has confidered them in all possible Ways they<br />will bear, he finds them quite ambiguous, and uncer-<br />tain; and the Things you would",N,2
88192,1579701000,55704,56056,0.711,305,1026242,1026483,A48874,6,top151-1000,top70-80,"eir several ranks and sorts, we shall find this cause of Ignorance conceal from us, in an impenetrable obscurity, almost the whole intellectual World; a greater, certainly, and more beautiful World than the material. For, bating some very fe","The nat'ral mari cannot receive<br /><br />The things of God, nor them believe.<br />Nor by his deepeit learning know,<br />The things of nature here below:<br />Yet would he make' himself a judge<br />Of what doth inl God's bosom lodge.<br />God hath from learned men conceal'd<br />`What he hath ev'n to babes reveal'd.<br />And there are mysteries in his word,<br />WVhich cannot be by men explor'd,",T,2
89079,1375400100,5750,6079,0.711,305,1026242,1026483,A48874,6,top151-1000,top70-80,"eir several ranks and sorts, we shall find this cause of Ignorance conceal from us, in an impenetrable obscurity, almost the whole intellectual World; a greater, certainly, and more beautiful World than the material. For, bating some very fe","one class, or the general illiteracy<br />of an ansther, it is by no means necessary<br />to decide :--But universally admitted it<br />must be, that the origin, dis~covery, and~<br />dif'crimination of DISE~ASs in the HORSEz.<br />h~as by no means kept pace with the im-<br />provements in every nRT and SCIENCE soT<br />w~hich the island w~e inhabit is become<br />to",N,2
89957,1448501000,43160,43496,0.711,305,1026242,1026483,A48874,6,top151-1000,top70-80,"eir several ranks and sorts, we shall find this cause of Ignorance conceal from us, in an impenetrable obscurity, almost the whole intellectual World; a greater, certainly, and more beautiful World than the material. For, bating some very fe","iagree,<br />And therefore no fufficient guides for me.<br />An error, tho' by half the world efpous'd;<br />Is still an error, and may be oppos'd;<br />And truth, tho' much from mortal eyes conceal'd,<br />Is flill the truth, and may be more reveal'd.<br />How foolish then will look your mighty wife,<br />Should half their IPSE DIXITS prove plain lies !<br /><br />But on, my mu",T,2
100653,0275800800,48797,49193,0.707,305,1026242,1026483,A48874,6,top151-1000,top70-80,"eir several ranks and sorts, we shall find this cause of Ignorance conceal from us, in an impenetrable obscurity, almost the whole intellectual World; a greater, certainly, and more beautiful World than the material. For, bating some very fe","now is, proves also that<br />there has been Intelligence from Everlaft-<br />ing. For that Scnfe, Understanding, and<br />Intelligence, should spring -up out of In-<br />sensible Matter and Nonlenfe, is the very<br />fenfelcfs Supposition of Something out of<br />Nothing: For Sense to Insensibility, is as<br />Something is to Nothing.<br /><br />And here also we may, and I hope shall<br />be ever mindful to call in the Word of<br />God, to put an",N,2
101992,0333300300,21559,21928,0.707,305,1026242,1026483,A48874,6,top151-1000,top70-80,"eir several ranks and sorts, we shall find this cause of Ignorance conceal from us, in an impenetrable obscurity, almost the whole intellectual World; a greater, certainly, and more beautiful World than the material. For, bating some very fe",", may do a great<br />deal more Mischief than we intended: It may<br />spread further than we imagin'd, and 'tis great<br />odds if it does not improve in its Paflage. We<br />have in some measure felt the Mischief of it al-<br />ready, in those lhameful Riots and Difturban-<br />ces that we hear of (I bless God I am able to fay,<br />that we have only heard of them in this Place)<br />which we have reason",N,2
105463,0155500803,566462,566852,0.706,305,1026242,1026483,A48874,6,top151-1000,top80-90,"eir several ranks and sorts, we shall find this cause of Ignorance conceal from us, in an impenetrable obscurity, almost the whole intellectual World; a greater, certainly, and more beautiful World than the material. For, bating some very fe","deepest Secrets were revealed, and extraordinary Events were fore-<br />told, and came to pass, which were out of the Reach of human Under-<br />standing to know: this the best attefied History of all Nations bears<br />Witness to; and the Scriptures suppose the Truth of it. But there was<br />also, no doubt, a great deal of Imposture of the Hierophants mixed<br />with the diabolical Influence; which appeared on",T,2
110117,1472103000,61583,61923,0.704,305,1026242,1026483,A48874,6,top151-1000,top80-90,"eir several ranks and sorts, we shall find this cause of Ignorance conceal from us, in an impenetrable obscurity, almost the whole intellectual World; a greater, certainly, and more beautiful World than the material. For, bating some very fe","s from deli-<br />berate advice, s~agacious foresight·, ~flable refolu-<br />tion, and orderly conduA; wisdom conlfers :<br />WThatever evils proceed from blind ignorance,<br /><br />observe. T`he fu~ture contingencies of business,<br />and the rife and fall of the value of commlodi-<br />tics, often depend upon such uncertain or un-<br />knownI caules, that the deepeit penetra",N,2
113172,1451800100,32968,33282,0.704,305,1026242,1026483,A48874,6,top151-1000,top80-90,"eir several ranks and sorts, we shall find this cause of Ignorance conceal from us, in an impenetrable obscurity, almost the whole intellectual World; a greater, certainly, and more beautiful World than the material. For, bating some very fe","our mystical<br /><br />We always, &c.<br /><br />Tho' some may pretend we've no secrets<br /><br />to know, [show ;<br /><br />Such idle opinions their ignorance<br />While others, with raptures, cry out,<br /><br />they're reveal'd, [conceald,<br /><br />In free-mafon's bofom's they still lie<br /><br />We always, &c.<br /><br />Coxcomical pedants may fay what they<br /><br />can, [plan;<br /><br />Abuse uu, ill ,",N,2
113458,0623000500,478581,478966,0.703,305,1026242,1026483,A48874,6,top151-1000,top80-90,"eir several ranks and sorts, we shall find this cause of Ignorance conceal from us, in an impenetrable obscurity, almost the whole intellectual World; a greater, certainly, and more beautiful World than the material. For, bating some very fe","similar nature. But I am not the<br />it that has taken notice of this absurdity.<br />Itis certain, that the authors of this confued<br />d intricate cheme had never consulted nature,<br />hich in all physical enquiries ought to be our<br />aief guide; if they had, she could have pointed<br />ta plain and direct method, which would have<br />rvented the infinite perplexity which a learner is<br />rown into, by.fo many in",N,2
118711,1542101100,11473,11846,0.702,305,1026242,1026483,A48874,6,top151-1000,top80-90,"eir several ranks and sorts, we shall find this cause of Ignorance conceal from us, in an impenetrable obscurity, almost the whole intellectual World; a greater, certainly, and more beautiful World than the material. For, bating some very fe",": than is usually imagined, and that<br />many who are unwillingly silent in company, may I e<br />furnifhl'd with the means of displaying their abilities to<br />advantage, is a truth, that, i think, may easily be de-<br />monfitrated. The man of good sense, uho takes care<br />to Rock his mind with proper materials, tho' he may<br />want the sudden flalh of wit, may yet shine with a bright and<br /><br />and",N,2
0,0126101600,12724,13152,0.836,464,730029,730244,A48874,5,top151-1000,top5,"ing their Causes, or any otherwise. The *Atomists,* who define Motion to be *a passage from one place to another,* What do they more than put one synonymous Word for another? For what is *Passage* other than *Motion","species of motion ihould be mentioned:<br />I answer this is absurd, since all motion is<br />no more than a passage from one place to<br />another, which can never produce thought;<br />for this motion, communicated to organized<br />matter does no more than displace and re-<br />place the molecules; which are moved. Now<br />let us conceive one of these small particles<br />to go from A to B, and from B to A. and<br />fee whether this has any thing in common<br />with the",M,5
1,0032300303,316704,317093,0.833,464,730029,730244,A48874,5,top151-1000,top5,"ing their Causes, or any otherwise. The *Atomists,* who define Motion to be *a passage from one place to another,* What do they more than put one synonymous Word for another? For what is *Passage* other than *Motion","finition. Is it more simple or more intelligible<br />than motion ? But, of all, the most remarkable<br />definition of motion is that of Aristotle, famous<br />'for its impenetrability, or rather absurdity, viz.<br />"" A&us entis in potentia,' quatenus in poten-<br />"" tia t.""<br /><br />Extension enters into the conception of every<br />particle of matter; because every particle of<br />matter has length, breadth, and thickness.",M,5
2,0950400202,174195,174527,0.825,464,730029,730244,A48874,5,top151-1000,top5,"ing their Causes, or any otherwise. The *Atomists,* who define Motion to be *a passage from one place to another,* What do they more than put one synonymous Word for another? For what is *Passage* other than *Motion","ciens définiffoient le mouvement comme les modernes, Définition<br />un changement de lieu (i), ou le paffage d'un lieu à un autre (2); ils u mouve-<br /><br />ment; & fort<br />connoiffoient l'accélération de la defcente des corps dans leur chûte (3): accélération.<br />mais ils n'avoient pas fu, à la vérité, en déterminer les loix, quoiqu'ils<br />ne fuffent",M,5
3,0282500201,128827,129198,0.823,464,730029,730244,A48874,5,top151-1000,top5,"ing their Causes, or any otherwise. The *Atomists,* who define Motion to be *a passage from one place to another,* What do they more than put one synonymous Word for another? For what is *Passage* other than *Motion","definition of motion; yet they are a different<br />species of mstion, commonly expressed by the term adiont.<br /><br />This leads me to inquire into the nature of this universal ac7ion,<br />-and its correfpondent,p/fln, which run through the whole of nature;<br />for every thing, as was said, is destined by nature to a or susser,<br />or both :; and, where there is an agent, there muff of necess",M,5
4,0330200902,334372,334737,0.822,464,730029,730244,A48874,5,top151-1000,top5,"ing their Causes, or any otherwise. The *Atomists,* who define Motion to be *a passage from one place to another,* What do they more than put one synonymous Word for another? For what is *Passage* other than *Motion","ascribes all Motion<br />to a primitive Impulse given by God, and the<br />Mechanical Affe&ions of Parts of Matter ; It<br />being the fame thing in assigning the Causes<br />of things to particular Motions, as Swift, Slow,<br />Uniform, &-c. whether the Parts of Matter<br />wed their Original Motions to Nature, or to<br />God; only it may be fiuppofed, that his infi-<br />nitely perfeE Knowledge might",M,5
120,0546900103,417530,417937,0.784,464,730029,730244,A48874,5,top151-1000,top0-10,"ing their Causes, or any otherwise. The *Atomists,* who define Motion to be *a passage from one place to another,* What do they more than put one synonymous Word for another? For what is *Passage* other than *Motion","motion, as we fee by many accidents in<br />common life : the matter therefore of the old heaven<br />and old earth will remain, to an atom, after the fire<br />has had its will of it; of which God will form the<br />new. Nor does the word create forbid such a notion;<br />for though it properly signifies "" making Something<br />[tobe, that had no existence before,]"" yet in the<br />writings of the prophets and apolffes it often signifies",M,5
952,0574700503,452911,453272,0.749,464,730029,730244,A48874,5,top151-1000,top0-10,"ing their Causes, or any otherwise. The *Atomists,* who define Motion to be *a passage from one place to another,* What do they more than put one synonymous Word for another? For what is *Passage* other than *Motion","Earth's Motion.<br /><br />The Phenomena of Bodies moving in the fame<br />Dire&ion with the absolute Motion of the Earth may<br />be comprehended. ThatMotion of Bodies cross the<br />abfolate Motion of the Earth is also intelligible. But<br />it is no easy Matter to satisfy oneself, about the Phe-<br />nomena of-Bodies moving Westward, or in an op-<br />pofiteDiretion, .to that of absolute Motion.",T,5
973,0827000300,42152,42549,0.749,464,730029,730244,A48874,5,top151-1000,top0-10,"ing their Causes, or any otherwise. The *Atomists,* who define Motion to be *a passage from one place to another,* What do they more than put one synonymous Word for another? For what is *Passage* other than *Motion","by the following Ex-<br />amples.<br /><br />That taken from Motion proceeds upon this Axi-<br />om, That whatsoever is moved, is moved by something<br />else: And in Motion this is farther observable, that<br />one Thing moves in Subordination to another. And<br />here the old Philosophers thought these Sublunary<br />Bodies moved by the Influence of the heavenly, and<br />those again by the highest Orb of all, called there-<br />fore the Fir",M,5
1872,0304400300,104043,104399,0.736,464,730029,730244,A48874,5,top151-1000,top0-10,"ing their Causes, or any otherwise. The *Atomists,* who define Motion to be *a passage from one place to another,* What do they more than put one synonymous Word for another? For what is *Passage* other than *Motion","and motion<br />were things that exilled no'where. There were<br />many worlds; and there was no vacuum. Let us<br />go on to the natural philolbpliers.<br /><br />LEUCIPPUS, the dilciple of Zeno and Meliffus,<br />gave birth to a new kind of physics, generally call-<br />ed the Atomiftical philosophy; which was after-<br />wards brought to perfetion by Democritus, but<br />particularly by Epicurus",M,5
2412,0405901700,42822,43174,0.73,464,730029,730244,A48874,5,top151-1000,top0-10,"ing their Causes, or any otherwise. The *Atomists,* who define Motion to be *a passage from one place to another,* What do they more than put one synonymous Word for another? For what is *Passage* other than *Motion","is ejus, in quo inert, primo per fe,<br />"" et non per accidens."" Which is very obscure; nor does it explain, what kind of<br />Being this fame Nature is, besides that it is otherwise very imperfet. The First<br />Mover, .that is, :Gpd, is certainly the only principle of motion in all bodies.<br /><br />In this sense I understand that obscure expreflion of Ovid, Metatn. L, z",M,5
3987,0237600200,230176,230503,0.718,464,730029,730244,A48874,5,top151-1000,top10-20,"ing their Causes, or any otherwise. The *Atomists,* who define Motion to be *a passage from one place to another,* What do they more than put one synonymous Word for another? For what is *Passage* other than *Motion","ve,<br />Whether we like to relt, or chufe to move,<br />Th' Effet's the fame, and one Almighty Cause<br />The Motion first began, and six'd th' unerring Laws.<br /><br />T H E Atomist may groundless Schemes pursue,<br />T' explain the old World, or create a new;<br />Well-pleas'd he may indulge his wandring Thoughts,<br />And endless Voids conceive, and flying Mot",M,5
6946,1317700800,612728,612990,0.704,464,730029,730244,A48874,5,top151-1000,top10-20,"ing their Causes, or any otherwise. The *Atomists,* who define Motion to be *a passage from one place to another,* What do they more than put one synonymous Word for another? For what is *Passage* other than *Motion","Move, v. to change place, purpose, Ltir.<br />Mo'veable, a. that may be moved.<br />Mo'veables, Jspl. goods, funriture.<br />Mo'velets, a. fixed, not to be moved.<br />Mo'vement, 5. motion, manner of moving.<br />Mo'vingS par·t.a. affeaing, touching.<br />Mould, s. a mounldinefs, earth, cast",N,5
8651,1371900433,53350,53747,0.698,464,730029,730244,A48874,5,top151-1000,top10-20,"ing their Causes, or any otherwise. The *Atomists,* who define Motion to be *a passage from one place to another,* What do they more than put one synonymous Word for another? For what is *Passage* other than *Motion","motion, and others which<br />are produaive of nothing at all. The wheels of a coach make it<br />go; but whether they raise more or less dust, the journey is si-<br />nilhed alike. Such is the general order of the world, that the<br />links of the chain would not be in the leaf discomposed by a<br />small increase or diminution of the quantity of matter, or by an<br />inconsiderable deviation from regularity.<br /><br />The chain is",T,5
8865,1026300500,46621,46947,0.697,464,730029,730244,A48874,5,top151-1000,top10-20,"ing their Causes, or any otherwise. The *Atomists,* who define Motion to be *a passage from one place to another,* What do they more than put one synonymous Word for another? For what is *Passage* other than *Motion","afl that creeps on the Earth, they chore rather to paraphrase the<br />Hebrew Expreilion, by rendring it Agreeably to the latter part of<br />v. 26. this Clause, Every living thing that moves on the Earth, being<br />evidently put in Hebrew v. 2.8. to denote in/hort, what is more fi/ty<br />exprefs'd v. 3.6. by, Over the Cattel, andover all the",N,5
10658,0318501700,320700,321051,0.691,464,730029,730244,A48874,5,top151-1000,top10-20,"ing their Causes, or any otherwise. The *Atomists,* who define Motion to be *a passage from one place to another,* What do they more than put one synonymous Word for another? For what is *Passage* other than *Motion","performing its na.<br />rural Motion: Or else it is the disjointing of<br />two Bones united together for the Motion of a<br />Part.<br /><br />How many Catifes are there of Dislocation n<br />general?<br /><br />Two, that is to fay, one violent and the o.<br />ther gentle; thus the Dislocation is made vio.<br />lently in Falls, Strains, Knocks and Blows; but<br />it is done gently and slowly by a Fluxi",T,5
12696,0808100200,57213,57509,0.686,464,730029,730244,A48874,5,top151-1000,top20-30,"ing their Causes, or any otherwise. The *Atomists,* who define Motion to be *a passage from one place to another,* What do they more than put one synonymous Word for another? For what is *Passage* other than *Motion",". it..,<br />: ut .when the particles have been., broken by.<br />repeated plowings, the lesser intervals are multiplied at the expence.<br />of-the-greater.: -the.-roots have. liberty to extend themselves, and they<br />glide in.':as .it were, .between the particles, meeting with .a certain-<br />v' resistance ..wbih .",M,6
14427,0968200500,3001,3371,0.682,464,730029,730244,A48874,5,top151-1000,top20-30,"ing their Causes, or any otherwise. The *Atomists,* who define Motion to be *a passage from one place to another,* What do they more than put one synonymous Word for another? For what is *Passage* other than *Motion","in all Engines.<br />Sir Jfaac Newton's first Law of Motion demonstrated.<br />That the Composition of Forces in several Direions,<br /><br />not contrary to each other, produces a new Diretion<br />in a Diagonal Line.<br />An Experiment to flew, that the Line of the Relative<br /><br />Alcent and Descent of a projeced Body, is the fame;<br />whether the Place from whence 'tis thrown be con-<br />tinually at reft, or",T,5
15210,0239800200,110323,110755,0.681,464,730029,730244,A48874,5,top151-1000,top20-30,"ing their Causes, or any otherwise. The *Atomists,* who define Motion to be *a passage from one place to another,* What do they more than put one synonymous Word for another? For what is *Passage* other than *Motion","of all corporeal things<br />""follow from these manifest principles, would be a very great<br /><br />flep in philosophy, though the causes of those principles were<br />not yet discovered; and therefore I scruple not to propose<br />""the principles of motion above-mentioned, they being of very<br />' general extent, and leave their causes to be found out.""<br />As electric and magnetic attractions are manifest qualities, .i '<br />and muf be produced by some cause, I",T,5
15785,0431000202,350746,351124,0.679,464,730029,730244,A48874,5,top151-1000,top20-30,"ing their Causes, or any otherwise. The *Atomists,* who define Motion to be *a passage from one place to another,* What do they more than put one synonymous Word for another? For what is *Passage* other than *Motion","any conceivable<br />similitude unto, connexion with, dependance upon each other, as. to their<br />immediate nature. Let any part of this corporeal mass be refined by the sub-<br />.left division, let it be agitated by the quickest motion, let it be:modelled!into<br />what shape or fashion you please, how can any man imagine either know-<br />ledge, or appetite; or-paffion thence to result ? or that",T,5
19008,0038901500,6179,6507,0.673,464,730029,730244,A48874,5,top151-1000,top20-30,"ing their Causes, or any otherwise. The *Atomists,* who define Motion to be *a passage from one place to another,* What do they more than put one synonymous Word for another? For what is *Passage* other than *Motion","9<br /><br />O IATMOSPHERE, 16.<br />Y 1 AUTHORITY, 13.<br /><br />ARMY, 17.<br />__________ _ II - I -<br /><br />Ii-l<br />1' '<br /><br />[ 5<br />Aft1raction.'<br /><br />I. Two bodies at a distance will put one another into<br />motion by the force of attraction; which is inexplicable<br />by us, thought made evident to us by experience, and so<br />to be taken as a principle in natural philosophy. LOCKE'",T,5
23959,0619900300,31380,31750,0.665,464,730029,730244,A48874,5,top151-1000,top30-40,"ing their Causes, or any otherwise. The *Atomists,* who define Motion to be *a passage from one place to another,* What do they more than put one synonymous Word for another? For what is *Passage* other than *Motion","of sense and of a&ion, re-<br />' mains long immersed in the first idea or in dark-<br />' ness, and performs not its natural funcions, but<br />: migrates from its corporeal frame:<br /><br />56. ' When, being again composed of minute<br />c elementary principles, it enters at once into<br />vegetable or animal feed, it then assumes a<br />* new form.<br /><br />57. ' Thus that immutable Power, by waking<br />: and repos",T,5
26467,0609301000,50391,50793,0.662,464,730029,730244,A48874,5,top151-1000,top30-40,"ing their Causes, or any otherwise. The *Atomists,* who define Motion to be *a passage from one place to another,* What do they more than put one synonymous Word for another? For what is *Passage* other than *Motion","and Reason of those Laws of Union by<br />which they at upon each other. Yea, let them<br />explain to me, what that Cement or Ligament<br />is, that unites the several Parts that compose<br />their own Bodies, or the vilelt Part of Matter;<br />but these are Subjedts of the most common and<br />ordinary Experience, the Influence of Body and<br />Soul upon each other, is what we every Moment<br />feel and perceive; and when there Difficul",N,5
26520,0150100700,14047,14401,0.662,464,730029,730244,A48874,5,top151-1000,top30-40,"ing their Causes, or any otherwise. The *Atomists,* who define Motion to be *a passage from one place to another,* What do they more than put one synonymous Word for another? For what is *Passage* other than *Motion","pro-<br />ducesin Mechanick, for the Movement of Bodies, which cannot be com-<br />pardto those it produces for the Pleafine and Delight of Sight: for if a<br />certain Length of one Arm of a Balance, in ;-efpeci to the other, catses<br /><br />one<br /><br />one Height neceJfarily and naturally to outweigh the other, it does not<br />thence follow, that a certain Proportion, which the Parts",T,5
27785,0759500400,133425,133800,0.66,464,730029,730244,A48874,5,top151-1000,top30-40,"ing their Causes, or any otherwise. The *Atomists,* who define Motion to be *a passage from one place to another,* What do they more than put one synonymous Word for another? For what is *Passage* other than *Motion","of the Semi-ordinate PM.<br /><br />And the velocity generated by the compound motion, and with<br />which the point a arrives at M, is call'd the Fluxion of the Curve-<br />line AM.<br /><br />In general, if the line A P expresses any variable Qu antity what-<br />soever, generated by a continued motion, varying according to any<br />given law; the velocity at any given point P is call'd the Fluxion<br />of the Line",T,5
31621,1318700101,68558,68933,0.655,464,730029,730244,A48874,5,top151-1000,top30-40,"ing their Causes, or any otherwise. The *Atomists,* who define Motion to be *a passage from one place to another,* What do they more than put one synonymous Word for another? For what is *Passage* other than *Motion","agents are found in Nature ; perhaps fomne of them<br />may produce the effeats, the caus~es of which we<br />are in search of. Magnetism and eleAricity may be<br />mentioned as instances, and induce us to ful~ped,<br />that others exist which we are ignorant of, and<br />which may co-operate in giving motion to the fagp.<br />Several N~aturalifts have already made it appear,<br />that eleatricity has an ef",N,5
36484,0691402500,31639,32016,0.649,464,730029,730244,A48874,5,top151-1000,top40-50,"ing their Causes, or any otherwise. The *Atomists,* who define Motion to be *a passage from one place to another,* What do they more than put one synonymous Word for another? For what is *Passage* other than *Motion","component parts, the<br />principles of speedy dissolution. The<br />feeble genius of Lord Rockingham pre-<br />fided over it, but could inspire no heat or<br />energy into the heterogeneous mass. Ill<br />calculated for so arduous and delicate a<br />station, he wanted talents to guide, and<br />animate the complicated machine, of<br />which he was only the ostensible leader.<br />Mr. Fox and the Earl of Shelburne oc-",N,5
38325,0546603000,99005,99374,0.647,464,730029,730244,A48874,5,top151-1000,top40-50,"ing their Causes, or any otherwise. The *Atomists,* who define Motion to be *a passage from one place to another,* What do they more than put one synonymous Word for another? For what is *Passage* other than *Motion","capable of Motion., but of the contra-<br />ry, from the Lord I affirm, that the Firmament it self is not capa,<br />ble of Motion, but by the Word of the Lord that formed it, it is<br />made unmoveable until the Day of its Dissolution: And those Bo-<br />dies of Sun, .Moon, and Stars Motions in that firmamental Heaven<br />in their Seasons, to fulfil that Word of Government in them. For<br />you",T,5
44615,0885500502,1621457,1621856,0.641,464,730029,730244,A48874,5,top151-1000,top40-50,"ing their Causes, or any otherwise. The *Atomists,* who define Motion to be *a passage from one place to another,* What do they more than put one synonymous Word for another? For what is *Passage* other than *Motion","pF totally dif'ercnt from<br />itfelf?-That matter can move matter<br />cvery fool knows, as every cricket<br />match will evince, but that any thing<br />else should move it, is not to be con-<br />ceived and therefore impossible: apply<br />this profound reasoning to the foul and<br />the body: can you comprehend how<br />the foul moves or animates the body ?<br />It contradicts all ideas of motion and<br />power, and therefore you cannot com-",T,5
47746,0566001300,21176,21547,0.638,464,730029,730244,A48874,5,top151-1000,top40-50,"ing their Causes, or any otherwise. The *Atomists,* who define Motion to be *a passage from one place to another,* What do they more than put one synonymous Word for another? For what is *Passage* other than *Motion","dancing<br />should be an imitation of nature, and of the<br />affections of the soul, by the motions of the<br />body; but where lies the imitation of nature<br />or of the affetions of the soul, in those re-<br />peated entrechats, in those continual whirl-<br />ings, with which our modern dance is filled,<br />so as to fatigue even the lovers of this man-<br />ner ? If perfedion consists in rising higher,",T,5
48310,0491100600,153542,153973,0.638,464,730029,730244,A48874,5,top151-1000,top40-50,"ing their Causes, or any otherwise. The *Atomists,* who define Motion to be *a passage from one place to another,* What do they more than put one synonymous Word for another? For what is *Passage* other than *Motion","and diastole, and consequently an oscillatory<br />motion. This assertion may be corroborated by<br />the reason that has been given why their motion<br />cannot be periftaltic.<br /><br />It is certain, that the oscillatory motion of the<br />large vessels, near the asserted part, and sometimes<br />throughout the whole body, is augmented accord-<br />ing to the force of the stimulus.<br /><br />Every physician must allow, that the different<br />classes of the materia medica, and",T,5
58079,0817301100,8621,9006,0.63,464,730029,730244,A48874,5,top151-1000,top50-60,"ing their Causes, or any otherwise. The *Atomists,* who define Motion to be *a passage from one place to another,* What do they more than put one synonymous Word for another? For what is *Passage* other than *Motion","ary motion; and the filbjet of<br />it is a mere paflive inttrument which never<br />afis, but is always atled upon.-In the<br />second cafe; this force is the influence<br />of pallion getting the better of realbn, or<br /><br />B 3 the<br /><br />(6)<br />the brute overpowering and conquering<br />the will of the man.-- In the third cafe;<br />it is Human Authority in religion requiring<br />conformity to particular modes of faith<br />and worl",T,5
62548,1128500600,41126,41500,0.626,464,730029,730244,A48874,5,top151-1000,top50-60,"ing their Causes, or any otherwise. The *Atomists,* who define Motion to be *a passage from one place to another,* What do they more than put one synonymous Word for another? For what is *Passage* other than *Motion","but, that in Health, and during the whole Course of<br />Life, there is such a constant Interchange of the Particles<br />which compose the Solids, by means of the Vessels which<br />Secrete and Absorb, as to render it doubtful whether a fin-<br />gle Atom remains in our Bodies which formed a part of<br />them ome years ago.<br /><br />C H A P.<br /><br />CHAP. VI.<br />At what Time the Circumflances enu-<br /><br />merated in the",T,5
64367,0201901200,133750,134131,0.625,464,730029,730244,A48874,5,top151-1000,top50-60,"ing their Causes, or any otherwise. The *Atomists,* who define Motion to be *a passage from one place to another,* What do they more than put one synonymous Word for another? For what is *Passage* other than *Motion","Motion is so<br />small, that it may be reckon'd nothing;<br />and when the Inspiration is ended, the<br />external Air, and that within the Lungs,<br />are equally balanc'd, and the Air can have<br />no Force in relaxing those Muscles. An<br />ingenious Countryman of mine has given<br />a Solution of this Motion of Reffitu-<br />tion, which I have not yet examin'd.<br /><br />The<br /><br />The Ation of Respiration is in some<br />measure fu",T,5
66340,0062803900,21859,22209,0.623,464,730029,730244,A48874,5,top151-1000,top50-60,"ing their Causes, or any otherwise. The *Atomists,* who define Motion to be *a passage from one place to another,* What do they more than put one synonymous Word for another? For what is *Passage* other than *Motion","pheres.<br /><br />I . It is said "" that electric atmof-<br />pheres, which flow round non-eletric<br />""bodies, being brought near each other, do<br />""not readi!y mix and unite, but remain<br />"" iparate, and repel each other.<br /><br />2. "" An elcetric atmosphere not only<br />repels anotiher electric atmosphere, but<br />"" Awili al'o repel the elearic matter contain-<br />""ed in the substance of a",T,5
67851,0795700600,22135,22492,0.622,464,730029,730244,A48874,5,top151-1000,top50-60,"ing their Causes, or any otherwise. The *Atomists,* who define Motion to be *a passage from one place to another,* What do they more than put one synonymous Word for another? For what is *Passage* other than *Motion","the motion in minds as well as bodies is acce-<br />lerated by a nearer approach to the centre to<br />which they are tending. If we recede slowly<br />rtt first setting out, we advance rapidly ii<br />our futture course ; and to have begun to-be<br />wlroilg, is already to have made a. great pro-<br />grefs.<br /><br />A CONSTANT habit of amufemnent relaxes the<br />tone of the mind, and renders it",T,5
69552,0202201200,24005,24352,0.621,464,730029,730244,A48874,5,top151-1000,top60-70,"ing their Causes, or any otherwise. The *Atomists,* who define Motion to be *a passage from one place to another,* What do they more than put one synonymous Word for another? For what is *Passage* other than *Motion",", and Closing.<br /><br />I /hall next observe, That neither Inspiration<br />nor Expiration are simply neceeary of them-<br />selves ; ut the reciprocal Motion only, whereAy<br />the Bladders of the Lungs are di/lended, andaf-<br />terwards contrafled, is afolutely neceefary for<br />the Prolongation of an Animal Life.<br /><br />If the Air were mixed with the Blood in In-<br />fpiration, that",T,5
71655,0972400200,85834,86210,0.62,464,730029,730244,A48874,5,top151-1000,top60-70,"ing their Causes, or any otherwise. The *Atomists,* who define Motion to be *a passage from one place to another,* What do they more than put one synonymous Word for another? For what is *Passage* other than *Motion","Passage<br />through the Earth, at least in Proportion to its<br />Quantity; and therefore not arising into the Air,<br />but forcing a Passage throughfubterraneous Caverns,<br />it is very consonant to Reason, that it may-have the<br />Consequence before mentioned.<br /><br />As to the EffeEts of Earthquakes upon the Air,<br />We find tnany things reported in Books, upon which,<br />however, too much Weight ought not",N,5
78958,1564101500,12947,13273,0.615,464,730029,730244,A48874,5,top151-1000,top60-70,"ing their Causes, or any otherwise. The *Atomists,* who define Motion to be *a passage from one place to another,* What do they more than put one synonymous Word for another? For what is *Passage* other than *Motion","quickness, by infeniible degrees, till<br />it becomes rapid, in the manner following :<br /><br />but you must not rigouroufly move immediat~ely from femiq~uavers to<br />demilemiquavers, as in this exampl'e, or from ther~e to the next in degree,<br />that would be doubling the velocity of the Thake all at once, .wrhicH<br />would be a fkrip, not a grad",N,5
80055,0762800202,849137,849550,0.614,464,730029,730244,A48874,5,top151-1000,top60-70,"ing their Causes, or any otherwise. The *Atomists,* who define Motion to be *a passage from one place to another,* What do they more than put one synonymous Word for another? For what is *Passage* other than *Motion","manner how every part of the<br />""body conspires with any others to procure any one<br />""' particular motion was clearly shewn: and thereby it<br />"": was made plain, even to sense, that wherever many<br />"" parts joined at once to cause the fame motion, that<br />< motion is caused by nerves that go into every one of<br /><br />those parts, which are all struck together. And<br />' though Vieuffens and du Verney have in many<br />' things corre&ed the",T,5
84021,1429900101,209841,210104,0.611,464,730029,730244,A48874,5,top151-1000,top60-70,"ing their Causes, or any otherwise. The *Atomists,* who define Motion to be *a passage from one place to another,* What do they more than put one synonymous Word for another? For what is *Passage* other than *Motion","perpetual motion, its body making; a continual<br />movemaent, and its tail keeping time like the pendulum<br />:of a cleckd:<br /><br />Having<br /><br />I/// ~;Jce· c-~i·clz~/ ·:<br /><br />AwdenPub/irkedl)ce""zi'zypy, ,KWdawn,.ptZnt/J OnavA larvL<br /><br />H~avingE deferibed these two contrasts in appearance,",T,5
96898,0398001700,58897,59279,0.604,464,730029,730244,A48874,5,top151-1000,top70-80,"ing their Causes, or any otherwise. The *Atomists,* who define Motion to be *a passage from one place to another,* What do they more than put one synonymous Word for another? For what is *Passage* other than *Motion",", though complex. External force,<br />from its simplicity, may give a profp&et of<br />ease, and accelerate the motion, but will cer-<br />tainly make it fly out of its direction. Mon-<br />tefquieu savs, there are certain ideas of uni-<br /><br />formity<br /><br />[ 39 ]<br />formity which sometimes catch men of genius,<br />but arc lure to take possession of little minds.<br />Whoever is affected by these, will never be<br />contented",T,5
97845,1594701100,34835,35144,0.603,464,730029,730244,A48874,5,top151-1000,top70-80,"ing their Causes, or any otherwise. The *Atomists,* who define Motion to be *a passage from one place to another,* What do they more than put one synonymous Word for another? For what is *Passage* other than *Motion","gives Motion to all the reft of the Wheels and Movements,<br />of which any one may be ftopt feparacly ; one Fire-Engine<br />conveys warm Air to every individual Part ofthe Machine, and<br />one Regulator governs the whole Work, Chief<br /><br />jhires', Belvoir Caflie, Duke of Rtfland's ; Balfovesr Caf,<br />Mr. Farr's; Bretby, Earl of",T,5
98903,0263000402,636782,637143,0.602,464,730029,730244,A48874,5,top151-1000,top70-80,"ing their Causes, or any otherwise. The *Atomists,* who define Motion to be *a passage from one place to another,* What do they more than put one synonymous Word for another? For what is *Passage* other than *Motion","-<br /><br />for were there none, no Body could be mov'd:<br />Because where-e'er the pressing Motion goes,<br />It fill must meet with Stops, still meet with Foes:<br />'Tis natural for Matter to oppose.<br />So, that to move would be in vain to try,<br />For motionless and stubborn all muff lie:<br />Because no yielding Body could be found,<br />Which first should move, and give the other Ground.<br />Tho'",T,5
112615,0835600600,38142,38411,0.595,464,730029,730244,A48874,5,top151-1000,top70-80,"ing their Causes, or any otherwise. The *Atomists,* who define Motion to be *a passage from one place to another,* What do they more than put one synonymous Word for another? For what is *Passage* other than *Motion","un repos rélatif su apparent;<br /><br />, ellet<br /><br />( 42 )<br />,, elles éprouvent. un --mouvement fi. imper-<br />, ceptible que nous ne- pouvon appercevdir leurs !<br />, changemens. .i; P.;,. iS. -, Mais fi nous<br />ne pouvons appefcevoir :ce mouv.ement, ni fes<br />- effets, :comment fait-on qu'il ex",T,5
114445,0353600600,1156277,1156628,0.594,464,730029,730244,A48874,5,top151-1000,top70-80,"ing their Causes, or any otherwise. The *Atomists,* who define Motion to be *a passage from one place to another,* What do they more than put one synonymous Word for another? For what is *Passage* other than *Motion","unto Cycles were to be<br />invented; and to find out such a Cycle of years, wherein by the<br />intercalation or addition of one or more Months this might be<br />effeced, was the great study and cndeavouroftheAflronomers<br />of those times. The lirlt attempt that was made for this pur-<br />pose was that of the Dietcrij, a Cycle of two years, wherein<br />an intercalation was",N,5
118706,0954101000,2012390,2012692,0.592,464,730029,730244,A48874,5,top151-1000,top80-90,"ing their Causes, or any otherwise. The *Atomists,* who define Motion to be *a passage from one place to another,* What do they more than put one synonymous Word for another? For what is *Passage* other than *Motion","fittcfl for<br />must move equally togetler; Speed, or any fwitt Imploymernt<br />that is, the far Fore-leg, and far but iflcGallop round and rail this<br />Hinder-leg, and the near Fore- Fore-seer, he is then said to Cal-<br />leg, and the near Hinder-leg; lop fIrongly, but not swiftly, and<br />and this motion must go julf,",N,5
124039,0669002200,4127,4483,0.589,464,730029,730244,A48874,5,top151-1000,top80-90,"ing their Causes, or any otherwise. The *Atomists,* who define Motion to be *a passage from one place to another,* What do they more than put one synonymous Word for another? For what is *Passage* other than *Motion","for Mo-<br />tion, but also to move with the utmost Ease, and with<br />a fiuprizing Force and Quickness, in exa& Obedience<br />to our Will. And as the Formation of the Eody in<br />general, so every Part, but more especially the Hands<br /><br />h ave<br /><br />( 6)<br />ihave a very remarkable Aptitude for Labour, peculiar<br />to the human Species, which is well expressed by the<br />Word Dexterity, and",T,5
127177,0394201600,362246,362621,0.587,464,730029,730244,A48874,5,top151-1000,top80-90,"ing their Causes, or any otherwise. The *Atomists,* who define Motion to be *a passage from one place to another,* What do they more than put one synonymous Word for another? For what is *Passage* other than *Motion","ing those parts of itwithwhich<br />they are in contaa; and secondly, they communicate<br />their own motion: and the air which is thus moved<br />by them, being left heated, is of consequence more<br />elastic than other parts of the atmosphere, and there-<br />fore fitter to preserve and to propagate that motion.<br /><br />1. Ai. Delian king.] One of the epithets of<br />Apollo, orlthe Sun, in the Orphyc hymn",T,5
127804,0337400100,320430,320782,0.587,464,730029,730244,A48874,5,top151-1000,top80-90,"ing their Causes, or any otherwise. The *Atomists,* who define Motion to be *a passage from one place to another,* What do they more than put one synonymous Word for another? For what is *Passage* other than *Motion",", for this Application,<br />preferable to its femingl so to you ? And doth a Madman<br />act any otherwise than seems to him, right ? Is this then, a<br />sufficient Criterion to him too !<br /><br />It is not.<br />Come therefore, to something prefcrable to what Jfcms.<br />What is that ?<br />§. 2. The Beginning of Philosophy is this: The being fen-<br />fible of the Difgreecccnt of Men with",N,5
133882,0218701300,219563,219947,0.584,464,730029,730244,A48874,5,top151-1000,top80-90,"ing their Causes, or any otherwise. The *Atomists,* who define Motion to be *a passage from one place to another,* What do they more than put one synonymous Word for another? For what is *Passage* other than *Motion","and the other {: Wherefore I aver, all that<br />hath been writ to this purpose, is but Supposition and no real Rule;<br />but Geometrically you have your desire, and need not to follow<br />eny other Rule for extrating the Wind to find the true Ball.<br /><br />aeft. 6. When you have obtained Geometrically the true Dia-<br />meter of a Ball to fit a Peece, the Quellion is, How ihall you know<br />the weight of that",N,5
0,1630800202,431267,431590,0.678,531,220627,220817,A48874,5,top151-1000,top5,"ses. *v. g.* Take a grain of Wheat, divide it into two parts, each part has still *Solidity, Extension, Figure,* and *Mobility*; divide it again, and it retains still the same qualities; and","-<br />selves; so that if a field is sown with<br />clover,while in this ficuation, it may be<br />expeited that it will be still in worse<br />order when plowed up again.<br />M'HEN wheat is thle grain ule~2d, the<br />grals-feeds are sown in the spr~ing, and<br />the land rolled: This rolling is rather<br />a benefit to the crop of wheat ; it breaks<br />any clods",N,5
1,0672000302,3883252,3883618,0.676,531,220627,220817,A48874,5,top151-1000,top5,"ses. *v. g.* Take a grain of Wheat, divide it into two parts, each part has still *Solidity, Extension, Figure,* and *Mobility*; divide it again, and it retains still the same qualities; and","letting the Se&or lie, the Distance<br />between 5 and 5 will give you the Side of a Similar<br />Figure, .whose Area [hall exceed that of the given<br />one in the Proportion required. And proceed vice<br />versa, for dimini/hing.<br /><br />3. To add together, or to fitbtrat onefrom ano-<br />ther Similar Surfaces.<br /><br />Find first the Ratio between the Surfaces by<br />Prop. a. and then add or fubtrac the",N,5
2,0038200501,2298446,2298799,0.673,531,220627,220817,A48874,5,top151-1000,top5,"ses. *v. g.* Take a grain of Wheat, divide it into two parts, each part has still *Solidity, Extension, Figure,* and *Mobility*; divide it again, and it retains still the same qualities; and","repetitions of that couple are at an end.<br /><br />Of<br /><br />(. 437)<br />Of D E S I G V I N G.<br />D, SESIG N is used in painting, for the first to make their contours in great pieces, without<br /><br />idea of a large work, drawn roughly, takingnotice of the little muscles, and other breaks;<br />and il little. with aU intention to be cx- to make themselves maflers of the rules of per-",N,2
3,0657701801,139261,139695,0.673,531,220627,220817,A48874,5,top151-1000,top5,"ses. *v. g.* Take a grain of Wheat, divide it into two parts, each part has still *Solidity, Extension, Figure,* and *Mobility*; divide it again, and it retains still the same qualities; and","sel or Mem.<br />brane may be divided into very small Fibres or<br />Threads, and that these Threads may be drawn out<br />into a very considerable Length without breaking:<br />And that when such external Force is removed,<br /><br />they<br /><br />they will again restore themselves to their proper<br />Dimension. Itis further also manifet, that this<br />Property is preserved to them by a convenient<br />Moisture, because if one of these Threads lies dried,<br />it immediately loses it;",T,2
4,0762900200,2053931,2054304,0.667,531,220627,220817,A48874,5,top151-1000,top5,"ses. *v. g.* Take a grain of Wheat, divide it into two parts, each part has still *Solidity, Extension, Figure,* and *Mobility*; divide it again, and it retains still the same qualities; and","e, s g, divide the<br /><br />What they differ in is, first, that one of them (fig. r. space betweenc and h into three equalparts. Thele partitions<br />has a small opening M N, which the other has not, and are about a twelfth part of an inch in thickness, and their<br />which will be described in its proper place: and secondly, rounded part terminates in an edge, that the grains which<br />that",N,2
106,1714500700,439463,439807,0.62,531,220627,220817,A48874,5,top151-1000,top0-10,"ses. *v. g.* Take a grain of Wheat, divide it into two parts, each part has still *Solidity, Extension, Figure,* and *Mobility*; divide it again, and it retains still the same qualities; and","wing which immediately preceeds the Sow-<br />ing, they muff he laid as flat as possible,, and much<br />broader than for other Crops.,<br /><br />The Choice of Se~ed is of great Importance;<br /><br />and the thickeit, oiliest and heaviest is the best.<br />Changing it from any Soil to any other, keeps it<br />from degeneratnag; from lighter Soils to heavier,<br />con~tderably improves",N,2
744,1716401500,3018,3356,0.579,531,220627,220817,A48874,5,top151-1000,top0-10,"ses. *v. g.* Take a grain of Wheat, divide it into two parts, each part has still *Solidity, Extension, Figure,* and *Mobility*; divide it again, and it retains still the same qualities; and","be fold in manner foresaid, be made up in Pieces and half<br />Pieces, as follows, to wit, all three Quarter broad Cloath in Pieces, containing Eighteen Ells at leafi, and half pieces containirg nine Ells at lcaft,<br />and all Ell broad Cloath in Pieces containing twenty four Ells at leaf, and that all fueh Linen Cloath be equally and evenly wro",N,2
761,0538700300,211772,212126,0.578,531,220627,220817,A48874,5,top151-1000,top0-10,"ses. *v. g.* Take a grain of Wheat, divide it into two parts, each part has still *Solidity, Extension, Figure,* and *Mobility*; divide it again, and it retains still the same qualities; and",", cannot be drawn down and thereby<br />lengthened, unless the two parts D and C, which<br />lie on each fide of the moveable pulley, be at the<br />fame time drawn up and shortened, and that equal.<br />ly; whence it i evident, that the part AS will be<br />lengthened as fafl again as either D or C is short.<br />ened, inasmuch as what, each of those parts lose of<br />their length, is",N,5
1332,1031500200,6650237,6650476,0.566,531,220627,220817,A48874,5,top151-1000,top0-10,"ses. *v. g.* Take a grain of Wheat, divide it into two parts, each part has still *Solidity, Extension, Figure,* and *Mobility*; divide it again, and it retains still the same qualities; and","ore than a blow,<br />T';c.<br />Sefquiplaris, e. Sefquiplares mi-<br />lites, jol.hirs tbat have altlovance<br />more thin ordinary by half, Ve-<br />get. Sefqaiplex, icis. Half o tfCbh<br />again, Cic.<br />Sefquiplum, i.l. quod refcuplum.<br />Sefqutplus;a, 1, un. As much and",N,2
1704,0824800300,421382,421712,0.561,531,220627,220817,A48874,5,top151-1000,top0-10,"ses. *v. g.* Take a grain of Wheat, divide it into two parts, each part has still *Solidity, Extension, Figure,* and *Mobility*; divide it again, and it retains still the same qualities; and","become totally withered or fall off entirely when the<br />feeds are ripe. Rye-grass belongs to this class in the tricteft<br />sense. To it likewise may be afligned the vernal-grafs, dogs-<br />tail-grafs,-and fine bent-grafs. 2d, Those whose leaves<br />continue to advance even after the feed-ltalks are formed, and<br />retain their verdure and succul",N,2
2771,0656800900,359452,359799,0.549,531,220627,220817,A48874,5,top151-1000,top10-20,"ses. *v. g.* Take a grain of Wheat, divide it into two parts, each part has still *Solidity, Extension, Figure,* and *Mobility*; divide it again, and it retains still the same qualities; and","ed. Then divide t ie whole line into<br /><br />inches.<br />i<br /><br />inches, or divificns of Io parts each, drawing'lines di.<br />retlv across; divide the firl inch into lo parts, both in<br />the l;igheft and lowell line, and draw cross lines diagonally,<br />so that they may cross from o to i, from I to 2, &c. as<br />in the figure, by which means each of those parts is Cub.<br />divide",N,2
4654,0209500600,147972,148234,0.536,531,220627,220817,A48874,5,top151-1000,top10-20,"ses. *v. g.* Take a grain of Wheat, divide it into two parts, each part has still *Solidity, Extension, Figure,* and *Mobility*; divide it again, and it retains still the same qualities; and","y eft combiné avcc la terre, prin-<br />cipe des alimens, qu'il confttue terre ofleu-<br />ke, de l'efpece calcaire , & qu'il accom-<br />pagne en la faturant de plus en plus lorf-<br />qu'elle devient excrémenteufe , hypo-<br /><br />K3<br /><br />ftatique , calculeufe, gouteufe, &c.<br /><br />Cette efpece de",N,5
5875,0050800602,201117,201491,0.53,531,220627,220817,A48874,5,top151-1000,top10-20,"ses. *v. g.* Take a grain of Wheat, divide it into two parts, each part has still *Solidity, Extension, Figure,* and *Mobility*; divide it again, and it retains still the same qualities; and",".-<br /><br />devront jamais prendre le nom de racines carrées,<br />puifque leur rapport avec l'unité ne fera jamais<br />quaternaire.<br /><br />Par la même raifon, quoique toutes les racines<br />étant multipliées par elles-mêmes, rendent un<br />produit , cependant puifque toute racine eft<br />moyenne proportionnelle entre fon produit & l'u-<br />nité, il faut de toute néceffité que ce produit lui-<br />même foit à fi ra",N,5
6002,1564401000,13372,13711,0.53,531,220627,220817,A48874,5,top151-1000,top10-20,"ses. *v. g.* Take a grain of Wheat, divide it into two parts, each part has still *Solidity, Extension, Figure,* and *Mobility*; divide it again, and it retains still the same qualities; and","Way, like meafuzring timber, is to<br /><br />add both diameters together, and take the hails for<br />a mean diameter ; and then proceed as before.<br /><br />S3. of cP=.ks<br /><br />Awv common regular cask may be guaged thus,<br /><br />provided both the head diameters are nearly equal,<br /><br />F zast,<br /><br />FmRst, Sqcuarre the bung diameter, and then<br /><br />mnultiply it by,_z, to which add the s",N,2
7315,0040102300,32565,32916,0.525,531,220627,220817,A48874,5,top151-1000,top10-20,"ses. *v. g.* Take a grain of Wheat, divide it into two parts, each part has still *Solidity, Extension, Figure,* and *Mobility*; divide it again, and it retains still the same qualities; and","to separate the Dufft from the Corn,<br />which falls into a. Bag, and when fifficiently<br />full is cast away, the good Corn remaining<br />behind.<br />* Corn has been kept in London Granaries<br />"" 3 Years,. and the longer 'tis kept the<br /><br />C 2 s more<br /><br />( 28)<br />c more flour it yields, in proportion to the<br /><br />quantity of Corn, and makes the purer and<br />whiter Bread ; the superflu",N,5
8854,0597600111,258741,259099,0.52,531,220627,220817,A48874,5,top151-1000,top20-30,"ses. *v. g.* Take a grain of Wheat, divide it into two parts, each part has still *Solidity, Extension, Figure,* and *Mobility*; divide it again, and it retains still the same qualities; and","is recelhary that a new Seizin be made; because the Seizin in that Cafe being in.<br />the Nature of a Trupt,'and consequently unattended with Retponfibilicy, is weak in Comparilbn<br />with a Seizin of Compolition, which is attended with Relpontibility; and therefore cannot be<br />lubftituted in the Place of it.<br /><br />If the Estate contiet of Gold, Silver, Goods and Effects",N,2
10346,0135200500,99356,99651,0.516,531,220627,220817,A48874,5,top151-1000,top20-30,"ses. *v. g.* Take a grain of Wheat, divide it into two parts, each part has still *Solidity, Extension, Figure,* and *Mobility*; divide it again, and it retains still the same qualities; and","Length; and their Breadth is fix<br />Tenths of an Inch, and Thickness about an<br />Eighth of an Inch.<br /><br />II. Its Use is to solve Questions in Trigo-<br />nometry, and many others both Arithmetical<br />and Geometrical.<br /><br />Ill. The Lines on the Se&tor are,<br /><br />1. Chlcis<br /><br />133<br /><br />x. Chords,<br />i. aZe!f :-,<br />3. Secants,<br />4 Half '",N,2
10988,0153500200,59062,59369,0.514,531,220627,220817,A48874,5,top151-1000,top20-30,"ses. *v. g.* Take a grain of Wheat, divide it into two parts, each part has still *Solidity, Extension, Figure,* and *Mobility*; divide it again, and it retains still the same qualities; and",":<br /><br />N B PA C D<br /><br />G<br />Let ABDbe the southem Half theSm's Dif, C his Center, N D a Portion of<br />the Ediic, E the Place of the Node in 163q, E H the Path of Ven at that Time,<br />and C G h neare Distance from the Sia's Center; then it is plain, if the Node E<br />be at Ref, or continues ffil in the fame Place, then also E H",N,5
11431,0445501500,11335,11691,0.513,531,220627,220817,A48874,5,top151-1000,top20-30,"ses. *v. g.* Take a grain of Wheat, divide it into two parts, each part has still *Solidity, Extension, Figure,* and *Mobility*; divide it again, and it retains still the same qualities; and","loose their Cohe-<br />sion instantly; thus all Sorts of Grain are<br />reduced to fine Flour; and the hard six'd<br />Body of Glass is by this means reducible to<br />a fluid impalpable Powder.<br /><br />12. Again, this is further evident by Ex-<br />periments of a contrary Kind, viz. by re-<br />compounding and uniting the fractured Parts<br />of Bodies by the Interposition of iome Kinds<br />of Matt",N,2
14403,1022000100,36881,37227,0.507,531,220627,220817,A48874,5,top151-1000,top20-30,"ses. *v. g.* Take a grain of Wheat, divide it into two parts, each part has still *Solidity, Extension, Figure,* and *Mobility*; divide it again, and it retains still the same qualities; and","i rt iof this diftempcr, and the<br />powder in the inl-,ced grain does certainly<br />communicate the dilliteper to all the iound<br />wheat to which it adheres, which has been<br />proved by many experiments.<br /><br />The flour of fmuttv wheat is difculoured by<br />that diltemper, and the bread made of it<br />has an ill tafe : So that some years the<br />la'ut is of bad conliquence,",N,2
18420,0070300600,419539,419817,0.5,531,220627,220817,A48874,5,top151-1000,top30-40,"ses. *v. g.* Take a grain of Wheat, divide it into two parts, each part has still *Solidity, Extension, Figure,* and *Mobility*; divide it again, and it retains still the same qualities; and","exprefi only in square Inches.<br /><br />Foort.-ieafure. II The<br /><br />_g2]<br /><br />IL lhe TableofShew-bread, LEd. 5 23. It's<br />ai-med to be two Cubits in Length, and one in<br />Breadth. None doubt but it was retangular, con-<br />tminig two Jr-uh square CubitL These amount<br />to bore fix ErgliZb square Feet, and",N,5
20634,1046700500,126634,126982,0.497,531,220627,220817,A48874,5,top151-1000,top30-40,"ses. *v. g.* Take a grain of Wheat, divide it into two parts, each part has still *Solidity, Extension, Figure,* and *Mobility*; divide it again, and it retains still the same qualities; and","no such break after the<br />verse, Ichargeyou, Oye daughters, &c. (pag. 9.) as can<br />justify the division into two days.<br /><br />H z If<br /><br />t 100 1<br />If the other obje&ions can be answered, this last will<br />fall of course, because his division is full as arbitrary<br />as any he opposes; and how unnaturally the words P 9.<br />Behold he flood, &c. (p. i o.) are separated from",N,2
20736,0060900700,1256452,1256796,0.497,531,220627,220817,A48874,5,top151-1000,top30-40,"ses. *v. g.* Take a grain of Wheat, divide it into two parts, each part has still *Solidity, Extension, Figure,* and *Mobility*; divide it again, and it retains still the same qualities; and","by help of its fide. Mcr/er<br />generally ufeth the square cubit. 3 Sslidity, or Capacity, which<br />hath three dimenlions multiplied into each other: length,<br />breadth, and height, or depth. This is measured by a known<br />cube. From foliditv arifeth weight in all sublunary bodies:<br />and by weight we measure the value of coins. Therefore I<br />hill join weights",N,5
21641,0111800800,141793,142177,0.495,531,220627,220817,A48874,5,top151-1000,top30-40,"ses. *v. g.* Take a grain of Wheat, divide it into two parts, each part has still *Solidity, Extension, Figure,* and *Mobility*; divide it again, and it retains still the same qualities; and","cles, held together by a peculiar attraction,<br />which operates in uniting them into globules; and<br />lrnbbing the particles lels, if it can mean any<br />thing, can be nothing otherwise than a division of<br />theIe fix particles.<br /><br />But the most singular part of this account is,<br />"" that the particles are divisible into ttill less and<br />less, till they escape tbefgbt, aflifted even by the mi-<br />crofcope",T,5
25253,0307400400,364533,364894,0.491,531,220627,220817,A48874,5,top151-1000,top30-40,"ses. *v. g.* Take a grain of Wheat, divide it into two parts, each part has still *Solidity, Extension, Figure,* and *Mobility*; divide it again, and it retains still the same qualities; and","thrown out of the body by each, which can-<br />not so conveniently pass another way; as<br />Salncorius rightly observes, of any other eva-<br />cuation substituted for this, "" It diminiihes<br /><br />M m 2 "" the<br /><br />"" the quantity, but leaves behind it the ill<br />""quality"" (b).<br /><br />It may be proper farther to remark, that this<br />being the last and most elaborated ation of a-<br />nimal digestion,",N,2
29829,0188200300,320602,320964,0.486,531,220627,220817,A48874,5,top151-1000,top40-50,"ses. *v. g.* Take a grain of Wheat, divide it into two parts, each part has still *Solidity, Extension, Figure,* and *Mobility*; divide it again, and it retains still the same qualities; and","as the ProducE is the fame as the 6748<br />Dividend, or Sum you divided,<br /><br />If<br /><br />[ 245 ]<br />If at any Time there remains any Figures, when<br />you have brought down all the Figures in the Dividend;<br />that Remainder bears the fame Denomination, or<br />Name, with the Dividend and Quotient: Wherlfore<br />you must multiply that Remainder by the Number of<br />the next lower Denomination, that",N,5
31444,0463900900,415037,415405,0.485,531,220627,220817,A48874,5,top151-1000,top40-50,"ses. *v. g.* Take a grain of Wheat, divide it into two parts, each part has still *Solidity, Extension, Figure,* and *Mobility*; divide it again, and it retains still the same qualities; and","wil become the Consequents of the Rule.<br /><br />Then multiply by a continued Operation, the<br />Antecedents to have the Divisor in the last ProduEt;<br />and in the fame manner the Consequents to have<br />likewise the Dividend in the last Produ&: Then di-<br />vide, and you will have the lait Consequent of the<br />Rule.<br /><br />Se9<br /><br />See the Example of the Proof of the foregoing<br />Question.<br />94 Gr. Amfner",N,5
37035,0927400300,155328,155656,0.48,531,220627,220817,A48874,5,top151-1000,top40-50,"ses. *v. g.* Take a grain of Wheat, divide it into two parts, each part has still *Solidity, Extension, Figure,* and *Mobility*; divide it again, and it retains still the same qualities; and","; then join all the Fil-.<br />lets together, and turn them roundyourRight,.<br />h.and, and pull with sufficient force to extraSt<br />the Head. You may pull from Side to Side,<br />in a straight Line, or in any other Direfionu<br /><br />qyou, nd requisite to extract the, Head.<br />c, and d, the two short Ifillets, which.are.<br />kwed, to th. Backs, of S. and 7.",N,2
40162,1609900300,78737,79071,0.477,531,220627,220817,A48874,5,top151-1000,top40-50,"ses. *v. g.* Take a grain of Wheat, divide it into two parts, each part has still *Solidity, Extension, Figure,* and *Mobility*; divide it again, and it retains still the same qualities; and",",<br /><br />the produaion of grain, might be carried on to a confider-<br />able extent in Middilelex,`srhere, from the su~perabundance<br />of manure, it can be done to .great advantage. About<br />15,000 acres. of wheat Y, in addition to those now comn-<br />monly fowrn, would prevent the necefirty of importing<br />even the fmnalleft quantity of that article from",N,5
40407,1184303100,55720,55986,0.477,531,220627,220817,A48874,5,top151-1000,top40-50,"ses. *v. g.* Take a grain of Wheat, divide it into two parts, each part has still *Solidity, Extension, Figure,* and *Mobility*; divide it again, and it retains still the same qualities; and","I) qui l'alfervirent à la fin. Pour<br />peu qu'on y réd; chiife en eiFet on fentira<br />que c'clt fervir le Defpotifme que de multi-<br />plier les loix i car il y a, dit très-bien Mon-<br />taigne, autant de libe-rté d'étendue i l'inter-<br />prétation des loix qu'a leur facon. Au milieu",N,5
51516,0258200600,251186,251484,0.47,531,220627,220817,A48874,5,top151-1000,top50-60,"ses. *v. g.* Take a grain of Wheat, divide it into two parts, each part has still *Solidity, Extension, Figure,* and *Mobility*; divide it again, and it retains still the same qualities; and","an inverse Ratio of the Squares of the Apertures; but<br />th.; can only extend to that Portion of the Force which serves<br />to dri'e tie XWater, and force it out with a determined Ve-<br />c;i:'-, and net of that v':ihl stands in Opposition to the<br />WVei gh of the Cnl.:;n rais d, and ;which prevents the Pi-<br />ft+",N,5
55596,0311801500,208270,208663,0.467,531,220627,220817,A48874,5,top151-1000,top50-60,"ses. *v. g.* Take a grain of Wheat, divide it into two parts, each part has still *Solidity, Extension, Figure,* and *Mobility*; divide it again, and it retains still the same qualities; and","; its final dissolution<br />and return. to its- original elements arain, is no<br />more than a dissolution of the form, and conftruc-<br />tion o'fthe particles, with their cohesive and ani-<br />malaptitudes and combinations, and by no means<br />a dissolution or annihilation of matter: for no<br />particular form is essential to the existence of mat-<br />ter, though it is essential to the exiltence of ani-<br />mal life; but",M,2
57564,1515302200,64812,65147,0.466,531,220627,220817,A48874,5,top151-1000,top50-60,"ses. *v. g.* Take a grain of Wheat, divide it into two parts, each part has still *Solidity, Extension, Figure,* and *Mobility*; divide it again, and it retains still the same qualities; and","s of the<br />body , and if it did possess such qualities,<br />the quantity in which it is giv·en is too [mlall<br />to admit the su~pposition of its operating by-<br />such means. Is it not probable then,<br />that its good effe~~s are produced, by its<br />compo-fmg the ne~rous agitations, and by its<br />inltroducing fesnfaid;ons of an agreeable kindl,<br />which tend.",T,2
60161,1487100500,162997,163296,0.465,531,220627,220817,A48874,5,top151-1000,top50-60,"ses. *v. g.* Take a grain of Wheat, divide it into two parts, each part has still *Solidity, Extension, Figure,* and *Mobility*; divide it again, and it retains still the same qualities; and","can only go on one Side, by<br />ha~vingr them fixed to -different Rrp~es· of' different<br /><br />H Lengths,<br /><br />( 86 ):<br /><br />Lengths,.as O~ccaition thall require. And fomet mnes, ·<br />by fixing, ·either before or.behiind, as Occasion thi~,<br />require, broad Pieces of Woqod edgewise,, which, by<br />running obliquely into the Mu",N,2
61628,0342500800,126149,126475,0.464,531,220627,220817,A48874,5,top151-1000,top50-60,"ses. *v. g.* Take a grain of Wheat, divide it into two parts, each part has still *Solidity, Extension, Figure,* and *Mobility*; divide it again, and it retains still the same qualities; and","Veiils into the<br />Blood whicl it immediately coa-<br />gulates by its sower particles, and<br />thereby fqucezes out the serous parts<br />w.itih little mtixture of Salts. But<br />\vhen by various circulations these<br />Ji(digeCiions are fufiicienly attenu-<br />.ted and divided, then a due pro-<br />portion of Salts and Sulphurs are<br />ctparated with the serous",T,2
63300,0025800600,134284,134576,0.463,531,220627,220817,A48874,5,top151-1000,top60-70,"ses. *v. g.* Take a grain of Wheat, divide it into two parts, each part has still *Solidity, Extension, Figure,* and *Mobility*; divide it again, and it retains still the same qualities; and","+n x n-I x'-x2 &c.<br /><br />2<br />Call the Terrmsin which are x5, x' &c. T,<br />then x - T = S: x' x.<br /><br />.t$<br />- n<br />What has been said before of Wholes<br />consisting of a single Product, holds uni-<br />verfally in all Wholes consisting of many<br />Products, when every Fator of every one of<br />these Produts is confider'd as aW",N,5
65992,0337902500,68021,68318,0.462,531,220627,220817,A48874,5,top151-1000,top60-70,"ses. *v. g.* Take a grain of Wheat, divide it into two parts, each part has still *Solidity, Extension, Figure,* and *Mobility*; divide it again, and it retains still the same qualities; and",".<br />-Propagation and Nutrition,<br />-Uses and Effeds.<br />-Minerals :<br /><br />-External Appearances.. .,<br />-Intrinsic Qualities.<br />-Uses and Effeds.<br />General:-<br /><br />-The Earth,,<br />-TheSyftem of Nature,<br /><br />-The general qualities of<br /><br />Matter.<br />-The relative degrees of Ex-<br /><br />tension and Motion.<br /><br />0. SECTo<br /><br />SEC ', IL<br />PhilSplV of trhe",N,5
73493,1290400100,92103,92409,0.458,531,220627,220817,A48874,5,top151-1000,top60-70,"ses. *v. g.* Take a grain of Wheat, divide it into two parts, each part has still *Solidity, Extension, Figure,* and *Mobility*; divide it again, and it retains still the same qualities; and",". .<br />.- . C.<br /><br />fr rTo muf take the ike part of the aforefad<br />Remainder (*) and make it a new Dividend:<br />And you mufl also tale the fame part of the o-<br />garithm of R; and the Number answering to<br />Then. that part being made less by an Unit or I,<br /><br />will be a new Divisor ( inflead of R- i ) by<br />which the new Dividend",N,5
74645,1530600102,450479,450782,0.457,531,220627,220817,A48874,5,top151-1000,top60-70,"ses. *v. g.* Take a grain of Wheat, divide it into two parts, each part has still *Solidity, Extension, Figure,* and *Mobility*; divide it again, and it retains still the same qualities; and","la: feuille<br />l~arge & dicoupée, elle tombe en hiver. Ils<br />produirent des glands amers.<br /><br />3Le httre vBient aufir dans les provinces fep-<br /><br />tentrionales, far la cimne des montagnes 06 les<br />ch&nes ne peuvent dSla pluis fe fousenir , it<br /><br />croit aul~li dans les plaines, & produit un fruit<br />triangulaire.<br /><br />Le noyei-",N,5
79273,0083402400,220275,220593,0.455,531,220627,220817,A48874,5,top151-1000,top60-70,"ses. *v. g.* Take a grain of Wheat, divide it into two parts, each part has still *Solidity, Extension, Figure,* and *Mobility*; divide it again, and it retains still the same qualities; and","tranfportées de 1,Soo lieues,<br />par conflquent peu nombreufes & d'ailleurs non-acclimatées,<br />rififter toujours à des forces facilement transférbles à une<br />petite diftance, fupérieures en nombre, & originaires du mieme<br />hémifphere ? c'cf une queftion que nous déférons encore à la<br />fagffe d'une adminiftration éclairée.<br /><br />L'au",N,5
95792,0245100500,77433,77696,0.449,531,220627,220817,A48874,5,top151-1000,top70-80,"ses. *v. g.* Take a grain of Wheat, divide it into two parts, each part has still *Solidity, Extension, Figure,* and *Mobility*; divide it again, and it retains still the same qualities; and",".e 0:.-n and duly baked, it becomes at once a new substantial<br />Form, ar.d such baked Paflic in a 'Vord, is metamorphosed<br />:.-,; Bread.<br /><br />These 'anrio; So-rt of substantial Forms are admitted, in-<br />eCed 3' H fc-re, in a5 ether natural Bod!is ; thus, for Instance,<br />:n a",T,2
97028,0776800900,300399,300669,0.448,531,220627,220817,A48874,5,top151-1000,top70-80,"ses. *v. g.* Take a grain of Wheat, divide it into two parts, each part has still *Solidity, Extension, Figure,* and *Mobility*; divide it again, and it retains still the same qualities; and","Is thusread As A.<br />toB. so is Y. to Z.<br />()A Parenthesis, with a power note in it,<br /><br />signifies Involution: As A,-B. (z) Is<br />the square of A less B. or A-B. (3) Is<br />the Cube ofA. less B.<br />j ARadicalSignwith an Index in itfignifies<br /><br />Evolution,as v A-B. Is the SquareRoot<br />of A les",N,3
97952,1442400200,7337,7628,0.448,531,220627,220817,A48874,5,top151-1000,top70-80,"ses. *v. g.* Take a grain of Wheat, divide it into two parts, each part has still *Solidity, Extension, Figure,* and *Mobility*; divide it again, and it retains still the same qualities; and","]he Zenith of th~e Place where I fit, and<br />another Line towards the Nadir, and there~<br />opp~osite Lines may be extended, as many<br /><br />Millons f Egl// IDilies, as there are Par-<br /><br />ticle s f Sand in the S~ea; andc when all that<br />Extentio4, in. Number of M~iles, is made a<br />deteprmined Difiianc, Ylet: to",N,3
112318,1399700500,113374,113672,0.443,531,220627,220817,A48874,5,top151-1000,top70-80,"ses. *v. g.* Take a grain of Wheat, divide it into two parts, each part has still *Solidity, Extension, Figure,* and *Mobility*; divide it again, and it retains still the same qualities; and","a~nd more neceffar<br />to human happinels.<br /><br />There are two methods ·of breeding silk-<br /><br />w~orms 3 forr they m-ay be left to grow, and re--<br />mnai-n at liberty upon the· trees where they are:<br />hatched; or they may be kept in a place buikt<br />fo~r that purpose,. and2 fetd ev7ery day wit~hfreihl<br />leaves. The Brrit",N,3
113973,0759701200,660418,660733,0.442,531,220627,220817,A48874,5,top151-1000,top70-80,"ses. *v. g.* Take a grain of Wheat, divide it into two parts, each part has still *Solidity, Extension, Figure,* and *Mobility*; divide it again, and it retains still the same qualities; and","of gra-<br />vitation in fluids, by which all the parts of them exerting an<br />equal prefiure upon one another, the equilibrium of the whole<br />mass is maintained.<br /><br />Ver. i. indd fiaid, Hitherto, &c.1 What a fiblime con-<br />ception does this c(mmiand give us of the power and majesty<br />of that Being who fpcaks itc!<br /><br />Ver. i 2-15. In",N,5
120050,0750800302,192076,192497,0.44,531,220627,220817,A48874,5,top151-1000,top80-90,"ses. *v. g.* Take a grain of Wheat, divide it into two parts, each part has still *Solidity, Extension, Figure,* and *Mobility*; divide it again, and it retains still the same qualities; and","be kept always open and unembarraffed. It is an established rule, that<br />a general flould never think of forming a second or a third parallel, to<br />advance nearer the body of the place, till the first is entirely perfeCted<br />and established, and the magazines of the trenches placed within reach<br />of the zigzags, which are pushed on to form the second and third<br />parallel, the means of arriving at the body of the place, are well",N,3
126212,0219001500,4154,4497,0.439,531,220627,220817,A48874,5,top151-1000,top80-90,"ses. *v. g.* Take a grain of Wheat, divide it into two parts, each part has still *Solidity, Extension, Figure,* and *Mobility*; divide it again, and it retains still the same qualities; and","from a higher point, pull the<br />point of the fock and coulter more in-<br />to the ground; and the reverse method<br />of altering the imuzzle is to be taken,<br />if the plow hath too much yerd.<br /><br />If the variations that theef holes<br /><br />make<br /><br />(6)<br />make are not Ifuifcient for adjusting the<br />plow as to the ycrd, heat the beam as<br />before dire&ed; and, if the plow hath",N,3
130070,0469800401,1112200,1112508,0.437,531,220627,220817,A48874,5,top151-1000,top80-90,"ses. *v. g.* Take a grain of Wheat, divide it into two parts, each part has still *Solidity, Extension, Figure,* and *Mobility*; divide it again, and it retains still the same qualities; and","inches, and the breadth of five inches: And if hluci fayvcs fiall be less than whicl, if lers.<br />forty-two inches in length and four inches in breaddr, or iing'les less than to be.burat=.<br />eighteenliiiches in length and five inches in bread-h, tlhat then such fltacs<br />or fhinglcs P;all be burned and destroyed by",N,3
130358,0365500800,25740,26079,0.437,531,220627,220817,A48874,5,top151-1000,top80-90,"ses. *v. g.* Take a grain of Wheat, divide it into two parts, each part has still *Solidity, Extension, Figure,* and *Mobility*; divide it again, and it retains still the same qualities; and","some Dif/inStion<br />may be made, as you may fee by what follows; for<br />Roc and Roche ate properly such Rocks as grow on<br />the Land; and Rochers such as grow in the Sea,<br />according to the Definition of MessS de Trevoux.<br /><br />34. Roc is a Mass of Free-flone, or Rock, that<br />nay be hewn, but is very hard. Ex.<br /><br />Cette Ville eft diffcile a affieger, tout le",N,2
137805,0350000102,1215763,1216067,0.435,531,220627,220817,A48874,5,top151-1000,top80-90,"ses. *v. g.* Take a grain of Wheat, divide it into two parts, each part has still *Solidity, Extension, Figure,* and *Mobility*; divide it again, and it retains still the same qualities; and","d. and then to value of 8 d.<br />it is grand larciny, if put to-<br />gether in one inditment. 531<br />If goods be flolen at ievcral times<br />from several persons, and each<br /><br />6 U apart<br /><br />apart under value, fevcral petit Co7nmmon /Ia in and after E. 3. re<br />larcinies, tho in one indlicltment. ccived a greater perfecAion, nc",N,3
0,0319601500,751361,751776,0.93,574,589956,590151,A48874,4,top151-1000,top5,"en judge of the most considerable *Moral Good* or *Evil* of their Actions; that is, whether as *Duties, or Sins,* they are like to procure them happiness, or misery, from the hands of the ALMIGHT",to do evil or negleEt duty is not at once rctrained;<br />they have performed many useful services; the useful<br />will baliance the useless; the outwardly good excuse<br />the bad a large number of improper actions they have<br />willinly forgotten; betides a merciful God will not<br />severely treat his erring and offending creatures. Thus<br />they persuade themselves that the criminal part of their<br />conduct is not very odious and faulty;,T,6
1,1068300900,1611,1975,0.925,574,589956,590151,A48874,4,top151-1000,top5,"en judge of the most considerable *Moral Good* or *Evil* of their Actions; that is, whether as *Duties, or Sins,* they are like to procure them happiness, or misery, from the hands of the ALMIGHT","from, and the Good they do, be<br />owing to a Sense of Duty to God, and a View<br />to a future Reward in the next World, or only<br />to the Fear of Man, and the avoiding of Shame<br />and Reproach in this: ""Whether, in attending<br />to the Business of their Station, they act under<br />a Sense of Duty to God who has placed them in<br />it, or have no higher Motive or Aim, than the<br />carrying on",M,5
2,0139800302,173564,173908,0.923,574,589956,590151,A48874,4,top151-1000,top5,"en judge of the most considerable *Moral Good* or *Evil* of their Actions; that is, whether as *Duties, or Sins,* they are like to procure them happiness, or misery, from the hands of the ALMIGHT",". Or,<br />secondly, the good which they do, is by<br />such of their actions as are in their nature<br />good, lawful and right, externally con-<br />fidered; not by their wicked and un-<br />righteous deeds. Or, lastly, they may do<br />good to the world by serving as examplcs<br />and warning to it, of the fhamc and misery<br />which are the natural confcqucnce of vice<br />and folly",T,6
3,0124200102,1178950,1179293,0.914,574,589956,590151,A48874,4,top151-1000,top5,"en judge of the most considerable *Moral Good* or *Evil* of their Actions; that is, whether as *Duties, or Sins,* they are like to procure them happiness, or misery, from the hands of the ALMIGHT","and according to their ditiercnt works to reward or puiilh them for<br />them; as impollible as it is for the dilftrence of Good and Evil to cease, iand<br />for impiety to become acceptable in the light of God; lastly, as impolfible as it<br />is for lincerity and innocence of life, to fail ofprocuring true peace of' mind<br />or wickedneis, of cauing horrOurs",T,6
4,0679501601,558454,558820,0.914,574,589956,590151,A48874,4,top151-1000,top5,"en judge of the most considerable *Moral Good* or *Evil* of their Actions; that is, whether as *Duties, or Sins,* they are like to procure them happiness, or misery, from the hands of the ALMIGHT","ing; nor do they think Justice, Temperance,<br />and Chastity to be Vices, but great Evils, as<br />contrary to their Gain or Pleasure, which is<br />to call that which is morally Good, Evil, and<br />that which is morally Evil, Good.<br /><br />2. Besides this, the better to excuse them-<br />selves from the Shame and Reproach of such<br />Actions (which will be always infamous,<br />when they have done and",T,6
187,1754600102,696304,696688,0.888,574,589956,590151,A48874,4,top151-1000,top0-10,"en judge of the most considerable *Moral Good* or *Evil* of their Actions; that is, whether as *Duties, or Sins,* they are like to procure them happiness, or misery, from the hands of the ALMIGHT","judgment of God, (that<br /><br />they who commit such things are worthy of<br /><br />death) not only do the fame, but have plea/ure in them that<br />do them.<br /><br />Mean while this Dislike of other People's Wicked-<br /><br />ness, though common to all who are truly good,<br />must be content with such Expressions, and outward<br />Indications, as are proper and pradicable. Where<br />Circumitances will bear it, Reproof, Friendly Ad-",T,6
1104,0609401400,206632,206968,0.87,574,589956,590151,A48874,4,top151-1000,top0-10,"en judge of the most considerable *Moral Good* or *Evil* of their Actions; that is, whether as *Duties, or Sins,* they are like to procure them happiness, or misery, from the hands of the ALMIGHT","them to Repentance or, if they<br />very bad, to be employ'd as God's Scourg<br />to Mankind, and Initruments in the Exe<br />tion of his Judgments upon them. Th<br />for these, or other just Ends of his Proi<br />dence, God does not always make goo<br />these Promises and Threats in kind, yet th<br />hold as other Temporal Promises and Thre<br />do, and ought to be Motives",N,5
1133,0413100400,22535,22928,0.87,574,589956,590151,A48874,4,top151-1000,top0-10,"en judge of the most considerable *Moral Good* or *Evil* of their Actions; that is, whether as *Duties, or Sins,* they are like to procure them happiness, or misery, from the hands of the ALMIGHT","to perform with<br />exacnefs certain duties of society; and enjoins<br />these duties too, not merely on account of their<br />relative and moral fitness, but it enjoins them to<br />be performed through devotion to GOD, through<br />faith in Christ, through the help of the Holy<br />Spirit, to be obtained by the appointed means.<br />Thisfort of moralityis the more mischievous, as<br />' it seduces even the worthy and the good,",M,6
1843,0631200105,370060,370393,0.864,574,589956,590151,A48874,4,top151-1000,top0-10,"en judge of the most considerable *Moral Good* or *Evil* of their Actions; that is, whether as *Duties, or Sins,* they are like to procure them happiness, or misery, from the hands of the ALMIGHT","verné<br />par un être qui veut invariablement le bien<br />tout n'eff pas bien: ils ont dit que c'étoient<br />nos crimes qui forçoient Dieu à nous punir<br />mais alors Dieu n'ef plus immuable; à<br />moins qu'on ne mette l'être fuprême dans<br />la claffe de ces fouverains pontifes qui vio-<br />lent leurs filles, qui empoifonnent les pré-<br />tres, qui détrônent les",T,5
2277,0170400201,153809,154200,0.861,574,589956,590151,A48874,4,top151-1000,top0-10,"en judge of the most considerable *Moral Good* or *Evil* of their Actions; that is, whether as *Duties, or Sins,* they are like to procure them happiness, or misery, from the hands of the ALMIGHT","eived, what<br />sentiments they must have of future rewards and<br />punishments. They have only a few faint glim-<br />merings of the moral virtues, and vices; so that<br />some things appear good and others evil, without<br />any reflection, and though they enjoyed the na-<br />tural light of reason, and that divine grace<br />which was given to all without diflincion; yet<br />the former was so weak, and the latter so litr!",T,6
3669,0126300103,108784,109181,0.854,574,589956,590151,A48874,4,top151-1000,top10-20,"en judge of the most considerable *Moral Good* or *Evil* of their Actions; that is, whether as *Duties, or Sins,* they are like to procure them happiness, or misery, from the hands of the ALMIGHT","-<br />cerned to mortifie them, provided they do in general<br />perform the positive part of the Divine Laws. Hence<br />they proceed to aftert, that there is an unchangeable<br />decree of their designation to eternal Life) and that<br />the love and favour of God is so sure to them, that<br />nothing which they have a mind to do, can forfeit it,<br />or separate them from it. And so they come at last<br />to fettle in this opinion",T,6
5788,0178700200,69036,69451,0.847,574,589956,590151,A48874,4,top151-1000,top10-20,"en judge of the most considerable *Moral Good* or *Evil* of their Actions; that is, whether as *Duties, or Sins,* they are like to procure them happiness, or misery, from the hands of the ALMIGHT","are severally the<br />immediate attendants of virtue and vice;<br /><br />WE know, that the supreme Governour of<br />the universe has placed mankind here in a state<br />of trial and discipline, subjeE to his laws and<br />authority; that he is to bring them to judgment<br />hereafter, when without respect of persons he<br />will reward or puni(h us, according as we have<br />observed or negleted the duties of natural re-<br />ligion.<br /><br />AND as for those reward",M,6
7014,0105700200,409143,409517,0.844,574,589956,590151,A48874,4,top151-1000,top10-20,"en judge of the most considerable *Moral Good* or *Evil* of their Actions; that is, whether as *Duties, or Sins,* they are like to procure them happiness, or misery, from the hands of the ALMIGHT","pro-<br />pitiation for their fins. Well doing is the .re-<br />itoration of the image of God on our fouls, and<br />renders us like God who is good and does good,<br />who is glorious in holiness, and of purer eyes<br />-than to behold iniquity without abhorrence and<br />detestation; well doing makes us in our measure<br />also resemble the Son of God, who when he was<br />pleased to take our nature upon him,",M,6
7168,0076900100,236051,236471,0.844,574,589956,590151,A48874,4,top151-1000,top10-20,"en judge of the most considerable *Moral Good* or *Evil* of their Actions; that is, whether as *Duties, or Sins,* they are like to procure them happiness, or misery, from the hands of the ALMIGHT","influenced in the choice of a<br />conduct by different inducements, the moralist must<br />omit no motive, however Subordinate in its nature,<br />while it appears likely to lead some among mankind to<br />a laudable, or even a blameless behaviour. A regard to<br />ease, to interest, and to success, in the usual pursuits of<br />wealth and ambition, may induce many to pursue an<br />honest and honourable conduct, who would not have<br />been influenced by",T,6
8406,1700000115,2717783,2718165,0.841,574,589956,590151,A48874,4,top151-1000,top10-20,"en judge of the most considerable *Moral Good* or *Evil* of their Actions; that is, whether as *Duties, or Sins,* they are like to procure them happiness, or misery, from the hands of the ALMIGHT","of making themselves as<br />happy as they can, and whatever rules<br />are by their nature and constitution made<br />neceffory for them to obrlerve, in order to<br />obtain the greatest good, are the law of<br />their nature, And there rules confilt, firit,<br />an piety and rev~erence towards God, who<br />is the maker and dirpofer of all things -<br />recondly, in juffice and benevolence to~<br />wards one anosher ; or,",M,6
9785,1208500200,27107,27468,0.839,574,589956,590151,A48874,4,top151-1000,top20-30,"en judge of the most considerable *Moral Good* or *Evil* of their Actions; that is, whether as *Duties, or Sins,* they are like to procure them happiness, or misery, from the hands of the ALMIGHT","or Injustice, they can look back upon<br />the like in the Holy one and bess beloved of<br />God: and fee and reft upon, not only a Promise of<br />Reward, but this exemplified in such an inflance, as<br />(confidering the publick Character he fufRained) is a<br />sure pledge and earnest of their hopes, and in the<br />contemplation of His Glories, presents them with a<br />prospect of their O",T,6
11093,0225100700,45868,46279,0.836,574,589956,590151,A48874,4,top151-1000,top20-30,"en judge of the most considerable *Moral Good* or *Evil* of their Actions; that is, whether as *Duties, or Sins,* they are like to procure them happiness, or misery, from the hands of the ALMIGHT","greatest favour God could do to them never to have brought<br />them into being. But then to think they are not b'evond the power of<br />redress and recovery, and that that great punilhment they ihall undergo in<br />the end of this world, may contribute much thereto, and yet to imagine<br />they shall for all this their better disposition be f'ill kept in it for ever and<br />ever, is to fix so harsh a note upon the'mercy and equi",T,6
11718,0927700600,43950,44313,0.835,574,589956,590151,A48874,4,top151-1000,top20-30,"en judge of the most considerable *Moral Good* or *Evil* of their Actions; that is, whether as *Duties, or Sins,* they are like to procure them happiness, or misery, from the hands of the ALMIGHT","in a well-defigned wish, which<br />can do them no harm, and that is, That inflead of being offended,<br />their consciences may fall under the authority of God's ,word unto<br />serious awful convictions of the great danger that lies in a resolved<br />oppolition to the proper Deity of our only Saviour; and that they<br />may find him a better Saviour to theif-lves, than their notions",T,6
12057,0323400400,70844,71191,0.835,574,589956,590151,A48874,4,top151-1000,top20-30,"en judge of the most considerable *Moral Good* or *Evil* of their Actions; that is, whether as *Duties, or Sins,* they are like to procure them happiness, or misery, from the hands of the ALMIGHT","lightned to fee the<br />dreadful Evil of Sin, and the Divine<br />Beauty of Holiness. Their Wills are<br />turned from Folly and Vanity, from<br />thle Love of Earth, and Sense, and Sin,<br />to a holy Contempt of the World,<br />and a Hatred of all that is sinful; from<br />a Neglect of Religion to Desires after<br />God, and a Delight in him; from a<br />meer formal Profeflion of the Go",T,5
14617,0959700300,179773,180147,0.831,574,589956,590151,A48874,4,top151-1000,top20-30,"en judge of the most considerable *Moral Good* or *Evil* of their Actions; that is, whether as *Duties, or Sins,* they are like to procure them happiness, or misery, from the hands of the ALMIGHT","pleasing than what is allowed, Prov. ix. 17,j8. They<br />will therefore rather venture, the eternal ruin of their<br />fouls, than come out fromamong them and forego these.<br /><br />2. Even lawful pleasures fetter them, and hlul them<br />asleep among them, Luke xvii. 27. One may abide<br />within the boundaries of lawftul things, and yet have<br />the heart so bewitched with them, that they may<br />prove e",N,5
17880,0463902200,102064,102467,0.828,574,589956,590151,A48874,4,top151-1000,top30-40,"en judge of the most considerable *Moral Good* or *Evil* of their Actions; that is, whether as *Duties, or Sins,* they are like to procure them happiness, or misery, from the hands of the ALMIGHT","most powerfully tend to mend the morals<br />of the Poor, and restore peace to their minds. When,<br />by rendering it evidently impossible for them to<br />escape dete&ion, they are brought to give up all<br />thoughts of cheating and deceiving; they will then<br />be capable of application, and of enjoying real hap-<br />piness, and, with open and placid countenances,<br /><br />will<br /><br />will look every one full in the face who accosts<br />them",N,5
19682,1150400900,528914,529306,0.826,574,589956,590151,A48874,4,top151-1000,top30-40,"en judge of the most considerable *Moral Good* or *Evil* of their Actions; that is, whether as *Duties, or Sins,* they are like to procure them happiness, or misery, from the hands of the ALMIGHT","but the power of doing good, of conferring real and<br />solid benefits upon mankind. And surely, while the<br />only end for which greatness and authority are desired,<br />is publick good, those desires are at least lawful, and<br />perhaps worthy ofapplaufe; they are certainly law-<br />ful, if he th.it entertains them has, by a long and di-<br />ligent examination of his own heart, an examination<br />fcrious and sincer",T,6
19748,0051500301,66819,67190,0.826,574,589956,590151,A48874,4,top151-1000,top30-40,"en judge of the most considerable *Moral Good* or *Evil* of their Actions; that is, whether as *Duties, or Sins,* they are like to procure them happiness, or misery, from the hands of the ALMIGHT","be diflerent moral obligations, and nothir.<br />could be right or good in their behaviour, but wha<br />began then to be right and good, because they the<br />began to exist in such a fIate and condition of lift<br />A\nd a thieil state and condition could have no o!he<br /><br />cG1`<br /><br />r 39 ]<br />cause or rcafol) of its exiftencc, but the sole will of<br />God: so lle cause and reason of right and wrong in",T,6
20595,0612700100,171638,172022,0.825,574,589956,590151,A48874,4,top151-1000,top30-40,"en judge of the most considerable *Moral Good* or *Evil* of their Actions; that is, whether as *Duties, or Sins,* they are like to procure them happiness, or misery, from the hands of the ALMIGHT","and attribute them to unjust Mo-<br />tives ; and who are indefatigable, in seeking out<br />all possible Ways, that can make Charity impa-<br />tient, merely for the hideous Pleasure of having got<br />the better of her, that they may have a Right to<br />infuit her after having made her weak. It does<br />not often happen, that the Devil finds People<br />so very fit to serve his Turn: But he is never<br />without an e",N,5
23148,0880001300,29445,29794,0.822,574,589956,590151,A48874,4,top151-1000,top30-40,"en judge of the most considerable *Moral Good* or *Evil* of their Actions; that is, whether as *Duties, or Sins,* they are like to procure them happiness, or misery, from the hands of the ALMIGHT",", when they fland in Competition with pre-<br />sent Interest and Power: Which indulges Men mn a Life<br />of Loosene(s and Senfualiy , changing or reverting all<br />the Sanctions of the Gospel; and evacuating the utmost<br />Force of them, by accepting, infead ofconPtant Holiness<br />of Life, an easy Penance; and for the eternal Punish-<br />ments of another World, denounc'",N,5
26728,0679301400,5929,6263,0.819,574,589956,590151,A48874,4,top151-1000,top40-50,"en judge of the most considerable *Moral Good* or *Evil* of their Actions; that is, whether as *Duties, or Sins,* they are like to procure them happiness, or misery, from the hands of the ALMIGHT","can to ourselves.<br /><br />But Calumny and Reproach, indiscriminately beftow'd<br />on the worst and the most virtuous Deeds, and all the nu-<br />merous Train of-bad Consequences, which (whether pe-<br />culiar to it, or not,) from the Degeneracy of Mankind<br />have Place in Society, it must be own'd, are really Evils.<br />And the Gospel, which is throughout the",T,6
27842,0414800801,558277,558683,0.819,574,589956,590151,A48874,4,top151-1000,top40-50,"en judge of the most considerable *Moral Good* or *Evil* of their Actions; that is, whether as *Duties, or Sins,* they are like to procure them happiness, or misery, from the hands of the ALMIGHT","wicked prosper, and the virtuous<br />miscarry, may doubtless be good,<br />because it is a juR representation<br />of the common events of human<br />life; but since all reasonable be-<br />ings naturally love justice, I can-<br />not easily be persuaded, that the<br />observation ofjuftice makes a play<br />the worse, or, that if other excel-<br />lencies are equal. the audience<br />will not always rife better plea!ed<br />from the final triumph of perse",N,5
31663,0251900200,14862,15223,0.816,574,589956,590151,A48874,4,top151-1000,top40-50,"en judge of the most considerable *Moral Good* or *Evil* of their Actions; that is, whether as *Duties, or Sins,* they are like to procure them happiness, or misery, from the hands of the ALMIGHT","deny them Assistance, behold<br />their miseries and calamities, pass by them and regard them<br />not. Such persons are a Scandal to Humane Nature, moil<br />unlike unto God, Enemies to the common Good and Interest,<br />live and die covetous Wretches, and are carried to their Graves<br />with an odious and infamous Character. Thus having laid<br />down some Rules for thc securing a Good",T,6
33969,1496502200,295210,295574,0.814,574,589956,590151,A48874,4,top151-1000,top40-50,"en judge of the most considerable *Moral Good* or *Evil* of their Actions; that is, whether as *Duties, or Sins,* they are like to procure them happiness, or misery, from the hands of the ALMIGHT","extends not only over their lives and pro-<br />perty, but likewise over their consciences; of which,<br />as representative of their holy prophet Mahomet,<br />he is the spiritual direc&or. The people are edu-<br />cated from their infancy in the notion, that to die by<br />the command of the emperor, confers an undoubt-<br />ed right to the joys of Paradise; and the honour<br />to be dispatched",N,5
34352,1755400300,1266771,1267151,0.814,574,589956,590151,A48874,4,top151-1000,top40-50,"en judge of the most considerable *Moral Good* or *Evil* of their Actions; that is, whether as *Duties, or Sins,* they are like to procure them happiness, or misery, from the hands of the ALMIGHT","s therein unto them, and yet they not perceive it,<br />which will happen from falling from the Law of God,<br />by neglea of fulfilling of the Law of God, and by<br />winking at their fins; yet, in the end, God to julfifie<br />his Law, shall suddenly cut off this Society even by the<br />hands of those who have most succoured them, and made'<br />use of them; so that at the end they shall become odious<br />to",T,5
41634,1338100400,337904,338280,0.81,574,589956,590151,A48874,4,top151-1000,top50-60,"en judge of the most considerable *Moral Good* or *Evil* of their Actions; that is, whether as *Duties, or Sins,* they are like to procure them happiness, or misery, from the hands of the ALMIGHT","notions we naturally like:<br />Sinners would have God like themf~eives, taking<br />pleasure in wickednels; or els~e they would<br />flatter themselves, that if he cannot approve of'<br />fin, yet that: he will overlook it, and has to<br />much pity and mercy that he will· not take vene<br />geance on them for following their natural in-<br />cliniations, by which they do him no hurt.<br />And to many things are",M,6
44481,1470801800,5499,5889,0.808,574,589956,590151,A48874,4,top151-1000,top50-60,"en judge of the most considerable *Moral Good* or *Evil* of their Actions; that is, whether as *Duties, or Sins,* they are like to procure them happiness, or misery, from the hands of the ALMIGHT",".<br /><br />Mankind, are naturally capacitated for moral agency;<br /><br />and, those who have arrived to years of dikcretion, have:<br />commenced moral agents. They are already poifeffed of<br />moral principles, and moral amions. Moral principles, I<br />fuppole, consist of these four, love and hatred, hope and<br />fear. These principles are common to all men. These<br />are the main s~prings, which excite anld induce them to",T,6
45729,1180301000,21335,21726,0.807,574,589956,590151,A48874,4,top151-1000,top50-60,"en judge of the most considerable *Moral Good* or *Evil* of their Actions; that is, whether as *Duties, or Sins,* they are like to procure them happiness, or misery, from the hands of the ALMIGHT","of divine benevolence.<br /><br />C 2 But<br /><br />But the evil, now under consideration, ex-<br />tends much farther than to the illiterate In-<br />dians ;-and though the present purpose will<br />not admit of pursuing it, it may be of use to<br />observe in general, that a want of conformity<br />to the docrines of the gospel in the behaviour<br />of those, among whom it hath already been<br />received, is not only one of the greatest im",T,5
47347,1624900500,27757,28151,0.806,574,589956,590151,A48874,4,top151-1000,top50-60,"en judge of the most considerable *Moral Good* or *Evil* of their Actions; that is, whether as *Duties, or Sins,* they are like to procure them happiness, or misery, from the hands of the ALMIGHT",", Justice in your Dealings, and charitable<br />Distributions (both which God hath so often<br />required in his Word, and made the Conditions<br />of your Salvation) plainly proceeds from<br />loving and coveting the World, more than<br />desiring to please God, or save your Souls:<br />as, on the contrary, the due Performance of<br />them is a comfortable Evidence, that your<br />design to Honour and Please God, and to Pro-<br />cure",M,6
48452,0886200800,204697,205083,0.806,574,589956,590151,A48874,4,top151-1000,top50-60,"en judge of the most considerable *Moral Good* or *Evil* of their Actions; that is, whether as *Duties, or Sins,* they are like to procure them happiness, or misery, from the hands of the ALMIGHT","they have an extended<br />Power of doing Good, and<br />are only restrained from<br />doing Evil. A Power to<br />do Evil has another Origi-<br />nal; God is essentially<br />Good, and does Good to<br />all. Our Conflitution<br />makes our Princes likeGod,<br />when they are Good we<br />rejoice in them, and bless<br />God for them: When it is<br />otherwise, the preserving<br />our Constitution will fe-<br />cure us in all Events. -<br />Thebetraying ones",T,5
49512,1285200600,80956,81349,0.805,574,589956,590151,A48874,4,top151-1000,top60-70,"en judge of the most considerable *Moral Good* or *Evil* of their Actions; that is, whether as *Duties, or Sins,* they are like to procure them happiness, or misery, from the hands of the ALMIGHT","Are<br /><br />E z they<br /><br />they in the higher stations of society ? They resolve to be<br />blessings to inferiors, by imitating their heavenly father,<br />in goodness to all, compassion to the distresscd, liberality<br />to the poor, and justice to the injured and oppressed.<br />Are they in the humbler fiations of life ? They devote<br />themfclves to the service of God, in a conscientious and<br />exemplary subjection to fuperi",T,5
51209,0116200102,394369,394737,0.804,574,589956,590151,A48874,4,top151-1000,top60-70,"en judge of the most considerable *Moral Good* or *Evil* of their Actions; that is, whether as *Duties, or Sins,* they are like to procure them happiness, or misery, from the hands of the ALMIGHT","increase the Cause<br />of them, and to render those less favourable,<br />whose Good-Will to them- ihould 'rather<br />be cultivated, than lessened, by all honest<br />Arts. And to wate their Spirits, in secret<br />'Repinings, is to lavilh away those Re-<br />sources of Comfort which are so necessary<br />to support them in their greateRt De-<br />jetions. If they cannot pra&ise the Duties<br />peculiarly ar",N,5
56562,1078200500,47804,48136,0.802,574,589956,590151,A48874,4,top151-1000,top60-70,"en judge of the most considerable *Moral Good* or *Evil* of their Actions; that is, whether as *Duties, or Sins,* they are like to procure them happiness, or misery, from the hands of the ALMIGHT",".nd they think the fame<br />things that God thirks, and !imhnit to God in their<br />ways. They look upon these .iworkings, as their per-<br />fetion and justification; and this i; Christ within them.<br /><br />"" But we are not saved by Chri j!. working in us, and<br />""making us obedient to his Father': holy will ; but we<br />"" are aved by the righteoufilefs cf",T,6
57326,0020600101,591,905,0.802,574,589956,590151,A48874,4,top151-1000,top60-70,"en judge of the most considerable *Moral Good* or *Evil* of their Actions; that is, whether as *Duties, or Sins,* they are like to procure them happiness, or misery, from the hands of the ALMIGHT","MORALITY, or DECENCY,,<br /><br />but<br />capable of inspiring Sentiments of<br />PIETY,.DUTY, and VIRTUE;.<br /><br />is presented by Him<br />who sincerely wishes to fee her.<br /><br />YOUTHFUL MIND<br />tincured with'as few<br />FASHIONABLE FOLLIES<br /><br />as may be:<br />And,. when Time Ihall have given.<br /><br />Maturity to her Judgement,<br /><br />that<br />those few may be banihed for ever,,",N,5
60391,1344300500,8711,9095,0.8,574,589956,590151,A48874,4,top151-1000,top60-70,"en judge of the most considerable *Moral Good* or *Evil* of their Actions; that is, whether as *Duties, or Sins,* they are like to procure them happiness, or misery, from the hands of the ALMIGHT","~2<br /><br />should be sound, every way accomplished,<br />in the exercise of that virtue, which is the<br />distinguishing mark of their profession.<br /><br />A love of pleasure, as well as of gain,<br /><br />stands much in the way of charity, and<br />is unfriendly to it's cause. The cries of<br />the poor will be heard but seldom, when<br />.our appetites and desires are loud and<br />clamorous for their gratification. He who<br />is subje",N,5
70518,0537701402,78070,78470,0.796,574,589956,590151,A48874,4,top151-1000,top70-80,"en judge of the most considerable *Moral Good* or *Evil* of their Actions; that is, whether as *Duties, or Sins,* they are like to procure them happiness, or misery, from the hands of the ALMIGHT","and evil,<br />to which the Creator himself in all his dispensations<br />..conforms; and which hehas enabled human reason to<br />discover, so far as they are necessary for the condut of<br />human aAions. Such, among others, are these princi-<br />ples; that we should live honestly, should hurt nobody,<br />and should render to every one his due; to which three<br />general precepts juJlinmian has reduced the whole<br />dofrine of law",M,6
71242,0409700201,38078,38456,0.796,574,589956,590151,A48874,4,top151-1000,top70-80,"en judge of the most considerable *Moral Good* or *Evil* of their Actions; that is, whether as *Duties, or Sins,* they are like to procure them happiness, or misery, from the hands of the ALMIGHT","with Adam and Heva,<br />is the remorse of their own consciences for having disobeyed the divine command: the thun-<br />der continuing, they leave Paradise in a fright; dare not return; find it necessary to toil for<br />their bread on the common earth: the woman feels the sorrows of breeding, and the pangs of<br />child-bearing; both are liable to misfortune, maladies, and death :-And all this",T,6
72024,0652600900,14808,15157,0.796,574,589956,590151,A48874,4,top151-1000,top70-80,"en judge of the most considerable *Moral Good* or *Evil* of their Actions; that is, whether as *Duties, or Sins,* they are like to procure them happiness, or misery, from the hands of the ALMIGHT","refpets, brings, along with<br />it its own reward, and vice its own punishment.<br />Thus it is, that God rewards temperance, indus-<br />try, economy, and every species of virtuous ac-<br />tioniwith health and strength of mind, with rich-<br />es, honour, and other difincions; and punishes<br />cTefs, negligence, prodigality, and all forts of<br />vice, with bodily and mental we",T,6
81639,0097700506,141409,141753,0.792,574,589956,590151,A48874,4,top151-1000,top70-80,"en judge of the most considerable *Moral Good* or *Evil* of their Actions; that is, whether as *Duties, or Sins,* they are like to procure them happiness, or misery, from the hands of the ALMIGHT","lo tuo amico, anzi pecchi più grave-<br />mente, se pecchi per altrui che per te. E soii-<br />gliantemente chi aiuta lo malfattore a malfare<br />tanto più grievemente pecca, che s'egli pec-<br />casse per se medesimo, e spezialmente di sozzo<br />peccato; chè Seneca disse: Peccare per altrui<br />in sozza cosa, sì è come abbandonare Iddio due<br />fiate: dunque a diritto dei",T,5
82776,0344800602,231417,231751,0.792,574,589956,590151,A48874,4,top151-1000,top70-80,"en judge of the most considerable *Moral Good* or *Evil* of their Actions; that is, whether as *Duties, or Sins,* they are like to procure them happiness, or misery, from the hands of the ALMIGHT","ue note d'in-<br />famie, non plus que les battoges. Il<br />n'est pas rare de rencontrer des gens<br />qui, aprés avoir subi ces peines , par-<br />viennent à des postes d'honneur et de<br />confiance. Si l'on vient à le leur repro-<br />cher, ils répondent sans se décontenan-<br />cer, qu'ils ont enduré cela pour leurs<br />péchés qui avaient irrité Dieu et le Zar,<br />quoi",N,5
85844,0267101001,52833,53201,0.791,574,589956,590151,A48874,4,top151-1000,top80-90,"en judge of the most considerable *Moral Good* or *Evil* of their Actions; that is, whether as *Duties, or Sins,* they are like to procure them happiness, or misery, from the hands of the ALMIGHT","every one that<br />""doeth evil;"" upon every vice, every immorality,<br />every crime against the Law of Nature; as far as<br />it may have a pernicious effec& upon Civil Society,<br />and as far as it can come under his Cognisance. The<br />Legifative Power is the only proper judge to deter-<br />mine, what vices are so pernicious to Civil Society,<br />as not to be safely overlooked; and what vices",T,5
89966,0233000101,727048,727447,0.789,574,589956,590151,A48874,4,top151-1000,top80-90,"en judge of the most considerable *Moral Good* or *Evil* of their Actions; that is, whether as *Duties, or Sins,* they are like to procure them happiness, or misery, from the hands of the ALMIGHT","for which they may become faints in heaven; this is that<br />they have pracifcd. If there had been nothilg of this in<br />this kiligdom, or other parts of the world, it would be a<br />hard thing to impose it upon them, but they ought not to<br />complain, when so many instances are against them.<br />Therefore discharge your consciences as you ought to do; if<br />guilty let himn take the reward of his crime, and you Ihall",N,5
92575,0251501100,21715,22106,0.789,574,589956,590151,A48874,4,top151-1000,top80-90,"en judge of the most considerable *Moral Good* or *Evil* of their Actions; that is, whether as *Duties, or Sins,* they are like to procure them happiness, or misery, from the hands of the ALMIGHT",", or that the IKnowledge<br />of Good and Evil would be criminal<br />or hurtful. But what is this to the<br />Purpose? Supposing they could not<br />.naturally know that the Fruit of a<br />Tree could inspire Knowledge, or that<br />the Knowledge of Good and Evil<br />would be hurtful (I omit criminal as<br />an impertinent Epithet in this Place *)<br />* It was the inordinate Desire of this Knowledge,<br />and the Aaion done to acquire",T,6
92846,1670300300,315287,315680,0.788,574,589956,590151,A48874,4,top151-1000,top80-90,"en judge of the most considerable *Moral Good* or *Evil* of their Actions; that is, whether as *Duties, or Sins,* they are like to procure them happiness, or misery, from the hands of the ALMIGHT","maliciousness, Sc. And,<br />that knowing the judgment of God, that<br />they which commit such things are worthy<br />of death, not only do the jame, but have<br />pleasure in them that do them.<br /><br />These are Fa&s which stand not upon<br /><br />the single Authority of Scripture, but<br />upon the Testimony of all ancient Wri-<br />ters. Much of them we fee daily among<br />ourselves, notwithstanding the Advan-<br />tages of the Gospel Light",N,5
97508,1649901100,90429,90799,0.787,574,589956,590151,A48874,4,top151-1000,top80-90,"en judge of the most considerable *Moral Good* or *Evil* of their Actions; that is, whether as *Duties, or Sins,* they are like to procure them happiness, or misery, from the hands of the ALMIGHT","own Righteousness,<br />by refiing on your own Performances and Attain-<br />aents. But moreover they learn People unto an<br />Abnegation or Denial of the Priestly Ofice of Christ,<br />by setting up other Interceffors or Mediators beside<br />him, as Angels or Saints. They fay that as we<br />cannot have immediate Access unto an earthly<br />King without his Courteours, so we are to judge the<br />like in",N,5
0,0689200107,733850,734214,0.897,860,1182420,1182622,A48874,3,top151-1000,top5,"s when our Senses are actually employ'd about any Object, we do know that it does exist; so *by our Memory* we may be assured, that heretofore Things that affected our Senses, have existed. And thus *we","know that it does exist; so by<br />our memory we may be afiured, that heretofore<br />things that affected our senses have exifcd: And<br />thus we have the knowledge of the patl existence<br />of several things, whereof our senses having in-<br />formed us; our memories still retain the ideas; and<br />of this we are pall all doubt, so long as we remember<br />wvell.<br />239. As to the exiJfence of",P,1
1,0787800300,84731,85132,0.881,860,1182420,1182622,A48874,3,top151-1000,top5,"s when our Senses are actually employ'd about any Object, we do know that it does exist; so *by our Memory* we may be assured, that heretofore Things that affected our Senses, have existed. And thus *we","they hold with the things that they repre-<br />sent; and by the accuracy that we observe<br />with regard to all their various and different<br />relations.<br /><br />lo. Whence it is evident, that we can<br />have no true idea of any thing, but what we<br />first perceived by some one or other of the<br /><br />senses.<br /><br />senses. True it is, we may either by ana-<br />logy, composition, or division, frame to our-<br />selves ideas of such things as we",M,1
2,0266500102,4273,4661,0.876,860,1182420,1182622,A48874,3,top151-1000,top5,"s when our Senses are actually employ'd about any Object, we do know that it does exist; so *by our Memory* we may be assured, that heretofore Things that affected our Senses, have existed. And thus *we","our senses, when applied to<br />their proper objects, give us a full convi&ion that<br />these objects antually do exist as our fenles repre.<br />fep' them; if our knowledge here is intuitive,<br />incapable of further proof; if it be the very con-<br />{titution of our nature, that we muff believe we<br />feel these sensations which are excited in our<br />mind by the application of external objets to our<br />senses, and",P,1
5,1282500100,138071,138486,0.866,860,1182420,1182622,A48874,3,top151-1000,top5,"s when our Senses are actually employ'd about any Object, we do know that it does exist; so *by our Memory* we may be assured, that heretofore Things that affected our Senses, have existed. And thus *we","whether the object be perceived by our senses,<br />or whether we only imagine -that we perceive it, then we likewise<br />begin to doubt of its existence.<br /><br />These observations are applicable to memory. I saw a certain<br />objedc some years ago; my remembrance of it is less distinct now<br />than it was the day after I saw it; but I believe the evidence of<br />my memory as much at present as I did then, in regard to all<br />the parts of it",M,1
7,1709700200,302269,302639,0.863,860,1182420,1182622,A48874,3,top151-1000,top5,"s when our Senses are actually employ'd about any Object, we do know that it does exist; so *by our Memory* we may be assured, that heretofore Things that affected our Senses, have existed. And thus *we","upon this<br />Evidence of Sense, that we know and believe the<br />daily Occurrences in human Life; and almost all<br />the Histories of Mankind, that are written by<br />Eye or Ear-Witneffes, are built upon this Prin-<br /><br />ciple. Under the Evidence of Sense we do not only<br />include that Knowledge which is derived to us by<br />our outward Senses of Hearing, Seeing, Feelzng,<br />rafting, and Smelling;",M,1
135,0168200105,53755,54176,0.833,860,1182420,1182622,A48874,3,top151-1000,top0-10,"s when our Senses are actually employ'd about any Object, we do know that it does exist; so *by our Memory* we may be assured, that heretofore Things that affected our Senses, have existed. And thus *we","1794.<br />It has been observed, that our ideas of colours,<br />sounds, tastes, &c. excited by the same object may<br />be very different in themselves, without our being<br />aware of it; and that we may nevertheless converse<br />intelligibly concerning such objects, as if we were<br />certain the impressions made by them on our minds<br />were exactly similar. All, indeed, that is required<br />for this purpose, is, that the same object should<br />uniformly",T,1
1150,0319700103,257948,258387,0.803,860,1182420,1182622,A48874,3,top151-1000,top0-10,"s when our Senses are actually employ'd about any Object, we do know that it does exist; so *by our Memory* we may be assured, that heretofore Things that affected our Senses, have existed. And thus *we","sensations<br />and representations which produce a presentiment<br />are sometimes so obscure and wrapped up in the<br />mind, that we are not conscious of them. The<br />mind, however, draws very exat consequences<br />from them, and the image of the future presents<br />itself clearly enough to convince the mind of it.<br />It then forms conjectures and presages without<br />knowing what led it to do so, and in it astonish-<br />ment takes them for inspiration. This is what<br />we",T,1
1172,0814200300,185145,185551,0.802,860,1182420,1182622,A48874,3,top151-1000,top0-10,"s when our Senses are actually employ'd about any Object, we do know that it does exist; so *by our Memory* we may be assured, that heretofore Things that affected our Senses, have existed. And thus *we","conception<br />of some object, singular or plural, in the mind of the hearer,<br />and that by mere recollection. This is upon a supposition that<br />the hearer knows the meaning of the substantive, before it is<br />mentioned to him; for if he is not supposed to know it, the<br />mentioning of the noun, only raises the conception of a parti-<br />cular found in his mind, or, if the noun be written or printed,<br />of a certain visible",D,1
2171,0169306000,54851,55236,0.791,860,1182420,1182622,A48874,3,top151-1000,top0-10,"s when our Senses are actually employ'd about any Object, we do know that it does exist; so *by our Memory* we may be assured, that heretofore Things that affected our Senses, have existed. And thus *we","entirely passive in the Per-<br />ception of them. Such Images in them seem<br />nothing more than so many Calls of Nature,:<br />which they observe and follow, not by Choice,.<br />but Necessity. Whereas Man has an ative as<br />well as a paflive: Memory He can for the<br />most part recollect, at pleasure, whatever he<br />has seen; and review any of those Objets<br />that have entered in at his Senses; and not only<br />so,",T,1
2784,1560900102,413271,413634,0.786,860,1182420,1182622,A48874,3,top151-1000,top0-10,"s when our Senses are actually employ'd about any Object, we do know that it does exist; so *by our Memory* we may be assured, that heretofore Things that affected our Senses, have existed. And thus *we",",<br />when they are but occasionally presented to<br />our palate.<br /><br />The senses, then, are those organs, by<br /><br />maeans of whi~ch the mind perceives or feels<br />external ob~jeats. They may be clonfidered as<br />the satellites of the minld; and although some·<br />animals enjoy particular senses more acutely<br />than man, yret his senses are more comprehen-<br />five, and he is amply com~pensated",T,1
4654,0968701600,98820,99231,0.774,860,1182420,1182622,A48874,3,top151-1000,top10-20,"s when our Senses are actually employ'd about any Object, we do know that it does exist; so *by our Memory* we may be assured, that heretofore Things that affected our Senses, have existed. And thus *we","but<br />from what we acquire from what we experience of either ; that we can know<br />no more of Matter, its Modifications and the Effects of Body upon Body,<br />but what we discover on Trial, any more than we can have of the Operations<br />of our Minds, our Thoughts, our Will, and Resolutions, how they are<br />agitated and determined, but from what we feel and experience: so that there<br />Sort of .uerics serve to moderate and flo",M,1
7697,1004900203,32651,33039,0.762,860,1182420,1182622,A48874,3,top151-1000,top10-20,"s when our Senses are actually employ'd about any Object, we do know that it does exist; so *by our Memory* we may be assured, that heretofore Things that affected our Senses, have existed. And thus *we","but in common, if people be<br />inclined to do as they are desired, their memories will<br />be sufficiently good not to let them omit it. But no-<br />body will be able to remember what is said, if they<br />will not attend when they are spoken to; but only<br />hear the words of the speaker, as they would those of<br />a parrot, without endeavouring to imprint them on<br />their minds. And whoever does so, loses many",T,1
9498,0656201300,8744,9088,0.756,860,1182420,1182622,A48874,3,top151-1000,top10-20,"s when our Senses are actually employ'd about any Object, we do know that it does exist; so *by our Memory* we may be assured, that heretofore Things that affected our Senses, have existed. And thus *we","de la médiocrité du réfultat.<br /><br />ON a comparé l'efprit à la vue, & rien<br />n'en peut donner une plus jufle idée, en<br />préfenter une image plus fenfible. Toutes fes<br />opérations peuvent être affimilées à celles de<br />l'eil qui femble être l'ame matérielle du corps.<br />Appercevoir les objets , diftinguer leurs<br />formes & leur différence , juger de leur<br />diftance",M,5
9712,0949101000,248869,249252,0.756,860,1182420,1182622,A48874,3,top151-1000,top10-20,"s when our Senses are actually employ'd about any Object, we do know that it does exist; so *by our Memory* we may be assured, that heretofore Things that affected our Senses, have existed. And thus *we","to the Place<br />and Distance, and different Shape and Colour, and<br />the like, of material Bodies; as the Sense of Feeling<br /><br />helpeth<br /><br />helpeth the Underllanding to the Knowledge of<br />their different Qualities and Accidents, whether<br />light or heavy, hot or cold, hard or soft, wet or<br />dry, cc. and so are the Tafle and Smell of Things suit-<br />ed thereto; and so the Ear, as to the Difference of<br />Mel",T,1
11499,0649900301,347323,347715,0.751,860,1182420,1182622,A48874,3,top151-1000,top10-20,"s when our Senses are actually employ'd about any Object, we do know that it does exist; so *by our Memory* we may be assured, that heretofore Things that affected our Senses, have existed. And thus *we","T is I think agreed, that all Bodies have<br />their Salts, from whose different Confi-<br />gurations and Impressions many wonderful<br />Changes are effected both in Solids and<br />Fluids, in Things animate and inanimate.<br />Saline Particles 1triking upon the Nerves of<br />Animals excite the Sensations of Taste and<br />Smell; and as their Forms and Degrees of<br />Impulse are almost infinitely diversified, the<br />Sensibility",T,1
13465,0923502000,27921,28318,0.746,860,1182420,1182622,A48874,3,top151-1000,top20-30,"s when our Senses are actually employ'd about any Object, we do know that it does exist; so *by our Memory* we may be assured, that heretofore Things that affected our Senses, have existed. And thus *we","more senses than one; and whichl<br />is the sense intended, can only be known by observing<br />on what word the emphasis is laid. For instance,-Shall<br /><br />* See this particularly illustrated in Reynold's compas-<br />sionate Address.<br /><br />B 2 y~<br /><br />[ i6 J<br />6ou ride to town to-day ? This question is capable of being<br />taken in four different senses, according to the different<br />words on which you lay the emphasis. If it be",N,1
15224,0373801100,40773,41163,0.743,860,1182420,1182622,A48874,3,top151-1000,top20-30,"s when our Senses are actually employ'd about any Object, we do know that it does exist; so *by our Memory* we may be assured, that heretofore Things that affected our Senses, have existed. And thus *we","springs of sense, life, and<br />motion ? How far, indeed, the symbols exadtly agree with the<br />parts represented by them, muff be left to Anatomists. We<br />shall only observe by the way, what others have done before us,<br /><br />that,<br /><br />.that, in all comparisons and allusions, it is sufficient that there<br />be a general resemblance. We are not to enter into a too nice<br />and minute examen of every circumstance;",D,1
15971,0242600100,67681,67991,0.741,860,1182420,1182622,A48874,3,top151-1000,top20-30,"s when our Senses are actually employ'd about any Object, we do know that it does exist; so *by our Memory* we may be assured, that heretofore Things that affected our Senses, have existed. And thus *we","thijl we (at present)<br />for want of morS ,<br />e<br />Senes, ar'e e of. Yea;<br />perhaps, they are more dififerent, than we, if<br />we had more Scnfls, 'coiild be aware of. For<br />they may be such, as may not be reached or<br />perceived, by any Sensory; or Sense, that must<br />be exerted and pcrformcd by the Mediation of<br />a corporeal Organ",T,1
16433,1713300300,216038,216418,0.74,860,1182420,1182622,A48874,3,top151-1000,top20-30,"s when our Senses are actually employ'd about any Object, we do know that it does exist; so *by our Memory* we may be assured, that heretofore Things that affected our Senses, have existed. And thus *we","of the brain, till being refreshed<br />they return again to their work ; can this admirable frame, I fay,<br />of parts, be derived at first from many, and incoherent entia ?<br /><br />But let us make a further enquiry, into the curious ftrud-ure of<br /><br />the eye, ear, and other senses, and confider how it is possible they<br />could be ever made at first by divers, and those discordant entia;<br />bome of our",T,1
20407,0130800600,324674,325059,0.733,860,1182420,1182622,A48874,3,top151-1000,top20-30,"s when our Senses are actually employ'd about any Object, we do know that it does exist; so *by our Memory* we may be assured, that heretofore Things that affected our Senses, have existed. And thus *we","the present Idea will remain as the Compa-<br />nion of that Condition. Or at least from the Oc-<br />calion of the Cause or accessary Idea , the<br />fame Idea is restored to the Will; but if the like<br />Conscience of what was formerly conceiv'd attend,<br />it is call'd Memory.<br /><br />But all this depends only on that simple Condi-<br />tion of the common Sensory, which is there only<br />a mere mechanical Disposition.",N,1
25066,0854300307,29635,30045,0.726,860,1182420,1182622,A48874,3,top151-1000,top30-40,"s when our Senses are actually employ'd about any Object, we do know that it does exist; so *by our Memory* we may be assured, that heretofore Things that affected our Senses, have existed. And thus *we","mean<br />those which are destitute of sense, do<br />all of them contribute some way or o<br />ther, to the use, and conveniency, and<br />comfort of the Creatures above them<br />which being endowed with sense ar<br />capable of enjoying the benefit and del<br />light of them, which being so palpa-<br />ble in the greatest part of them, may<br />reasonably be presumed, tho' it be not<br />so discernable concerning all the reft<br />Iso that when we survey the",T,1
27783,0529900100,20978,21317,0.722,860,1182420,1182622,A48874,3,top151-1000,top30-40,"s when our Senses are actually employ'd about any Object, we do know that it does exist; so *by our Memory* we may be assured, that heretofore Things that affected our Senses, have existed. And thus *we","; when we<br />leave off killing, and take to feeing<br />'with our eyes, the objects from this<br />-sense, tho' it be dimmed by time,<br />with the aid of optics, multiply to<br />our amusement.<br /><br />D 2 The<br /><br />The ear also, by exercise, when<br />-detached from tones, simple, un-<br />certain, and transient as those of<br />.Eolus, procures to us new and per-<br />manent sources of de",T,1
27853,0893000100,95675,96095,0.722,860,1182420,1182622,A48874,3,top151-1000,top30-40,"s when our Senses are actually employ'd about any Object, we do know that it does exist; so *by our Memory* we may be assured, that heretofore Things that affected our Senses, have existed. And thus *we","senses from their birth, and<br />as soon as that which is intended for the gratifica-<br />tion of them is offered them, they readily take,,<br />and easily digest it, for their nourishment and<br />growth; and can it be imagined that the capaci-<br />ties of intelligent and moral agents, for improve-<br />ment in the rational and divine life in their Infant<br />State, are less extensive and efficacious in their<br /><br />kind<br /><br />kind than brutal faculties and",T,1
28816,1160400400,3492,3884,0.721,860,1182420,1182622,A48874,3,top151-1000,top30-40,"s when our Senses are actually employ'd about any Object, we do know that it does exist; so *by our Memory* we may be assured, that heretofore Things that affected our Senses, have existed. And thus *we","our Being ; by the latter those,<br />which have the contrary effects. We know<br />likewise, that we all have appetites and aver-<br />sions implanted in us, adapted to there quali-<br />ties in things, by means of which we have<br />a tendency to, or are carried towards the one,<br />and endeavor to flun and entirely escape the<br />other. When therefore we are overtaken<br />by and susser under these latter, this confti-<br />tute",N,1
32257,0039000202,105665,106023,0.716,860,1182420,1182622,A48874,3,top151-1000,top30-40,"s when our Senses are actually employ'd about any Object, we do know that it does exist; so *by our Memory* we may be assured, that heretofore Things that affected our Senses, have existed. And thus *we","s of body as well as<br />mind.<br /><br />But in truth, if whatsoever things<br />happen to us from without, these for-<br />tune gives, and takes away, propitious<br />and envious by turns, now to me, now<br />to another; nor is there any thing<br />which we can call our own; if indeed<br />this be the cafe, what then becomes of<br />the wife man, who (not less than our-<br /><br />L 3 selves)<br /><br />[I io ]<br />selves) wa",N,1
37071,0420602800,94931,95307,0.71,860,1182420,1182622,A48874,3,top151-1000,top40-50,"s when our Senses are actually employ'd about any Object, we do know that it does exist; so *by our Memory* we may be assured, that heretofore Things that affected our Senses, have existed. And thus *we",", that<br />present temptations work more pow-<br />erfully upon our senses and affesi-<br />ons, than dry thinking and reason-<br />ing can do upon our judgments.<br /><br />As soon as our parents had eaten<br />the forbidden fruit, the text tells us,<br />that (a) the eyes of them both were<br />open'd; implying, that their eyes<br />were open'd in a different sense<br />from that which the tempter had in-<br />finuated to them (b",T,1
38496,1661500104,608547,608892,0.709,860,1182420,1182622,A48874,3,top151-1000,top40-50,"s when our Senses are actually employ'd about any Object, we do know that it does exist; so *by our Memory* we may be assured, that heretofore Things that affected our Senses, have existed. And thus *we",", acco~rding to the different Senses, which<br />are affeaed by it: Or perhaps Bodies have a<br />great: many Quanlities, which are unknown to<br />us, becaule we want the proper Senses on which<br />there Qurllites might make their ImpretiTons.<br />W~hat M~an will be able to determine there<br />Q·uestions ?<br /><br />4thly, THE il~me thing appears different: to .<br /><br />the fame Sense",T,1
43818,1280700102,4271266,4271657,0.703,860,1182420,1182622,A48874,3,top151-1000,top40-50,"s when our Senses are actually employ'd about any Object, we do know that it does exist; so *by our Memory* we may be assured, that heretofore Things that affected our Senses, have existed. And thus *we","in which, I. The present Deficiency of Natural<br />Philosophy is discoursed of, with the Methods of rendering it more certain and beneficial. II. Of the<br />Nature, Motion, and EffeEts of Light, particularly of the Sun and Comets. III. An hypothetical Ex-<br />plication of Memory; how the Organs made use of by the Mind in its Operation, may be mechanically<br />understood. IV. An Hypothesis and Explication",T,1
46624,1392100500,5896,6290,0.7,860,1182420,1182622,A48874,3,top151-1000,top40-50,"s when our Senses are actually employ'd about any Object, we do know that it does exist; so *by our Memory* we may be assured, that heretofore Things that affected our Senses, have existed. And thus *we","have, that any material body<br />exists without you. Matter makes itself known<br />to you by its qualities. The foul becomes ac-<br />quainted with its~elf and its existence, by internal<br />sense; by the knowledge it gains from' without,<br />and by its operations concerning that knowledge.<br />The foul has as direat a perception of itself, as it<br />has of any objea whatever. To doubt, therefore,<br />whether you have Fouls",M,1
47044,0213700201,185786,186184,0.699,860,1182420,1182622,A48874,3,top151-1000,top40-50,"s when our Senses are actually employ'd about any Object, we do know that it does exist; so *by our Memory* we may be assured, that heretofore Things that affected our Senses, have existed. And thus *we","notion,<br />that there creatures in some degree participate<br />of our rational faculties4.<br /><br />That you may not imagine I had the happi-<br />ness of being perfectly at my ease during the<br />whole of this pompous festival I muff acquaint<br /><br />4 This wasnot merely ayulgaropinion, but entertained<br />by some of the learned among the ancients, as appears<br />from the lad cited historian . who likewise takesnotice how<br />much the f",N,1
56625,0357400300,4530,4919,0.69,860,1182420,1182622,A48874,3,top151-1000,top50-60,"s when our Senses are actually employ'd about any Object, we do know that it does exist; so *by our Memory* we may be assured, that heretofore Things that affected our Senses, have existed. And thus *we","cions<br />and Things, which others are ready to pass<br />over as indifferent and insignificant. We ex-<br />pec not a Display of Parts and Faculties in<br />our Children, but by gentle Degrees. They<br />rife from the Gratifications of Sense to relish<br />those of the Mind. There appears first a<br />lively Imagination, which in Time gives<br />Way to the sublimer Acts of Reason: And it<br />is not soon that we expect, they iho",T,1
60544,0259800103,362376,362748,0.686,860,1182420,1182622,A48874,3,top151-1000,top50-60,"s when our Senses are actually employ'd about any Object, we do know that it does exist; so *by our Memory* we may be assured, that heretofore Things that affected our Senses, have existed. And thus *we","I think,<br />and of all I do, that maybe of future use to me:<br />For, besides that this helps to form on to a style,<br />and opens and expands the dutile mind, every one<br />will find, that many a good thought evaporates in<br />thinking; many a good resolution goes off, driven<br />out of memory-perhaps by rome other not so good.<br />But when I set down what I will do, or what I have<br />done, on this",N,1
62021,0177000900,498673,499066,0.685,860,1182420,1182622,A48874,3,top151-1000,top50-60,"s when our Senses are actually employ'd about any Object, we do know that it does exist; so *by our Memory* we may be assured, that heretofore Things that affected our Senses, have existed. And thus *we","difcerpible, and consequently is<br />not perishable, (n). And it is a strong Argument<br />that the Souls of Men have generally Confci-<br />oufnefs before they exiftin their Bodies, that when<br />they are Boys, and learning the difficult Arts,<br />they so quickly take in an infinite Number of<br />Things. that they do not seem then first to learn<br />them, but to recollet and to remember them;<br /><br />XXII. Thus far our Favour",T,1
63630,0520600602,306040,306464,0.683,860,1182420,1182622,A48874,3,top151-1000,top50-60,"s when our Senses are actually employ'd about any Object, we do know that it does exist; so *by our Memory* we may be assured, that heretofore Things that affected our Senses, have existed. And thus *we","s which are often clearly un.<br />derRfood in theory, but egregioutly misused<br />in the condua of life. In the study of the<br />human frame, either corporeal or mental, we<br />proceed analytically, dissecting the several<br />parts of which it consists, and discriminating<br />their properties, relations, and dependencies.<br />But it is by the contrary process that we form<br />maxims of behaviour, moral judgments, and<br />therapeutic rules. And it sometimes",N,1
64763,1393401000,1674,1963,0.682,860,1182420,1182622,A48874,3,top151-1000,top50-60,"s when our Senses are actually employ'd about any Object, we do know that it does exist; so *by our Memory* we may be assured, that heretofore Things that affected our Senses, have existed. And thus *we","It has, however, fCeldom been fo~und, that the senses, by<br />which intelligence is commu~nnicate~d to the mdihd, advance<br />witlh even ·pace towards perfedtion. The ey~e andthe<br />ear, for imitan~ce, which s~eem to afford re~ason its princi-<br />palJ ippie~s, malture a differ-en periods, in proportio~",T,1
66099,1196700101,100592,101006,0.681,860,1182420,1182622,A48874,3,top151-1000,top60-70,"s when our Senses are actually employ'd about any Object, we do know that it does exist; so *by our Memory* we may be assured, that heretofore Things that affected our Senses, have existed. And thus *we","ence may imply<br />More than at first shall meet the Eye.<br /><br />A B<br />F ROM the humorous Print referred<br /><br />to, we learn, that what we term<br />Feeling, does not always mean, accord-<br />ing to its common Acceptation, a ten-<br />der, sympathizing Attention to the Mif-<br />fiortunes of others; but that it is a<br /><br />H 4. fundamental<br /><br />fundamental Principle in ourselves, which<br />confines our Attention to ourselves only;<br />and instead of requiring an Ex",N,1
68173,0365200101,14079,14443,0.679,860,1182420,1182622,A48874,3,top151-1000,top60-70,"s when our Senses are actually employ'd about any Object, we do know that it does exist; so *by our Memory* we may be assured, that heretofore Things that affected our Senses, have existed. And thus *we","it is evident, that no ranging of Matter any way<br />whatsoever, can produce one tingle Thought. It must<br />needs follow then, that Thought is diftin& from Matter,<br />and that it has another Nature and another Origin. It-<br />may perhaps be urg'd, that those thinking Beings are<br />from all Eternity. If we would fuppofeit, fincetheSub-<br />je&t in hand does not regard their Exiftence",M,6
74162,0044200200,32763,33169,0.674,860,1182420,1182622,A48874,3,top151-1000,top60-70,"s when our Senses are actually employ'd about any Object, we do know that it does exist; so *by our Memory* we may be assured, that heretofore Things that affected our Senses, have existed. And thus *we","notion of<br />this resemblance, it is immaterial, in order to de-<br />lineate to us a representation of those impressions<br />which the disasters of the world must have made<br />upon those who were witnesses thereof, whether<br />we start back amongst them, or that we suppose<br />those disasters happened in our time, and that we<br />are now fpeetators of calamities like to those<br />which had formerly ravaged the universe, and al-<br />mofl",N,1
75120,0318000100,179279,179654,0.673,860,1182420,1182622,A48874,3,top151-1000,top60-70,"s when our Senses are actually employ'd about any Object, we do know that it does exist; so *by our Memory* we may be assured, that heretofore Things that affected our Senses, have existed. And thus *we","our selves while<br />there, and though we can't presently sleep, yet<br />are we to lie still and quiet tho' never so contra-<br />ry to our inclination, for thereby concoEtion of<br />the perfpirable matter, and perspiration it self<br />will be sooner and fuller perfected. Now as the<br />Poppy-flowers, by their anodyne quality allay<br />pain, and induce pleasant and quiet sleep, the re-<br />hearsed natural",N,1
78532,0142400200,32310,32660,0.671,860,1182420,1182622,A48874,3,top151-1000,top60-70,"s when our Senses are actually employ'd about any Object, we do know that it does exist; so *by our Memory* we may be assured, that heretofore Things that affected our Senses, have existed. And thus *we",". of the Mind, and<br />consequently it is unreasonable to be<br />govern'd, and led by them.<br /><br />They may at a Dittance please the<br />Imagination, but when within reach,<br />and'are obtain'd, they are found to<br />be empty, and deceitful.<br /><br />The Idea we have of 'em, always<br />exceeds Enjoyment, and after a full<br />Fruition, we cannot but own as<br />much. Sensual (leafures'irrational",N,1
89090,1218801600,4704,5091,0.662,860,1182420,1182622,A48874,3,top151-1000,top70-80,"s when our Senses are actually employ'd about any Object, we do know that it does exist; so *by our Memory* we may be assured, that heretofore Things that affected our Senses, have existed. And thus *we","we resign up our thoughts to<br />"" the found of words, rather than fix them<br />"" on fettled determined ideas of things;<br />"" I fay, these general maxims will serve to<br />"" confirm us in mistakes, and to prove<br />C' contradictions. Thus he that, with Des<br />"" Cartes, shall frame in his mind an idea of<br />"" what he calls body, to be nothing but ex-<br />"" tension, may easily demonstrate that there<br />"" is no vacuum,",T,1
89991,0476801100,7784,8133,0.661,860,1182420,1182622,A48874,3,top151-1000,top70-80,"s when our Senses are actually employ'd about any Object, we do know that it does exist; so *by our Memory* we may be assured, that heretofore Things that affected our Senses, have existed. And thus *we","ion:<br />our appetites and affteipns are much in-<br />fluenced and biafled by sense, and fenllble<br />objects: and thote divine profpcds are in-<br />visible, future, and far distant from mor-<br />tal reach. Hence no thought can fully<br />conceive, far lcfs can any words express,<br />the nature, perfection,, and excellence of<br />celestial bliss ""Eye hath not seen, nor<br /><br />ear heard",T,1
90636,0542100200,55633,56025,0.661,860,1182420,1182622,A48874,3,top151-1000,top70-80,"s when our Senses are actually employ'd about any Object, we do know that it does exist; so *by our Memory* we may be assured, that heretofore Things that affected our Senses, have existed. And thus *we","able and perpetual modes it<br />conveys and imparts them to every the minutest<br />parts of our bodies; in short, when it is confi-<br />dered as the foul and source of man's corporeal<br />animation; I confecs I am little inclined to<br />credit the possibility of-its being possesscd of an<br />attribute or power to impart any qualification<br />to the absorbed essence, whereby a variolous<br />fermentation may be excited, or",T,6
100310,0507600300,307620,308005,0.653,860,1182420,1182622,A48874,3,top151-1000,top70-80,"s when our Senses are actually employ'd about any Object, we do know that it does exist; so *by our Memory* we may be assured, that heretofore Things that affected our Senses, have existed. And thus *we","to the Nature of the Auditory, that<br /><br />efo the Point explained may be in some<br />Measure proportioned to them. Too close<br />a Thread of Reason, too great an Abflrati-<br />on of Thought, too sublime and too meta-<br />physical a Strain, are suitable to very few<br />Auditories, if to any at all.<br /><br />Things must be put in a clear Light, and<br />brought out in as short Periods, and in<br />as plain Words as may be. The",N,1
101399,0630400500,97156,97496,0.652,860,1182420,1182622,A48874,3,top151-1000,top70-80,"s when our Senses are actually employ'd about any Object, we do know that it does exist; so *by our Memory* we may be assured, that heretofore Things that affected our Senses, have existed. And thus *we","Mouth, Hands, and Eyes,<br />So that supposing our Senses fallible as you<br />please, the Heretick still has the safer Side cf<br />the Question, as four out of five attest for him:<br />whereas the Papist has nothing more than Hear.<br />fay, whereon to build his Faith of so monivirom<br />a Fable.<br /><br />But herein is Merit, fay they, in bringing<br />our Undetftanding to the",N,1
104466,0984700200,15549,15933,0.65,860,1182420,1182622,A48874,3,top151-1000,top80-90,"s when our Senses are actually employ'd about any Object, we do know that it does exist; so *by our Memory* we may be assured, that heretofore Things that affected our Senses, have existed. And thus *we","body for fubjetion: the for-<br />mer we enjoy in common with the gods, the latter<br />with the brute creation. So that to me it appears<br />more agreeable to nature, to pursue glory by the<br />abilities of the mind, than those of the body; and<br />as our lives are but of hort duration, it flould<br />be our study to render our memory immortal. For<br />the splendor derived from riches and beauty is Ihort-<br />lived",T,1
108190,1092100600,88567,88957,0.647,860,1182420,1182622,A48874,3,top151-1000,top80-90,"s when our Senses are actually employ'd about any Object, we do know that it does exist; so *by our Memory* we may be assured, that heretofore Things that affected our Senses, have existed. And thus *we",", we cannot conceive qs<br />it but in parcels; first one piece of the mystery, and<br />then another n and that because of the weakness of<br />our capacity, as we are creatures and much mole,<br />as we are creatures under spiritual darkness. Where-<br />fore we mufl of -necefity address ourselves to the<br />consideration of it in parcels , but frill remembering<br />we are in the eternal mystery, tranfa&ed in the eter",N,1
110591,0549800101,560497,560908,0.645,860,1182420,1182622,A48874,3,top151-1000,top80-90,"s when our Senses are actually employ'd about any Object, we do know that it does exist; so *by our Memory* we may be assured, that heretofore Things that affected our Senses, have existed. And thus *we","as not to be<br />within the mechanism, or the genius of the pencil; nor should we<br />attempt to describe it, were it not our duty to mention every object<br />that fixed our attention; and consequently to give, which is all we<br />can pretend, such a general idea as may, hereafter, induce others<br />to visit the spot, and participate, as we may hope, in the pleasure<br />enjoyed by us, when we moored our boat to contemplate its beau",N,1
110886,0964600503,111916,112242,0.645,860,1182420,1182622,A48874,3,top151-1000,top80-90,"s when our Senses are actually employ'd about any Object, we do know that it does exist; so *by our Memory* we may be assured, that heretofore Things that affected our Senses, have existed. And thus *we","the Senses, which convey Pleasure to us,<br />would become the Instruments of intoler-.<br />rable Pain.<br />The Touch, iftremblingly alive all o'er,<br />Would smart and agonize at ev'ry Pore.<br />Or quick Effluvia darted to the Brain,<br />Die of a Rose, in aromatic Pain.<br />Shou'd Nature thunder in our open'd<br /><br />Ears,<br />And stun us with the Music of the<br /><br />S",T,1
114784,0474900300,40866,41216,0.642,860,1182420,1182622,A48874,3,top151-1000,top80-90,"s when our Senses are actually employ'd about any Object, we do know that it does exist; so *by our Memory* we may be assured, that heretofore Things that affected our Senses, have existed. And thus *we","s: and which [Thing] has a Body,<br />a Soul, and Spirit; and that by this Thing<br />they would give us to underfiand the (Phy-<br />fical) Tincture ; at such time when the<br />fame has been carried on to its highest (Per-<br />fetion) which is the Point they aim at;<br />yet this Thing ought at its beginning to be<br />composed of me, who am the Gold, and<br />of my Brother who is the",N,1
