hitIndex,hitDocId,hitStart,hitEnd,score,quoteIndex,quoteStart,quoteEnd,quoteDocId,workCount,quoteMeta,hitMeta,quoteText,hitText,result,annotator
0,0177400800,390967,391346,0.901,0,211082,211369,A48874,41,specific_quotes_v1210,top20,"nother reason *why* God hath scattered up and down *several degrees of pleasure and pain, in all the things that environ and affect us*; and blended them together, in almost all that our Thoughts and Senses have to do with; that we finding imperfection, dissatisfaction, and want of comp","ive
how God s ill make us relifm infinite Pleasures
in the Enjoymlnnt of him, than to apprehend
how, in our present State, the Bodies occalion
in us pleasant Sensations: Since there being no
natural Relation between those Sensations, and
the A&tions of Bodies upon that which our

Soul

Soul is united to, there is no other Way to folse
that Difficulty, but by having Recourse to",T,2
1,0031900105,399713,400092,0.901,0,211082,211369,A48874,41,specific_quotes_v1210,top20,"nother reason *why* God hath scattered up and down *several degrees of pleasure and pain, in all the things that environ and affect us*; and blended them together, in almost all that our Thoughts and Senses have to do with; that we finding imperfection, dissatisfaction, and want of comp","side for a while our re-
membrance of the good and evil we have seen
befalling mankind, we should be apt to con-
clude that the pleasures and pains, the fuc-
cesses and disappointments of all were in
quantity alike. For though it be certain God
may uncontrolably and lawfully deal with his
creatures as he pleases, yet can we find no
reason in any conceptions we can form of him,",M,2
2,0280200303,64897,65277,0.899,0,211082,211369,A48874,41,specific_quotes_v1210,top20,"nother reason *why* God hath scattered up and down *several degrees of pleasure and pain, in all the things that environ and affect us*; and blended them together, in almost all that our Thoughts and Senses have to do with; that we finding imperfection, dissatisfaction, and want of comp","and

and is the true and proper Cause of all our
Sensations, of that Pleasure and that Pain
which we feel by the Mediation of the Cor-
poreal and Sensible World. That in the
various Rencounter of Bodies knockingand
juftling one against ahother the only Part of
us that is aded upon, is our Bodj: and
though our Spirit susser by that Occasion,
yet that 'tis God only that truly ads",T,2
3,0725200900,546080,546501,0.897,0,211082,211369,A48874,41,specific_quotes_v1210,top20,"nother reason *why* God hath scattered up and down *several degrees of pleasure and pain, in all the things that environ and affect us*; and blended them together, in almost all that our Thoughts and Senses have to do with; that we finding imperfection, dissatisfaction, and want of comp","God is very
natural and affecing to every warm and virtuous
heart. Why, therefore, are we so continually
difcontendcd and miserable? Why do we so
frequently complain of the want of happiness
and enjoyment, if it be not because we permit
the mind to be imposed upon by false appear-
ances; because sensuality frequently predomi-
nates over reason; because we prefer deceitful
gifts and fleeting pleasures to more essential",T,2
4,0942900105,716029,716417,0.895,0,211082,211369,A48874,41,specific_quotes_v1210,top20,"nother reason *why* God hath scattered up and down *several degrees of pleasure and pain, in all the things that environ and affect us*; and blended them together, in almost all that our Thoughts and Senses have to do with; that we finding imperfection, dissatisfaction, and want of comp","and dif-
position of our minds,and in the actions and course
of our lives, neither can God take pleasure in us,
nor we in him, but there will be a perpetual jarring
and discord between him and us; and tho' we were
in heaven, and feated in the place of the blefled, yet
we lhould not, nay we could not be happy; because
we hould want the necessary materials and ingredi-
ents of happiness.",T,2
5,0116100700,438259,438635,0.895,0,211082,211369,A48874,41,specific_quotes_v1210,top20,"nother reason *why* God hath scattered up and down *several degrees of pleasure and pain, in all the things that environ and affect us*; and blended them together, in almost all that our Thoughts and Senses have to do with; that we finding imperfection, dissatisfaction, and want of comp","God in the
Formation and Conltitution of Things,
bo to order and dispose their Parts, that
we naturally receive Pleasure or Pain
from the Sensation or Refleftion of the
Mind occasioned by them; which for
wife and good Reabons he hath so ap-
pointed, that thereby we might be moved
and excited more readily and chearfully
to Adtion. And what thus naturally
pleases and'delights",P,2
6,0050900103,368533,368910,0.894,0,211082,211369,A48874,41,specific_quotes_v1210,top20,"nother reason *why* God hath scattered up and down *several degrees of pleasure and pain, in all the things that environ and affect us*; and blended them together, in almost all that our Thoughts and Senses have to do with; that we finding imperfection, dissatisfaction, and want of comp","God hath done for
us all! Our very Capadity of receiving Pleasure from
our Fellow-creatures proceeds from our Creator, as
well as every other Source of Joy, which we feel to
spring up within ourselves. And we feel much less of
both, than we might and ought. We are so taken
up and disquieted, with imaginary or small Misfor-
tunes, with Uncafinefies and Pains for the molt Part",P,2
7,0039000202,121134,121497,0.894,0,211082,211369,A48874,41,specific_quotes_v1210,top20,"nother reason *why* God hath scattered up and down *several degrees of pleasure and pain, in all the things that environ and affect us*; and blended them together, in almost all that our Thoughts and Senses have to do with; that we finding imperfection, dissatisfaction, and want of comp","Indeed all things are mixed, all in-
conflant, in Isort, all trifling, nor is
there, any where, what answers to our
desires. And, perhaps, God himself,
(if it be lawful to search into the divine
counsel) so attempers things, mingling
always adverse with prosperous, and
ikafons the sweet with the bitter; that
hence the mind may learn to despise
terrestrial enjoy",P,2
9,1571600300,192767,193135,0.891,0,211082,211369,A48874,41,specific_quotes_v1210,top20,"nother reason *why* God hath scattered up and down *several degrees of pleasure and pain, in all the things that environ and affect us*; and blended them together, in almost all that our Thoughts and Senses have to do with; that we finding imperfection, dissatisfaction, and want of comp","? Our Joys and our Tears are al-
lotted us from Eternity, and what
variety soever there may appear in the
Circum (ances and Acci ents of our
lives, all comes to this in he up-shot,
such as we are our selves, such are the
things we have received, Transitory and
Mortal. Now what cause is here of
displeasure or complaint, if when we
have loft all that belongs to us, we",T,2
10,0505300100,1034219,1034585,0.889,0,211082,211369,A48874,41,specific_quotes_v1210,top20,"nother reason *why* God hath scattered up and down *several degrees of pleasure and pain, in all the things that environ and affect us*; and blended them together, in almost all that our Thoughts and Senses have to do with; that we finding imperfection, dissatisfaction, and want of comp","displeasure; yet, since the happiness of God is not capable ofan acce
or diminution; since we cannot conceive in God any palfions likethl0
which we feel in our selves, when any thing good or evil, joov0O
grievous, happens to us; since nothing which we can do is capable
causing delight or uneasiness in a Being uncapable of change; weCa
then laid to please God, when",T,2
11,0539400100,2350887,2351275,0.888,0,211082,211369,A48874,41,specific_quotes_v1210,top20,"nother reason *why* God hath scattered up and down *several degrees of pleasure and pain, in all the things that environ and affect us*; and blended them together, in almost all that our Thoughts and Senses have to do with; that we finding imperfection, dissatisfaction, and want of comp","of our reasonable nature. For certainly God never gave us reason for so
tnkind a purpose, as only to quicken and inhance the resentment of our sufferings,
but rather to controle those disorders, which the more tumultuous part of us, our
fenics, are apt to raise in us: and we are so far men and no farther, as we use it to
that end. Therefore if the di&ates of Religion cannot retrain our",T,2
12,0177300203,99966,100368,0.888,0,211082,211369,A48874,41,specific_quotes_v1210,top20,"nother reason *why* God hath scattered up and down *several degrees of pleasure and pain, in all the things that environ and affect us*; and blended them together, in almost all that our Thoughts and Senses have to do with; that we finding imperfection, dissatisfaction, and want of comp","God, fully evince
that we are designed for the enjoyment of
pleasure. When the movements of nature
are not impeded by disease, by sorrow, or
disgust, we perpetually feel within us incli-
nations and affections which warmly solicit
indulgence; and when we contemplate the
world around us, we behold a number of
objects calculated to gratify there inclina-
tions, and to sooth every affeCtion of the
foul",T,2
13,0912500102,93977,94315,0.885,0,211082,211369,A48874,41,specific_quotes_v1210,top20,"nother reason *why* God hath scattered up and down *several degrees of pleasure and pain, in all the things that environ and affect us*; and blended them together, in almost all that our Thoughts and Senses have to do with; that we finding imperfection, dissatisfaction, and want of comp","raison, de folie,
De momens de plaisir, et de jours de tourmens.
De notre être imparfait voilà les élémens.
Ils composent tout l'homme; ils forment son essence,
Et Dieu nous pesa tous dans la mêrére balance.

VOLTAIRE,
s XII. DISCOURS.
De la Modération en Tout,
Dans l'étude, dans l'ambition, dans les plaisirs.
T OUT vouloir est d'un fou",M,2
14,0393200100,510098,510399,0.885,0,211082,211369,A48874,41,specific_quotes_v1210,top20,"nother reason *why* God hath scattered up and down *several degrees of pleasure and pain, in all the things that environ and affect us*; and blended them together, in almost all that our Thoughts and Senses have to do with; that we finding imperfection, dissatisfaction, and want of comp","l'autre, va que de notre notre nature nous ne
c'eft affez, que ce que Dieu lui pouvons avoir un feul bon mou-
avoit donné n'étoit pas pour lui vement, ni affeftion, ni penfée,
feal, mais pour toute fa lignée: jufques à ce que Dieu nous ait
& ainfi, qu'en la perfonne d'ice- prévenus & nous y ait difpo",T,2
16,1204402300,10838,11171,0.884,0,211082,211369,A48874,41,specific_quotes_v1210,top20,"nother reason *why* God hath scattered up and down *several degrees of pleasure and pain, in all the things that environ and affect us*; and blended them together, in almost all that our Thoughts and Senses have to do with; that we finding imperfection, dissatisfaction, and want of comp","different causes; trying
providences, -Satan's temptations,-inward
depravity,- the want of health,- bodily.
weaknesses and pains, give a great variety
to our sensations. To-day we possess peace
and comfort, to-morrow we are in trouble;-
now we are lifted up with joy, anon we are
plunged into the depths of sorrow; our hope
is shaken",M,2
17,0297901500,85278,85601,0.884,0,211082,211369,A48874,41,specific_quotes_v1210,top20,"nother reason *why* God hath scattered up and down *several degrees of pleasure and pain, in all the things that environ and affect us*; and blended them together, in almost all that our Thoughts and Senses have to do with; that we finding imperfection, dissatisfaction, and want of comp","prend Tes idées de Dieu dans
la nature des chofes, où nous trouvons
un mélange & de biens & de maux, ce
Dieu, d'après le bien & le mal que nous
éprouverons, doit naturellement nous
paroître capricieux , inconftant, tantôt
bon, tantôt méchant, & par-là même.,
au lieu d'exciter notre amour, il doit
faire naître la défiance,",M,2
18,0319601500,679773,680170,0.884,0,211082,211369,A48874,41,specific_quotes_v1210,top20,"nother reason *why* God hath scattered up and down *several degrees of pleasure and pain, in all the things that environ and affect us*; and blended them together, in almost all that our Thoughts and Senses have to do with; that we finding imperfection, dissatisfaction, and want of comp","us fe-
iicity of enjoying God. And,

Is this what we experience ? Men of the world
look for other pleasures, and give other employment to
their thoughts. In their earthly pursuits, they do not
care to have God with them; are unmindful of his pre-
fence, and forgetful of their own eternal concerns.
Their body emplors more of their attention than their
immortal onis, and the things of this world,",T,2
19,0413500500,142671,143061,0.883,0,211082,211369,A48874,41,specific_quotes_v1210,top20,"nother reason *why* God hath scattered up and down *several degrees of pleasure and pain, in all the things that environ and affect us*; and blended them together, in almost all that our Thoughts and Senses have to do with; that we finding imperfection, dissatisfaction, and want of comp","our Nature
and that we should be so babe and ungrateful as to be
continually offending and provoking our Good and
Gracious God, who made us out ot nothing, and is
continually heaping his Favours and Bletfings upon us,
and who created us for 'this Purpose, that he might
make us for ever happy, This is our natural State and
Condition in this present World; 'and.no wonder we
Ihould' be sore",T,2
20,0371700602,453317,453704,0.883,0,211082,211369,A48874,41,specific_quotes_v1210,top20,"nother reason *why* God hath scattered up and down *several degrees of pleasure and pain, in all the things that environ and affect us*; and blended them together, in almost all that our Thoughts and Senses have to do with; that we finding imperfection, dissatisfaction, and want of comp","Iniquities in Peace and Tranquility ?

These Considerations make it evident that the Pain
and Grief of Mind which we susser from a Sense of
having done ill, flow from the very Conflitution of
our Nature, as we are rational Agents. Nor can we
conceive a greater Argument of God's utter Irrecon-
cileablenefs to Sin, than that he has given us flchl a
Nature that we can never be reconciled",M,2
21,1221600500,17424,17824,0.883,0,211082,211369,A48874,41,specific_quotes_v1210,top20,"nother reason *why* God hath scattered up and down *several degrees of pleasure and pain, in all the things that environ and affect us*; and blended them together, in almost all that our Thoughts and Senses have to do with; that we finding imperfection, dissatisfaction, and want of comp","because we have
what God allotteth us.

There are other more particular judg-
ments, which contentedness involveth, or
which are required toward it; such as these,
that nothing originally is due to us, but all
cometh purely from divine favour and
bounty; that all adversities are justly and
deservedly infliced on us, as the due wag-
es, or natural fruitsof our fins; that our
happiness dependeth not",T,2
22,0816200201,548975,549375,0.882,0,211082,211369,A48874,41,specific_quotes_v1210,top20-26,"nother reason *why* God hath scattered up and down *several degrees of pleasure and pain, in all the things that environ and affect us*; and blended them together, in almost all that our Thoughts and Senses have to do with; that we finding imperfection, dissatisfaction, and want of comp","are so far from beinb the chief
pleasure which GOD designed us, that on the contra-
ry he intended we Ihould take our chief pleasure in the
restraining and moderating of our sensual appetites
and desires, and in keeping them within the bounds
of reason and religion.
And then, it is not a lasting pleasure, Those fits
of mirth. which wicked men have, how loon are they
over? Like a sudden blaze which",M,2
32,1746300204,8269,8645,0.879,0,211082,211369,A48874,41,specific_quotes_v1210,top26-32,"nother reason *why* God hath scattered up and down *several degrees of pleasure and pain, in all the things that environ and affect us*; and blended them together, in almost all that our Thoughts and Senses have to do with; that we finding imperfection, dissatisfaction, and want of comp","to God in the choice
of our designs, or depending upon him in the ma-
liagement of them, or acquiescing in the success afid
event that he gives them.

But since we are thus affeaed, what wonder is it

that the most of us live miserable all our days, some
flarving in the midst of plenty, others murmuring at
their low condition, both forts discontented at every
thing, fearful",M,2
39,0848200200,150369,150751,0.877,0,211082,211369,A48874,41,specific_quotes_v1210,top32-38,"nother reason *why* God hath scattered up and down *several degrees of pleasure and pain, in all the things that environ and affect us*; and blended them together, in almost all that our Thoughts and Senses have to do with; that we finding imperfection, dissatisfaction, and want of comp","Godhas implanted in us natural Passions, which
have Good and Evil for their Objets,. but has im-
planted: no natural Ideas in us of Good and Evil.
We may, I think, as reasonably suppose, that God
has made Eyes, but made no Light; that when
there is a natural Proportion between the Passion
and the Objet: , and a natural Relation and Con-
nexion between them, one should be the Work",M,2
43,0602800100,2382543,2382934,0.876,0,211082,211369,A48874,41,specific_quotes_v1210,top38-44,"nother reason *why* God hath scattered up and down *several degrees of pleasure and pain, in all the things that environ and affect us*; and blended them together, in almost all that our Thoughts and Senses have to do with; that we finding imperfection, dissatisfaction, and want of comp","our Sensations ? Which seems to attribute great Honour
to God, but in Truth subverts the Order of Causes which he hath set-
tled in the World; and makes him the immediate Cause of the greatest
Disorders in it, which arise from those sensual Pleasures, of which he
is made the role efficient Cause . which none can pretend to be for his
Honour.

3. This Opinion doth not at all agree with the",M,2
52,0454800300,159887,160225,0.874,0,211082,211369,A48874,41,specific_quotes_v1210,top44-50,"nother reason *why* God hath scattered up and down *several degrees of pleasure and pain, in all the things that environ and affect us*; and blended them together, in almost all that our Thoughts and Senses have to do with; that we finding imperfection, dissatisfaction, and want of comp","nella
larta dell' uomo confiderato come volendo e
tendo efler felice. Queit' ordine e bello e
ufo. Ognuno di noi fente le sue imperfezioni,
uoi vizj, le sue paffioni. Abbiamo noi dunque
gione di lamentarci del Creatore ? Perche quefto
rtifimo defiderio della fellicita con tante difgra-
e, con tanti mali, con tanti vizj ? Quefti dubbj
no",T,2
62,1724100102,1283797,1284171,0.872,0,211082,211369,A48874,41,specific_quotes_v1210,top50-56,"nother reason *why* God hath scattered up and down *several degrees of pleasure and pain, in all the things that environ and affect us*; and blended them together, in almost all that our Thoughts and Senses have to do with; that we finding imperfection, dissatisfaction, and want of comp","such times and
seasons as are of his own appointment, not yours.

God never came under an absolute unlimited tie for outward

comforts to any of us; and if we be difiappointed, we can blame
.none but ourselves. Who bid us expct ret, cafe, delight, and
things of this kind in this world ? he hath never told us, we shall
be rich, healthy, and at ease in our habitations ; but",T,2
66,0476500400,64272,64641,0.872,0,211082,211369,A48874,41,specific_quotes_v1210,top56-62,"nother reason *why* God hath scattered up and down *several degrees of pleasure and pain, in all the things that environ and affect us*; and blended them together, in almost all that our Thoughts and Senses have to do with; that we finding imperfection, dissatisfaction, and want of comp","all our happiness in GOD, that is,
in other words, in the love of GOD; and a pure un-
mixed spirit of complacential obedience to his wilk
Both .these were totally subverted by the fall, insomuch
that no traces of the one or the other are to be found
in our nature; but the very reverse of them has taken.
place in their stead.

What that reverse is, is the matter to be",M,2
77,0592300300,119012,119407,0.87,0,211082,211369,A48874,41,specific_quotes_v1210,top62-68,"nother reason *why* God hath scattered up and down *several degrees of pleasure and pain, in all the things that environ and affect us*; and blended them together, in almost all that our Thoughts and Senses have to do with; that we finding imperfection, dissatisfaction, and want of comp",", then certainly God hath
cholen that which is the most exquisite
Pain which we can conceive of, to set
forth Something else, which we know not
how otherwise to frame a Notion of in
our Minds, and which doth as far ex-
ceed such sensible Things as are used to
express it, as the Glory of Heaven doth
exceed all that Glory which is borrow-
ed from the Creatures to express it to
our weak imperfef",T,2
80,0658900102,290741,291131,0.87,0,211082,211369,A48874,41,specific_quotes_v1210,top68-74,"nother reason *why* God hath scattered up and down *several degrees of pleasure and pain, in all the things that environ and affect us*; and blended them together, in almost all that our Thoughts and Senses have to do with; that we finding imperfection, dissatisfaction, and want of comp","without any
possibility of ever fixing our selves. And
therefore till it be vanquished, we are not
like to find contentment.

Now the love of God, being of the quite
contrary nature, poffeffeth us of this hap-
piness. For it concenters and unites all
our roving thoughts and affecions, in one

great

great good; which we may always have,
and which we may always have fatisfadion
in. It car",M,2
92,0265301900,22939,23327,0.869,0,211082,211369,A48874,41,specific_quotes_v1210,top74-80,"nother reason *why* God hath scattered up and down *several degrees of pleasure and pain, in all the things that environ and affect us*; and blended them together, in almost all that our Thoughts and Senses have to do with; that we finding imperfection, dissatisfaction, and want of comp","GOD, and our own
true happiness; we do not love the LORD our
GOD with.our whole heart; rather, our affections
are fixed almost entirely on sensual things. We
love the world and the things therein instead of
GOD; we fear the displeasure of man, more than
the anger of the Almighty, and seek for happi-
ness in sensual enjoyments, not in the favour of
the ever-living GOD.

And this corrupt",M,2
100,0658702001,340566,340943,0.868,0,211082,211369,A48874,41,specific_quotes_v1210,top80-86,"nother reason *why* God hath scattered up and down *several degrees of pleasure and pain, in all the things that environ and affect us*; and blended them together, in almost all that our Thoughts and Senses have to do with; that we finding imperfection, dissatisfaction, and want of comp","happiness, and this happiness
God has been pleased to put in our own power,
to place within our reach. There is no fate,
but what God has made us ourselves arbiters
of; we lie under no necessity, no fatality, but
what our own vices betray us to: nor do we
Rfand in need of the indulgences of fortune; the
tranquillity and pleasure of a virtuous man is an
image of God's own; it",T,2
103,1722400104,145573,145942,0.867,0,211082,211369,A48874,41,specific_quotes_v1210,top86-92,"nother reason *why* God hath scattered up and down *several degrees of pleasure and pain, in all the things that environ and affect us*; and blended them together, in almost all that our Thoughts and Senses have to do with; that we finding imperfection, dissatisfaction, and want of comp","may keep them constantly
in view, and depart as little as possible, in the
midst of so many infirmities and. so many tempta-
tions, from them. God has ihewn us wherein
our wiidom, our happiness, and the perfection of
our nature -consist; and he has left us to purlfue
these ends by the use of our reason. But, reason

.not

stot being given to all alike, and being very",T,2
120,0878700200,489503,489899,0.866,0,211082,211369,A48874,41,specific_quotes_v1210,top92-98,"nother reason *why* God hath scattered up and down *several degrees of pleasure and pain, in all the things that environ and affect us*; and blended them together, in almost all that our Thoughts and Senses have to do with; that we finding imperfection, dissatisfaction, and want of comp","not there in constant contempla.
tion ? Ask your hearts in good earnest, What is
the cause of this negle ? Hath the eternal God
provided us such a glory, and promised to take us
up to dwell with himself? And is not this worth
thinking on i Should not the strongest desires of
our hearts be after it; and the daily delights of
our fouls be there ? Can we forget and negleEt it?
What is the matter?",T,2
131,1159801500,211482,211854,0.865,0,211082,211369,A48874,41,specific_quotes_v1210,top98-104,"nother reason *why* God hath scattered up and down *several degrees of pleasure and pain, in all the things that environ and affect us*; and blended them together, in almost all that our Thoughts and Senses have to do with; that we finding imperfection, dissatisfaction, and want of comp","God in this World,
and feeing him and enjoying him in another;
we cannot but think that we wretchedly dif-
parage ourselves, when we take up with the
mean and fordid Pleasures of Sense as our Fe-
licity, especially if we forego all spiritual and
eternal Pleasures for them;, as certainly we
do, and give up all our Expeatations of them,
if we place our Happiness in .these",T,2
137,0055700500,41575,41991,0.864,0,211082,211369,A48874,41,specific_quotes_v1210,top116-122,"nother reason *why* God hath scattered up and down *several degrees of pleasure and pain, in all the things that environ and affect us*; and blended them together, in almost all that our Thoughts and Senses have to do with; that we finding imperfection, dissatisfaction, and want of comp","that this life has no
continuance of unmixt pleasure for us; and that
what alone can alleviate its Evils, or make its
Goods give us any substantial joy, is a frequent
reflecion on the present state of things, and the
drawing near to God, in holy Remembrance of
his adorable attributes, and our own absolute
dependence on him,

BEHOLD then once more this very God himself
invites you to draw near to him, and commemon",T,2
144,0367900200,85363,85712,0.864,0,211082,211369,A48874,41,specific_quotes_v1210,top104-110,"nother reason *why* God hath scattered up and down *several degrees of pleasure and pain, in all the things that environ and affect us*; and blended them together, in almost all that our Thoughts and Senses have to do with; that we finding imperfection, dissatisfaction, and want of comp","our other Pleaftires
and Enjoyments there is none but can ea-
fily discern.

Thirdly, let it be farther confidered, that
Godliness is a most Effefual Antidote a-
gainft all those Inquietudes, and Evil Ac-
cidents, that do either wholly destroy, or
very much embitter the Pleafitres of this
Life.

For whilst it teacheth us to place all our
Happiness",M,2
149,0984001800,105197,105570,0.864,0,211082,211369,A48874,41,specific_quotes_v1210,top110-116,"nother reason *why* God hath scattered up and down *several degrees of pleasure and pain, in all the things that environ and affect us*; and blended them together, in almost all that our Thoughts and Senses have to do with; that we finding imperfection, dissatisfaction, and want of comp","Minds, and the

Confusion

Confusion and Darkness of our Understandings;
the Irregularity of the Motions of our Souls; our
Fondness for Vanity, and Indifferency to Things
of greatest Importance and Excellency; our being
efiranged from the God that made us, in whom
is all our Happiness; our Loss of his Image, our
original Glory and Excellency, the Power and In-
fluence of",M,2
157,0319600400,72868,73227,0.863,0,211082,211369,A48874,41,specific_quotes_v1210,top134-140,"nother reason *why* God hath scattered up and down *several degrees of pleasure and pain, in all the things that environ and affect us*; and blended them together, in almost all that our Thoughts and Senses have to do with; that we finding imperfection, dissatisfaction, and want of comp","one as ourselves, subjet to
change; that his love, like ours, alters, and by de-
grees increases, and, from a love of pity and bene-
volence, passes into a love of complacency and de-
light it supposes that God first views his ele& in
a miserable state and condition, with whose misery
he is touched, and is filled with bowels of compaf-
sion and pity towards",M,2
160,0969700601,211304,211660,0.863,0,211082,211369,A48874,41,specific_quotes_v1210,top128-134,"nother reason *why* God hath scattered up and down *several degrees of pleasure and pain, in all the things that environ and affect us*; and blended them together, in almost all that our Thoughts and Senses have to do with; that we finding imperfection, dissatisfaction, and want of comp","Felt to give us vwith God, i..
false also.. The fault of the passions is not in the (efire of
happiness, nor in the pretension to resemble Gd ; it is in th-
search of happiness out of God, notwithstanding his exprel-
prohibition, in the fruition of created things, and in the de-
fire'of imitating God, not in the parlticipation of his being.
but in rising",M,2
175,0358400301,434322,434676,0.863,0,211082,211369,A48874,41,specific_quotes_v1210,top122-128,"nother reason *why* God hath scattered up and down *several degrees of pleasure and pain, in all the things that environ and affect us*; and blended them together, in almost all that our Thoughts and Senses have to do with; that we finding imperfection, dissatisfaction, and want of comp","of confusion is it to us, to
fee on one hand Christ's anguish of heart
for our salvation, and onr the other our dif-
gust of true-happinefs, and the blind pas-
sion which makes us run after perifllable
goods, loving them more than God.

0 3 There

There is no greater mark of reprobation,
than to loti entirely the relifl of celestial
tnlin:. For God has",M,2
181,0193700300,124421,124774,0.862,0,211082,211369,A48874,41,specific_quotes_v1210,top152-158,"nother reason *why* God hath scattered up and down *several degrees of pleasure and pain, in all the things that environ and affect us*; and blended them together, in almost all that our Thoughts and Senses have to do with; that we finding imperfection, dissatisfaction, and want of comp","Neither yet,
whilst we feel something in us, thinking, and
reasoning about Things pagt, present and to come,
and contriving for the Happiness which we long
for, and arguin.g for a God in our Breasts against
our Lts7s; dare we pretend to underfand, how
we fhouldfeel all this, without Souls; or how in-
animate Matter can thus work of its self. Yet,
tho'",T,2
192,1603900500,31858,32212,0.862,0,211082,211369,A48874,41,specific_quotes_v1210,top140-146,"nother reason *why* God hath scattered up and down *several degrees of pleasure and pain, in all the things that environ and affect us*; and blended them together, in almost all that our Thoughts and Senses have to do with; that we finding imperfection, dissatisfaction, and want of comp","are not intended by God, merely to
torment and sex us, the divine Being has no
ends to s~erve, by making his creatures mi~era-
ble. God is infinitely happy in himself, and
our disquietude will not add to his blessedness,
or make his power and greatners (hine more
illuffrious. His glory consists in our felicity,
and in bringing us to the poffemon of it.",T,2
202,1445800101,150841,151217,0.862,0,211082,211369,A48874,41,specific_quotes_v1210,top146-152,"nother reason *why* God hath scattered up and down *several degrees of pleasure and pain, in all the things that environ and affect us*; and blended them together, in almost all that our Thoughts and Senses have to do with; that we finding imperfection, dissatisfaction, and want of comp","Creator, as well as every other source of joy, which we feel
to spring up within ourselves. And we feel much less of
both, than we might and ought. We are to taken up and
difquieted, with imaginary or small misfortunes, with unea-
fineffes and pains for the most part very supportable, with
groundless or exceflive difcontents and refentments, with need-
less pursuits, and im",M,2
213,0815700302,346231,346601,0.861,0,211082,211369,A48874,41,specific_quotes_v1210,top170-176,"nother reason *why* God hath scattered up and down *several degrees of pleasure and pain, in all the things that environ and affect us*; and blended them together, in almost all that our Thoughts and Senses have to do with; that we finding imperfection, dissatisfaction, and want of comp","causes ; but are ultimately
resolvable into his good-pleafure, by
whom we were at first fearfully and won-
derfully made; who continually holdeth
our fouls in life; nay in whom awe live,
and move, and have our being.

We are not, therefore, our own: we
received our exitence from God, the
God of the spirits of all efl, ; and on
him we depend for every moment's con-
tin",T,2
217,1089300400,182143,182474,0.861,0,211082,211369,A48874,41,specific_quotes_v1210,top158-164,"nother reason *why* God hath scattered up and down *several degrees of pleasure and pain, in all the things that environ and affect us*; and blended them together, in almost all that our Thoughts and Senses have to do with; that we finding imperfection, dissatisfaction, and want of comp","much: Therefore God might
seem to wrong us, in so itraitly charging
us to Love him ; as if we could chufe but
do it, of our own accord. But in this
lies the Disparity ; That what is Fine and
Good here below, we Love it, because
we clearly See it: Whereas, no man hath
Seen God at any time. fob. I. I8. We fee
his Works, (it's true,",N,2
219,0809200600,284296,284631,0.861,0,211082,211369,A48874,41,specific_quotes_v1210,top164-170,"nother reason *why* God hath scattered up and down *several degrees of pleasure and pain, in all the things that environ and affect us*; and blended them together, in almost all that our Thoughts and Senses have to do with; that we finding imperfection, dissatisfaction, and want of comp","cause he has not made us happier.--It is
_probable that, upon the-whole, an infinite
fum of happiness is produced.; but we:are
,by no -ineans judges. in what degree it
ought to be produced in particular in-
Rances. The goodness of God, like all
his other attributes, must, -in many re-
spects, be incomprehensible to us. We
do not know",T,2
224,0556600500,158556,158978,0.86,0,211082,211369,A48874,41,specific_quotes_v1210,top182-188,"nother reason *why* God hath scattered up and down *several degrees of pleasure and pain, in all the things that environ and affect us*; and blended them together, in almost all that our Thoughts and Senses have to do with; that we finding imperfection, dissatisfaction, and want of comp","of them all, but then it is God all the while
that is exercising those faculties himself alone,
though we have the clear sensation of either
happiness or misery, equally the fame, as
though we ourselves, were the intire ab-
solute cause of every thought and deed; men
are very apt to commit unhappy mistakes, in
the conclusion, upon this last important point,
upon which depends either their happiness or
misery; so adieu!",M,2
241,0476600400,430601,431001,0.86,0,211082,211369,A48874,41,specific_quotes_v1210,top176-182,"nother reason *why* God hath scattered up and down *several degrees of pleasure and pain, in all the things that environ and affect us*; and blended them together, in almost all that our Thoughts and Senses have to do with; that we finding imperfection, dissatisfaction, and want of comp","has bestowed upon us,. q;
having made the foul susceptible of pleasure by
so many different ways. We fee by what a varie-
ty of passages, joy and gladness may enter ir.to
the thoughts of man; how wonderfully a human
spirit is framed to imbibe its proper fatisfa&tions,
and taste the goodness of its Creator. We nay
therefore look into ourselves with rapture and
amazement, and cannot sufficiently exp",T,2
258,0321300302,307299,307693,0.859,0,211082,211369,A48874,41,specific_quotes_v1210,top194-200,"nother reason *why* God hath scattered up and down *several degrees of pleasure and pain, in all the things that environ and affect us*; and blended them together, in almost all that our Thoughts and Senses have to do with; that we finding imperfection, dissatisfaction, and want of comp","ly fixed in our
hearts, and the Lord orders all his dispensations
towards us with a view to rooting it out; that
being wearied with repeated disappointments, we
may at length be compelled to betake ourselves to
him alone. Why else do we experience so many
changes and cronTes; why are we Co often in heavi.
ness ? We know that he delights in the pleasure
and prosperity of his servants, that he",T,2
265,0085100302,694566,694956,0.859,0,211082,211369,A48874,41,specific_quotes_v1210,top188-194,"nother reason *why* God hath scattered up and down *several degrees of pleasure and pain, in all the things that environ and affect us*; and blended them together, in almost all that our Thoughts and Senses have to do with; that we finding imperfection, dissatisfaction, and want of comp","tation which providence has allotted us; and
however we may judge of happiness in others, measuring
them bv our own desires, we fiall be sure to err: God
is jull and equal in all his ways; and,

What happier natures f(rink at with affright,
The hard inhabitant contends is right.
We travelled on without any thing to attract our par-
ticular attention, except the dreary mountains, at great",N,2
0,0346400202,134293,134680,0.865,33,279932,280116,A48874,13,specific_quotes_v1210,top20,"l such complex *Ideas,* which however compounded, contain not in them the supposition of subsisting by themselves, but are considered as Dependences on, or Affections of Substances; su","complex Idea, other Terms

l ay be introduced, that also denote compound
Ideas, though of an inferior Class. For the first
,a.' r; Idea being resolvable into others less complicated,

the Definition which enumerates there component
Ideas, muff confiul of the Names by which they are. expeffed.
And if it so happen, that the Ideas of this second Class are
also unknown, their Tern-s too o",M,2
1,0852000101,10585684,10586099,0.859,33,279932,280116,A48874,13,specific_quotes_v1210,top20,"l such complex *Ideas,* which however compounded, contain not in them the supposition of subsisting by themselves, but are considered as Dependences on, or Affections of Substances; su","up such complex idea.---The
reason of this is, that the simple ideas, which make up our
complex ideas of substances, have no visible necessary con-
nexion, or inconsistence, with other simple ideas, whole co-
existence with them we would inform ourselves about.----
These ideas being liRewife, for the moll part, secondary qua-
lities, which depend upon the primary qualities of their minute
or insensible parts, or",M,2
2,0297300105,75270,75678,0.858,33,279932,280116,A48874,13,specific_quotes_v1210,top20,"l such complex *Ideas,* which however compounded, contain not in them the supposition of subsisting by themselves, but are considered as Dependences on, or Affections of Substances; su","two or more ideas is called complex.

Complex Ideas are often confidered as tingle and distinct beings, though they
may be made up of several simple ideas; so a body, a spirit, a house, a tree, a
flower. But when several of there ideas ns a different kind are joined together,
which are wont to be confidered as distinct ingle beings, this is called a compounded
idea, whether these united ideas be simple or",M,2
3,0025700100,189311,189765,0.856,33,279932,280116,A48874,13,specific_quotes_v1210,top20,"l such complex *Ideas,* which however compounded, contain not in them the supposition of subsisting by themselves, but are considered as Dependences on, or Affections of Substances; su","the precise nature and composition of the ideas affixed to those words which have
complex ideas, in a proper sense, i. e. which excite any combinations of simple ideas
united intimately by association; also to explain, upon this foundation, the proper use
of those words, which have no ideas. For there are many words which are mere
substitutes for other words, and many which are only auxiliaries. Now it cannot be
said, that either of these have ideas,",M,2
4,0539801000,58038,58397,0.854,33,279932,280116,A48874,13,specific_quotes_v1210,top20,"l such complex *Ideas,* which however compounded, contain not in them the supposition of subsisting by themselves, but are considered as Dependences on, or Affections of Substances; su",", a
heavy Body, afwift Horse, C&c. Every Thing that
can be divided by the Mind into two or more Ideas
is called complex.

Complex Ideas are often confidered as single and
diflinS Beings, tho' they may be made up of fe-
veral simple Ideas; so a Body, a Spirit, a House,
a Tree, a Flower. But when several of these
Ideas of a different Kind are join'd together,",M,2
6,0689200107,650193,650626,0.848,33,279932,280116,A48874,13,specific_quotes_v1210,top20,"l such complex *Ideas,* which however compounded, contain not in them the supposition of subsisting by themselves, but are considered as Dependences on, or Affections of Substances; su","the ideas they have in their minds, being referred to
y real essences as archetypes which are unknown, they

must be so far from being adequate, that they cannot
s be supposed to be any representation of them at all.
- Our complex ideas of substances are nothing but certain
- collections of simple ideas that have been observed or
d supposed constantly to exist together. But such a com-

plex idea cannot be the real essence of any",M,2
7,0888800101,6499410,6499826,0.847,33,279932,280116,A48874,13,specific_quotes_v1210,top20,"l such complex *Ideas,* which however compounded, contain not in them the supposition of subsisting by themselves, but are considered as Dependences on, or Affections of Substances; su","another, but only imaginarily, or il our conception.
COMPLEX ideas, in logic, are such as are compounded of fevcral
simple ones. See TERM and IDEA.
COMPLEX propoJition, is either that which has at least one of
it's terms complex, or such as contains several members, as cafilal
propositions: or it is several ideas offering themselves to our
thoughts at once, whereby we are led to affirm the fame thing of
different",M,2
8,1731900101,4856026,4856406,0.847,33,279932,280116,A48874,13,specific_quotes_v1210,top20,"l such complex *Ideas,* which however compounded, contain not in them the supposition of subsisting by themselves, but are considered as Dependences on, or Affections of Substances; su","; that of which the existence presupposes the exiftenice

of something else.,.

Modes I call such complex ideas, which, however cormi-

pounded, contain not in them the supposition of subsisting by
themselves, but are considered as dependencies on, or affedions
of substances; such are the ideas signified by the words tri-
angle, gratitude, murder. Locke.

DEPE'NDANT. adj. [from",P,2
10,0847000102,406921,407318,0.846,33,279932,280116,A48874,13,specific_quotes_v1210,top20,"l such complex *Ideas,* which however compounded, contain not in them the supposition of subsisting by themselves, but are considered as Dependences on, or Affections of Substances; su","from them, no other than a power to produce thelc lien-
fations in us.
Complex ideas are those notions or conceptions of
things that result from the various combinations and
union of our limple ideas. These are of two principal
kinds, namely, fich as are derived fiom without, and
ieprclent thole combinations of simple ideas, that have a
real existence in nature, and are conceived to co-exiit in",M,2
12,0168300500,7702,8143,0.844,33,279932,280116,A48874,13,specific_quotes_v1210,top20,"l such complex *Ideas,* which however compounded, contain not in them the supposition of subsisting by themselves, but are considered as Dependences on, or Affections of Substances; su","some but
differ in other parts, it then separates the parts
which agree from those which do not; and the
simple idea becomes a complex one; these may
be called complex in their nature or substances:
arbitrary ones are formed by adding several
simple ideas together.

14. Ideas and effets which always accompany
each other, are supposed to be derived from the
fame cause, e. g. If a body is interposed be-
tween our two hands they cannot come",M,2
13,0053000106,64475,64846,0.843,33,279932,280116,A48874,13,specific_quotes_v1210,top20,"l such complex *Ideas,* which however compounded, contain not in them the supposition of subsisting by themselves, but are considered as Dependences on, or Affections of Substances; su",", aiunft horses &c.
every thing that can be divided by the mind into two or more ideas
is called complex. .
Complex ideas are often confidered as single and difinta beings; though
they may be made up of several limple ideas; so a body, afpirit, a
hotfe, a tree, afiower.-But when several of these ideas of a different
kiind are joined together, which are wont to be confi",P,2
14,1439300101,122137,122484,0.842,33,279932,280116,A48874,13,specific_quotes_v1210,top20,"l such complex *Ideas,* which however compounded, contain not in them the supposition of subsisting by themselves, but are considered as Dependences on, or Affections of Substances; su","things are. But complex ideas, or notions of complex
:objects, the mind cani ft:.-m for itself, by fuappofing a
number of simple or complex notions or things coin-
bined together in one afimblopge. When -lbch complex
ideas are not derived si om memory, we refer them to
the imagination. No n'an e':er saw a mountain of
ivory ; but he, who has seen",M,2
15,1092700101,48484,48910,0.842,33,279932,280116,A48874,13,specific_quotes_v1210,top20,"l such complex *Ideas,* which however compounded, contain not in them the supposition of subsisting by themselves, but are considered as Dependences on, or Affections of Substances; su","the mind was instructed to compound others,
even such, perhaps, as existed by these means in
idea and notion, before the combinations, whereof
they became the architypes, existed in ad. Our
ideas of relations, and of the relations of relations,
which are comprehended so often in our complex
ideas, or notions, are not positive beings that exist
by themselves, and can be contemplated by them-
selves. Modes are the affcdtions",M,2
18,0581100300,115215,115595,0.842,33,279932,280116,A48874,13,specific_quotes_v1210,top20,"l such complex *Ideas,* which however compounded, contain not in them the supposition of subsisting by themselves, but are considered as Dependences on, or Affections of Substances; su","means a
conscious, intelligent, active, felf-exerting Being.
Thus we define compound Ideas, or complex
Conceptions; but as for those that arefimple,
they cannot be defined otherwise than by orme
synonymous Term, because they canl be known
only by Experieice.

26. ANY one ihtire Being that cannot be di-
vided into more of the fame Kind, Of
we call an Individual, whether it be Of",M,2
20,1479400101,613231,613633,0.841,33,279932,280116,A48874,13,specific_quotes_v1210,top20,"l such complex *Ideas,* which however compounded, contain not in them the supposition of subsisting by themselves, but are considered as Dependences on, or Affections of Substances; su","The names of substances.
(I.) Of simple Ideas, which cannot be defined

or explained per notiora, since definition is re-
solving the thing to be defined into its moal
simple Ideas ; but complex Ideas may be defined,
because they may be resolved into their simple

Ideas ;

Ideas; and simple modes may be defined, being
the manner in which these simple Ideas are come
bined ; and therefore the mind may",M,2
23,1179800200,320320,320729,0.839,33,279932,280116,A48874,13,specific_quotes_v1210,top20,"l such complex *Ideas,* which however compounded, contain not in them the supposition of subsisting by themselves, but are considered as Dependences on, or Affections of Substances; su","Complex Ideas, and have his own
definition of the term.-He lays there,

Ac As simple ideas are observed to exist
in several combinations united together;
so the mind has a power to confider
several of them united together as one
. idea; and that not only as they are
united in external objeEts, but as itself
has joined them. Ideas thus made up
of several simple ones put together, I call
complex; such as are",M,2
27,0821500101,747641,747964,0.837,33,279932,280116,A48874,13,specific_quotes_v1210,top20,"l such complex *Ideas,* which however compounded, contain not in them the supposition of subsisting by themselves, but are considered as Dependences on, or Affections of Substances; su","Of our Complex Ideas of Substances.
Ideas of Sub . . i.. H E Mind being, as I have declar'd, furnifh'd with a great number of
fiances, how ] the simple Ideas, convey'd in by the Senses, as they are found in exte.
made. riour things, or by Refleftion on its own Operations, takes notice also, that a

certain number of these",M,2
30,0223400103,753227,753657,0.836,33,279932,280116,A48874,13,specific_quotes_v1210,top20,"l such complex *Ideas,* which however compounded, contain not in them the supposition of subsisting by themselves, but are considered as Dependences on, or Affections of Substances; su","are designed to represent, and there
will be no danger of confusion or miffake.

Words representing complex ideas, which are
objets of our senses, are defined by enumerating
the simple ideas of which they are compounded.

Words representing simple ideas cannot properly
be defined, for it is impossible to analyze the idea
white, sweet, &c.

It is unnecessary to fay any thing of the nature
and use of those words called particles",M,2
31,1440900103,790437,790829,0.836,33,279932,280116,A48874,13,specific_quotes_v1210,top20,"l such complex *Ideas,* which however compounded, contain not in them the supposition of subsisting by themselves, but are considered as Dependences on, or Affections of Substances; su","ing, any ideas or notions, yet are they not unaccompanied
by ideas and notions. That would be to have no meaning at

all,

cafes of the latter kind. The essences of substances are absolutely unknown to
:us, but the essences of complex modes are perfectly known, so that we have
clear and diftin&c notions, tho we cannot have clear and distinct ideas, nor indeed
any ideas at all of them. From",M,2
39,0601600100,2837980,2838312,0.835,33,279932,280116,A48874,13,specific_quotes_v1210,top20,"l such complex *Ideas,* which however compounded, contain not in them the supposition of subsisting by themselves, but are considered as Dependences on, or Affections of Substances; su",",

COMPLEX Ideas are often confidered as single
and diRlinct Beings, tho' they may be made up of
fvevral simple Ideas; so a Body, a Spirit, a House,
a Tree, a Flower. But when feveral.of these Ideas
of a different Kind are joined together, which are
wont to be confidered as diftind iingle Beings, this
is called a compounded Idea,,",M,2
40,0367400402,3941606,3941977,0.835,33,279932,280116,A48874,13,specific_quotes_v1210,top20-26,"l such complex *Ideas,* which however compounded, contain not in them the supposition of subsisting by themselves, but are considered as Dependences on, or Affections of Substances; su","'ly passive.
Of the fcond kind of complex ideas are
all those arbitrary collecfions of difei ent
ideas. which the mind by ust own powers
occSonally pots together, by compound-
ing, compariu, divertiying and uniting
its original notces, either for uft in the
conmmerc of life, or in i pursuit tor
fartherknowvlege; such are our ideas of
fIsted lengths, whether of duration",M,2
61,0317700100,3197697,3198019,0.83,33,279932,280116,A48874,13,specific_quotes_v1210,top26-32,"l such complex *Ideas,* which however compounded, contain not in them the supposition of subsisting by themselves, but are considered as Dependences on, or Affections of Substances; su","or Equivalent to the whole Complexion, because that is'Explaining Idem
per Diverun ; Or Thus, if Simple Ideas cannot be Defined,. it is Impollible Complex I-
deas, which Consist of those Simple Ones, Ihould be; unlcfs we can'Define an As-
iiemblage of Simple Ideas, by an Assemblage of Simple Ideas, that is, by Synonymous",M,2
74,0658401000,32112,32441,0.827,33,279932,280116,A48874,13,specific_quotes_v1210,top32-38,"l such complex *Ideas,* which however compounded, contain not in them the supposition of subsisting by themselves, but are considered as Dependences on, or Affections of Substances; su","W H EN two or more Ideas are combin'd to-
gether, the Composition is call'd a ComplexIdea,
and such are all the Ideas of Modes, Substances
and Relations.

W HEN an Idea is rescinded from the Ideas
of Time, Place, and real Exittence, or other
concomitant Ideas, and is made the Reprefen-
tation of several Particulars for the hast",M,2
82,1448700301,1655033,1655349,0.825,33,279932,280116,A48874,13,specific_quotes_v1210,top38-44,"l such complex *Ideas,* which however compounded, contain not in them the supposition of subsisting by themselves, but are considered as Dependences on, or Affections of Substances; su","(L.) the Sum or Whole. De Sommrs

rs haer geheel.

COMPLEX' Ideas, ( in Logick) are Ideas compoun·

ded, or consisting of several Iample Ideas. LOCK(E(
Saamengesii1de Din~kbeelden.

COMPLEX' Proposition , is either that which has

at least one of its Terms Complex, or such as
contains several Members, as causal Pro",P,2
105,0025801800,7309,7741,0.822,33,279932,280116,A48874,13,specific_quotes_v1210,top44-50,"l such complex *Ideas,* which however compounded, contain not in them the supposition of subsisting by themselves, but are considered as Dependences on, or Affections of Substances; su","the other, of these two
classes.

Ideas are either simple or complex. A simple
idea, whether of sensation or reflection, presents
but one uniform, indivisible character to the mind,
which will not admit of plurality; nor can it pos-
sibly be perceived to contain two different na-
tures. Such are all those before mentioned. All
simple ideas of sensation the mind passively rc-

A2

ceives from external objects, and all simple idea",P,2
141,0211101400,19595,19992,0.817,33,279932,280116,A48874,13,specific_quotes_v1210,top50-56,"l such complex *Ideas,* which however compounded, contain not in them the supposition of subsisting by themselves, but are considered as Dependences on, or Affections of Substances; su","bin'd and associated several Ideas
into one Word, such as yealoufji, Stpicion,
Envy. Sometimes where the Passions them-
selves have scarce any difference, yet there
are different Names for them. And there
are many other combin'd Passions that have
no Name. A perfec Scheme therefore is
notto be expected.

9. Finally, I would give my Readers
notice, that several of there Principles,
Qualities, or",M,2
147,0329800300,55177,55546,0.817,33,279932,280116,A48874,13,specific_quotes_v1210,top56-62,"l such complex *Ideas,* which however compounded, contain not in them the supposition of subsisting by themselves, but are considered as Dependences on, or Affections of Substances; su","or compound-
ing Ideas.

'Tis by the means of Imagination
that the Ideas or Notions of Things are
diverfify'd. It (hews that the Soul is not
obliged always to think of Things in
the fame Order as the Ideas of them
were at first excited; but that it can, by

the

the free Exercise of a Power inherent ESSAY
in itelf, either separate the Ideas of I.
Things that are most",M,2
196,0753000100,130126,130508,0.813,33,279932,280116,A48874,13,specific_quotes_v1210,top62-68,"l such complex *Ideas,* which however compounded, contain not in them the supposition of subsisting by themselves, but are considered as Dependences on, or Affections of Substances; su","Two, or two complex in one id.a.

But that Idea, which is a complex Idea, is the Idea of the two Idea's, represented complex in
one Idea, and not the two Idea's really connected into one; which is no lets absurd a Contra-
diction to suppose, than to iuppofe that two Persons Natural are really connected into one Manl
the Idea's of the Mind being proper and adequate Objecs, whereby",P,2
209,0522601300,102591,102974,0.812,33,279932,280116,A48874,13,specific_quotes_v1210,top68-74,"l such complex *Ideas,* which however compounded, contain not in them the supposition of subsisting by themselves, but are considered as Dependences on, or Affections of Substances; su","Substances that are compounded
put of themi namely, that they run thro' an

infinite

infinite variety of Changes from the Operations
of the Mind upon them; but do in themselves
remain the fame and unchangeable. As all our
Compounded Ideas are made out of These a-
lone, and as even our most abftra CoGmplex
NTotions take their first R/ie from them; Ib is
our Knowledge of all Things",M,2
230,0621500102,1017000,1017298,0.81,33,279932,280116,A48874,13,specific_quotes_v1210,top74-80,"l such complex *Ideas,* which however compounded, contain not in them the supposition of subsisting by themselves, but are considered as Dependences on, or Affections of Substances; su","not (imple.
plexo compuesto, lo qe
de muchas partes.
COMPLEX TERMS, Or IDEAS.(

Such as are comipounded of
veral limple ones. 7erm;no,
plexos , ideas complexas.
COMPLEX PROPOSITION. Proys

complexa.
CÓMPLEX. s. V. coMPLATIO
COMPLÉXEDNESS. s. Co

cation, involution of many
ticular parts in one inte",M,2
266,0340900500,419871,420149,0.809,33,279932,280116,A48874,13,specific_quotes_v1210,top80-86,"l such complex *Ideas,* which however compounded, contain not in them the supposition of subsisting by themselves, but are considered as Dependences on, or Affections of Substances; su",", or
Suspension.
The CONSISTENCE of Notions with each other is expreifed
by conjoining Particles; as, i. COPULATIVES ; as, and, alfi,
bath, so as. . CoNCESSIVE; as, altho', altough, albeit, at leafs.
The DEPENDENCE of one Notion on another is expressed by,
I. CAUsALS ; as, for,",M,2
329,0533300200,43267,43636,0.804,33,279932,280116,A48874,13,specific_quotes_v1210,top86-92,"l such complex *Ideas,* which however compounded, contain not in them the supposition of subsisting by themselves, but are considered as Dependences on, or Affections of Substances; su","Things, ob. in their Conception
they often fee no farther than the immediate
Import of Words and Nlames, without conider-
ing whether these are properly applied or
otherwise. To certain Terms are ainexed,
certain Aflociations of Ideas, ad it is frequent-
ly tthofe Afociations of Ideas alone, 'y w'ich
th.ey. form their Opinions and reglate their
Condut.

D 3 HEaB

( 3",T,2
344,1120900100,146971,147350,0.804,33,279932,280116,A48874,13,specific_quotes_v1210,top92-98,"l such complex *Ideas,* which however compounded, contain not in them the supposition of subsisting by themselves, but are considered as Dependences on, or Affections of Substances; su","they represent but
that Part of them only wherein they agree
with others of the fame Kind.

Now there abftrated Ideas evidently arise
from a Power that is in the Mind itfeJi to ab-
firad or divide one Part of an Idea from the
other, or to feperate mingled Ideas, and con-
ceive them apart.

Another Sort of abflracred Ideas, and which
indeed are more properly caUcd by thit Name,",T,2
376,1196300101,554361,554747,0.802,33,279932,280116,A48874,13,specific_quotes_v1210,top98-104,"l such complex *Ideas,* which however compounded, contain not in them the supposition of subsisting by themselves, but are considered as Dependences on, or Affections of Substances; su","ties and attributes that essential-
ly appertain to them, and which we ought to assign
thlem by abltraEtion, as confidering them a priori.
Hence it appears, that this doctrine ihould proceed
in its operations from the moil simple ideas; such
as do not admit of any other qualities of which they
may be compounded. These Pimple ideas are, for
example, those of being, of essence, of fubl",M,2
417,0282600204,110339,110711,0.8,33,279932,280116,A48874,13,specific_quotes_v1210,top104-110,"l such complex *Ideas,* which however compounded, contain not in them the supposition of subsisting by themselves, but are considered as Dependences on, or Affections of Substances; su","ly the difference betwixt sensations and ideas.
j Ibid. p. 73, 74, and 75.

x

use the faculty of abftration and eparation, which is peculiar o
the intell-eull nature, and without which we never could have
formed ideas of any kind. For in this material world, as some of
the antient philosophers have observed, particularly Anaxagoras, as
I remember, all things are so mni",T,2
461,0303900101,321226,321607,0.798,33,279932,280116,A48874,13,specific_quotes_v1210,top110-116,"l such complex *Ideas,* which however compounded, contain not in them the supposition of subsisting by themselves, but are considered as Dependences on, or Affections of Substances; su","some parts of several, diffe-
' rent and inconsistent ideas are put together.' This definiti-
on is unintelligible and unworthy of his natural acuteness. An
abftra& ideais not the idea of any thing really existent, but a
general idea, in which many particular things agree. It is a
preterition of, or non-attention to the particularities and fpe-
cialities that determine it to one",T,2
471,1022801000,298293,298652,0.797,33,279932,280116,A48874,13,specific_quotes_v1210,top116-122,"l such complex *Ideas,* which however compounded, contain not in them the supposition of subsisting by themselves, but are considered as Dependences on, or Affections of Substances; su","tended Substance; and for this
Reason, that it is not possible to have any
Idea at all of unextended Substance.

The Ideal of thinking Being, (faith Mr. Norris)
and extended Being, are compleat and really dilfinc?
Ideas, and not one and the fame Idea incompleatly
confidered. And if the Ideas of these things are
really diftinF, then the things conceived by t",T,2
486,1127101500,2456,2795,0.797,33,279932,280116,A48874,13,specific_quotes_v1210,top122-128,"l such complex *Ideas,* which however compounded, contain not in them the supposition of subsisting by themselves, but are considered as Dependences on, or Affections of Substances; su","do not mean any particular
-Agreement, but any, or every Kind of A.-
greement that we are capable of dilcovering
'n our Ideas, As ideas themselves are of va-.
rious Kinds, so the Relations interceding be-

tween

[ 5 J
twcen. them are conformably different. Che
/gresemeilt of yrithinctical Ideas is, I fippolc,
either that of Equalit,, or",M,2
534,1004400104,177437,177793,0.795,33,279932,280116,A48874,13,specific_quotes_v1210,top128-134,"l such complex *Ideas,* which however compounded, contain not in them the supposition of subsisting by themselves, but are considered as Dependences on, or Affections of Substances; su","-
tions, which they are pleased to call Complex Ideas, all which -are re-
solvable into Propos.itions; and thro there, to others of the fame kind,
and so on ad i;znztum ; for of Modern Metaphysical Notions there is
no End. But wherever they stop, they leave the Mind as in a Miff,
perplexed and doubtful: for known or certain Conclusions never can
be drawn",M,2
564,0589900900,17597,17849,0.794,33,279932,280116,A48874,13,specific_quotes_v1210,top134-140,"l such complex *Ideas,* which however compounded, contain not in them the supposition of subsisting by themselves, but are considered as Dependences on, or Affections of Substances; su","lui-même.
:,tgS 'ESPRIT confidéré en lui-
. L | même eft un affemblage
:î*:.+, d'idées c car c'ef par feS
effets qu'on apperçoit, & non par
fa nature qu'on ignore, qu'il faut
le définir. L'Efprit ne produit pas
lui-même fes idées, il les reçoit

par l'",N,2
645,1599000700,70545,70869,0.792,33,279932,280116,A48874,13,specific_quotes_v1210,top146-152,"l such complex *Ideas,* which however compounded, contain not in them the supposition of subsisting by themselves, but are considered as Dependences on, or Affections of Substances; su","combination of things ading together'---"" a (or any)
scheme which unites'many things in order,"" is only a vague some-
thing; and does not by any means con ey the idea -here meant by
A SYSTEM; which is not ANY complexure, nor A fcheme'; but a CER-
TAIN complexure, and THE scheme, orPr.AN, WIIEREBYTH a ELEMENTS
AND PROCESSES",N,2
646,0137300602,107048,107477,0.792,33,279932,280116,A48874,13,specific_quotes_v1210,top140-146,"l such complex *Ideas,* which however compounded, contain not in them the supposition of subsisting by themselves, but are considered as Dependences on, or Affections of Substances; su",", found is.
their eflence, and therefore they cannot be
communicated by gesture, representation,
or figures.

All

All these different combinations are mental
productions in reality: when published, they
convey to mankind particular sentiments,.
and afford information, or inftruc2ion- of
some kind or other; therefore, if there be
property in one, there ihould be property
in all; for there is, properly speaking, a
combination,",T,2
659,0032201200,15308,15612,0.791,33,279932,280116,A48874,13,specific_quotes_v1210,top152-158,"l such complex *Ideas,* which however compounded, contain not in them the supposition of subsisting by themselves, but are considered as Dependences on, or Affections of Substances; su",". aggregate of
all. the ideas.

O. How does abffrafion assec the exten--
sion ?

A. It encreafes it, for, since abftraRion le-
parates the ideas, and that extension cannot-
be encreafed, without removing the ideas, that
are peculiar to the individual, or fort, it rmuf
necelffrilyvencreafe it..

N. B; It",T,2
746,0343500200,37079,37492,0.789,33,279932,280116,A48874,13,specific_quotes_v1210,top158-164,"l such complex *Ideas,* which however compounded, contain not in them the supposition of subsisting by themselves, but are considered as Dependences on, or Affections of Substances; su","Association
of Ideas.-Of late, the phrase has been used
in a more extensive sense, to denote the ten-
dency which our thoughts have to succeed
each other in a regular train; whether the
connection between them be eflablifhed by
custom, or arise from some other associating
principle.

53. What the different circumfiances are,
which regulate the fucceflion of our thoughts,
it is not poflible, perhaps, to enumera",T,2
763,0504100300,378769,379137,0.788,33,279932,280116,A48874,13,specific_quotes_v1210,top164-170,"l such complex *Ideas,* which however compounded, contain not in them the supposition of subsisting by themselves, but are considered as Dependences on, or Affections of Substances; su","moit confuted and ambiguous.
Every Man, because theyare fre-
quently used in Conversation, or
Writing, apprehends, he perse&-
ly underitands them; while few
annex to them the fame Ideas,
and others appear to have no
certain or diftint Idea of them
at all. Among several Words of
this Kind, which Use has made
current, without imprefling any
real Character upon them; f",T,2
818,0763301100,223668,224067,0.787,33,279932,280116,A48874,13,specific_quotes_v1210,top170-176,"l such complex *Ideas,* which however compounded, contain not in them the supposition of subsisting by themselves, but are considered as Dependences on, or Affections of Substances; su","; in the
fame manner as, if there were no letters, there
could be no words, or if there were no simple
and undefinable ideas, there could be no com.
plex ideas. - I might mention some infrances
of things, that are discernible no other way
than intuitively, which learned men have
firangely confounded and obscured, by treat.
ing them as fubjecs of reasoning and deduziioli,
One of the most important",M,2
851,0371401500,152567,152906,0.786,33,279932,280116,A48874,13,specific_quotes_v1210,top182-188,"l such complex *Ideas,* which however compounded, contain not in them the supposition of subsisting by themselves, but are considered as Dependences on, or Affections of Substances; su","c. font é-
videntes par elles-mêmes, quoiqu'on ne puiffe
les définir; maisles mots qui défignent des idées
complexes, c'eft à dire, un affemblage d'idées
évidentesconfidéré comme une feule chofe, font
les vrais objets de la définition; parce que les
différents termes qui répréfentent ces idées,
quand ils font réunis, montrent la liaifon,",M,2
858,0814200300,90255,90649,0.786,33,279932,280116,A48874,13,specific_quotes_v1210,top176-182,"l such complex *Ideas,* which however compounded, contain not in them the supposition of subsisting by themselves, but are considered as Dependences on, or Affections of Substances; su","and vices (for inifance) and to all
the forts of objects, whereof the conceptions are usually called
abstract ideas. But the mind, for its own convenience, con-
fiders each of these objeCts, when denoted by a substantive
name, as having a principle of exigence- incommunicable to
any other object; as animals, vegetables, and other external
material objects are observed to have. Hence these ab",T,2
906,0488301000,814665,815035,0.785,33,279932,280116,A48874,13,specific_quotes_v1210,top188-194,"l such complex *Ideas,* which however compounded, contain not in them the supposition of subsisting by themselves, but are considered as Dependences on, or Affections of Substances; su","(hall be neceffary-to have recourfe-to-terms too complex in .their signification to exhi.
ING NOTE. bit the requisite ideas, without. the affifance of a greater or less quantity of matter of an-.

expository nature. Such terms) like the symbols used in algebraical notation, are' rather
substitutes and indexes to the terms capable of themselves of exhibiting ihe ideas.",T,2
930,1059101200,177963,178274,0.784,33,279932,280116,A48874,13,specific_quotes_v1210,top194-200,"l such complex *Ideas,* which however compounded, contain not in them the supposition of subsisting by themselves, but are considered as Dependences on, or Affections of Substances; su","by Dependence; thirdly by Re-
pugnance and Opposition or Suspension.

The CONSISTENCE of Notions with each other is
expressed by conjoining Particles; as,

i. Copulatives; as, and, aso, both, Jo as.
2. Concessives; as, altho' or although, albeit, at lea/l.
The DEPENDENCE of one Notion on another is ex-
prcffed",N,2
0,0126101600,12724,13152,0.836,464,730029,730244,A48874,5,specific_quotes_v1210,top20,"ing their Causes, or any otherwise. The *Atomists,* who define Motion to be *a passage from one place to another,* What do they more than put one synonymous Word for another? For what is *Passage* other than *Motion","species of motion ihould be mentioned:
I answer this is absurd, since all motion is
no more than a passage from one place to
another, which can never produce thought;
for this motion, communicated to organized
matter does no more than displace and re-
place the molecules; which are moved. Now
let us conceive one of these small particles
to go from A to B, and from B to A. and
fee whether this has any thing in common
with the",P,2
1,0032300303,316704,317093,0.833,464,730029,730244,A48874,5,specific_quotes_v1210,top20,"ing their Causes, or any otherwise. The *Atomists,* who define Motion to be *a passage from one place to another,* What do they more than put one synonymous Word for another? For what is *Passage* other than *Motion","finition. Is it more simple or more intelligible
than motion ? But, of all, the most remarkable
definition of motion is that of Aristotle, famous
'for its impenetrability, or rather absurdity, viz.
"" A&us entis in potentia,' quatenus in poten-
"" tia t.""

Extension enters into the conception of every
particle of matter; because every particle of
matter has length, breadth, and thickness.",P,2
2,0950400202,174195,174527,0.825,464,730029,730244,A48874,5,specific_quotes_v1210,top20,"ing their Causes, or any otherwise. The *Atomists,* who define Motion to be *a passage from one place to another,* What do they more than put one synonymous Word for another? For what is *Passage* other than *Motion","ciens définiffoient le mouvement comme les modernes, Définition
un changement de lieu (i), ou le paffage d'un lieu à un autre (2); ils u mouve-

ment; & fort
connoiffoient l'accélération de la defcente des corps dans leur chûte (3): accélération.
mais ils n'avoient pas fu, à la vérité, en déterminer les loix, quoiqu'ils
ne fuffent",P,2
3,0282500201,128827,129198,0.823,464,730029,730244,A48874,5,specific_quotes_v1210,top20,"ing their Causes, or any otherwise. The *Atomists,* who define Motion to be *a passage from one place to another,* What do they more than put one synonymous Word for another? For what is *Passage* other than *Motion","definition of motion; yet they are a different
species of mstion, commonly expressed by the term adiont.

This leads me to inquire into the nature of this universal ac7ion,
-and its correfpondent,p/fln, which run through the whole of nature;
for every thing, as was said, is destined by nature to a or susser,
or both :; and, where there is an agent, there muff of necess",M,2
4,0330200902,334372,334737,0.822,464,730029,730244,A48874,5,specific_quotes_v1210,top20,"ing their Causes, or any otherwise. The *Atomists,* who define Motion to be *a passage from one place to another,* What do they more than put one synonymous Word for another? For what is *Passage* other than *Motion","ascribes all Motion
to a primitive Impulse given by God, and the
Mechanical Affe&ions of Parts of Matter ; It
being the fame thing in assigning the Causes
of things to particular Motions, as Swift, Slow,
Uniform, &-c. whether the Parts of Matter
wed their Original Motions to Nature, or to
God; only it may be fiuppofed, that his infi-
nitely perfeE Knowledge might",M,2
5,0444900700,59949,60301,0.818,464,730029,730244,A48874,5,specific_quotes_v1210,top20,"ing their Causes, or any otherwise. The *Atomists,* who define Motion to be *a passage from one place to another,* What do they more than put one synonymous Word for another? For what is *Passage* other than *Motion","and determinate, than in
those heterogeneous Compositions which we are
acquainted withal.

CHAP. V.
Of MOBILITY of Matter, and the Na-

ture of MOTION and REST.
A R A Y what is meant by the Mobility

p of Matter ?
B. It is that essential Property, whereby any
Part of Matter is capable of Motion, or being
moved.

A. What is Motion ?
B. A continual and",M,2
7,0037700103,174779,175181,0.816,464,730029,730244,A48874,5,specific_quotes_v1210,top20,"ing their Causes, or any otherwise. The *Atomists,* who define Motion to be *a passage from one place to another,* What do they more than put one synonymous Word for another? For what is *Passage* other than *Motion","motion are in_
volved the ideas of SPACE and TIME.

In treating of motion we have therefore to
confider, . The power or force which causes the
motion. 2. The substance moved. 3. The space
palted over by the moving body. 4. The time or
duration of the motion.

Space is the place of every exiflence; it is
dntihguifhed into absolute and relative, or place
and situation,

We do not perceive the absolute",M,2
10,1204402400,221712,222124,0.813,464,730029,730244,A48874,5,specific_quotes_v1210,top20,"ing their Causes, or any otherwise. The *Atomists,* who define Motion to be *a passage from one place to another,* What do they more than put one synonymous Word for another? For what is *Passage* other than *Motion","a-

motion

,niotion somewhat declining from a right
line, and which gives to atoms the
,means of crossing and intercepting each
*other. Thus they turn them at their
pleasure, and just as their imagination
suggests the most plausible method of
coming to their point. But where are
they taught this declination of.atoms,
which comes in so opportunely to save
their system ? If a firait line in motion
be-effential",M,2
11,0037500600,17046,17471,0.81,464,730029,730244,A48874,5,specific_quotes_v1210,top20,"ing their Causes, or any otherwise. The *Atomists,* who define Motion to be *a passage from one place to another,* What do they more than put one synonymous Word for another? For what is *Passage* other than *Motion","the medium through
which it moves, and of the time it takes up in moving. For we can form no
compleat conception of motion abflra&ed from either of there.

To give a clear definition, therefore, or explain the nature and cause of
motion in general, it is necessary to illustrate the simple ideas, of which that
of motion is compounded.

Mvetaphyficians indeed have usually defined motion .,to be change of place,
or a passage",M,2
13,0371401500,152085,152437,0.808,464,730029,730244,A48874,5,specific_quotes_v1210,top20,"ing their Causes, or any otherwise. The *Atomists,* who define Motion to be *a passage from one place to another,* What do they more than put one synonymous Word for another? For what is *Passage* other than *Motion","que tout ce que j'ai
dit, convaincra que le mouvement doit entrerdans
la définition de la matière, ainfi que fon étendue
& fa folidité. Si l'on me demande la définition
du mouvement lui-même, je dirai que ni moi
ni perfonne ne pouvons la donner. Ce n'elt pas
que nous le connoiffions moins pour cela; au
contraire nous le connoiffons beaucoup mieux
que",M,2
14,0254900101,1489335,1489671,0.807,464,730029,730244,A48874,5,specific_quotes_v1210,top20,"ing their Causes, or any otherwise. The *Atomists,* who define Motion to be *a passage from one place to another,* What do they more than put one synonymous Word for another? For what is *Passage* other than *Motion","holds the ato.tvzcalphilofophy, or dotrine
of atoms.
The atomrnfs, who define motion to be a pas-
sage from one place to another, what do they more
than put one synonymous word for another ?

Loacd.
Now can judicious atomiifs conceive,
Chance to the fun could his just irmipulfe give ?

Blackmoil
A'TOM Y. n.J An obsolete word for atom.",P,2
15,0241200200,253869,254197,0.807,464,730029,730244,A48874,5,specific_quotes_v1210,top20,"ing their Causes, or any otherwise. The *Atomists,* who define Motion to be *a passage from one place to another,* What do they more than put one synonymous Word for another? For what is *Passage* other than *Motion","movement? All that part of language which belongs. to
its utterance, is intirely. to be regulated- by the. ruls of music;.
that is, of melody and rhythmus: how then is it poflible, to bring
that part of it to the perfetion it may be capable of,, if our men
of letters are so ignorant. of. it, as to doubt.or deny its. existence?",N,2
16,0267400400,83288,83601,0.807,464,730029,730244,A48874,5,specific_quotes_v1210,top20,"ing their Causes, or any otherwise. The *Atomists,* who define Motion to be *a passage from one place to another,* What do they more than put one synonymous Word for another? For what is *Passage* other than *Motion","er, by the
help of Motion only.

I think it, with Mr. L. of good use in

a Philosophy, to know what
c. 4i.. s4,c. Words can, and what cannot

be defin'd; and I am persuaded
also tlat, of the latter Sort only, are the
Names of our Simple Ideas, of which Motion
is one: If any Man shou'd ask me what
Motion is thebe",P,2
17,1543000102,217998,218444,0.807,464,730029,730244,A48874,5,specific_quotes_v1210,top20,"ing their Causes, or any otherwise. The *Atomists,* who define Motion to be *a passage from one place to another,* What do they more than put one synonymous Word for another? For what is *Passage* other than *Motion","force and neceflary motion;

and

and yet they convey no meaning. The idea of
motion is nothing more than the idea of pafling
from one place to another, nor can there be any
motion without some particular dire&ion ; for
no individual being can move several ways at
once. In what manner, then, is it that matter
necessarily moves ? Has all the matter of which
bodies are composed, a general and uniform
motion, or has each atom a particular motion",M,2
21,0452600900,226162,226534,0.803,464,730029,730244,A48874,5,specific_quotes_v1210,top20,"ing their Causes, or any otherwise. The *Atomists,* who define Motion to be *a passage from one place to another,* What do they more than put one synonymous Word for another? For what is *Passage* other than *Motion","vous alléguez vieennet de ce
que l'on confond la caufe avec l'effet ou
la force motrice avec le mouvement lo-
cal, & quand on croit avoir donné une
définition véritable du mouvement, il fe
trouve qu'on n'a rien dit finon que le
mouvement ejî le mouvement, en ne faifant
que changer un peu les termes. Quand
on voit rouler une boule fur la peloufe
& que l'on demande ce que",P,2
22,0104000305,218661,219094,0.803,464,730029,730244,A48874,5,specific_quotes_v1210,top20,"ing their Causes, or any otherwise. The *Atomists,* who define Motion to be *a passage from one place to another,* What do they more than put one synonymous Word for another? For what is *Passage* other than *Motion","by thelc vague
terms, universal force and ueceflhry motion;

and

and yet they convey no meaning. The idea of
motion is nothing more than the idea of passing
from one place to another, nor can there be any
motion without some particular direction; for
no individual being can move several ways at
once. In what manner, then, is it that matter
neceflarily moves ? Has all the matter of which
bodies are composed, a general and uniform",P,2
23,0403100201,797902,798283,0.803,464,730029,730244,A48874,5,specific_quotes_v1210,top20,"ing their Causes, or any otherwise. The *Atomists,* who define Motion to be *a passage from one place to another,* What do they more than put one synonymous Word for another? For what is *Passage* other than *Motion","it;
aid for that motion, also, to have various tendencies.
i Motion, in many parts of matter, appears manifest to sense; but how it came Whence motion
by this motion, is disputed. The ancient corpufcularians, who.acknowledged roceeds.
no author of the universe, were reduced to make it inherent in matter; and,
confequenty, coeval therewith: but since local motion, or an endeavour",M,2
24,0179100400,84842,85210,0.802,464,730029,730244,A48874,5,specific_quotes_v1210,top20,"ing their Causes, or any otherwise. The *Atomists,* who define Motion to be *a passage from one place to another,* What do they more than put one synonymous Word for another? For what is *Passage* other than *Motion","movens, in' this our
Number of
Atoms. corporeal Machine, from which the Motion of

the Body, Hand, or Finger, originally pro-
ceeds, was not one single Atom but a great
Number of Atoms, which began all at once
to move, or to move in a new Dire&ion, the
Difficulty will be the fame; for as no one of
these Atoms could, according.to the Suppofi-
tion, receive its Motion",M,2
25,0464004600,57056,57366,0.8,464,730029,730244,A48874,5,specific_quotes_v1210,top20,"ing their Causes, or any otherwise. The *Atomists,* who define Motion to be *a passage from one place to another,* What do they more than put one synonymous Word for another? For what is *Passage* other than *Motion",". Si l'on demande
d'où et venu le mouvement dans la matiere? Nous ré-
pondrons que par la m.me raifon elle a dû fe mouvoir
de toute éternité, vu que le mouvement eft une fuite
néceTfaire de on exiftence, de fon eence & de fes
propriétés primitives , telles que fon étendue , fa pe.
lànreur, fon impénétrabilité",M,2
29,0317700100,196315,196673,0.8,464,730029,730244,A48874,5,specific_quotes_v1210,top20,"ing their Causes, or any otherwise. The *Atomists,* who define Motion to be *a passage from one place to another,* What do they more than put one synonymous Word for another? For what is *Passage* other than *Motion","- ing the several Particulars which enter into our complex Sensation of it, which are
lerJ Idtthef recounted in §. 2. as Matter, Space, Place, and Time.
The Definition . 7. As for Motion abftra'ced from all it's Circumstances, it cannot be better de-
of Motion not fin'd than by naming it a continual Alteration or Change of Distance, altho' any
the Idea thi",M,2
30,0312200702,163714,163986,0.8,464,730029,730244,A48874,5,specific_quotes_v1210,top20-26,"ing their Causes, or any otherwise. The *Atomists,* who define Motion to be *a passage from one place to another,* What do they more than put one synonymous Word for another? For what is *Passage* other than *Motion","é,
tendue, mais eft-ce au moyen de
l'étendue ? Non: puifque l'idée du
mouvement renferme celle de l'éten-
due. Qui dit mouvement,. dit donc
plus qu'étendue; ce n'eft donc pas
l'étendue qui donne l'idée du mou-
vement & le fait concevoir.
»J'entens, dit-il enfin, par Dieu,",M,2
43,0035201000,157481,157881,0.797,464,730029,730244,A48874,5,specific_quotes_v1210,top26-32,"ing their Causes, or any otherwise. The *Atomists,* who define Motion to be *a passage from one place to another,* What do they more than put one synonymous Word for another? For what is *Passage* other than *Motion","every Man of common Sense knows
what it is, as well as the best Philosopher:
Now I ask any one, whether in his Sense
of Motion as he walks along the Streets,
the Stones he passes over may be said to
move, because they change Distance with
his.Feet? To me it seems, that though
Motion includes a Relation of one thing
to another, yet it is not neceflary that
each Term of the Relation be denominated
*",M,2
52,1181600116,147991,148330,0.794,464,730029,730244,A48874,5,specific_quotes_v1210,top32-38,"ing their Causes, or any otherwise. The *Atomists,* who define Motion to be *a passage from one place to another,* What do they more than put one synonymous Word for another? For what is *Passage* other than *Motion","be said by the Newtonians,
if one alk a fufcient reason why the atom A, is in
one place, and the atom B, exatly finilar, is in ano-
ther, the reason lies in the motion which impels them ;
and if we alk the reason of this motion, you muff
either fay, that this motion is necessary, or own that
God- began it. In fine, if it ihould be asked,",P,2
59,0477200503,525253,525523,0.793,464,730029,730244,A48874,5,specific_quotes_v1210,top38-44,"ing their Causes, or any otherwise. The *Atomists,* who define Motion to be *a passage from one place to another,* What do they more than put one synonymous Word for another? For what is *Passage* other than *Motion","liber-
té, & le mouvement quel qu'il puifle
être d'un atome, qui ne fait, ni où il
eft, ni qu'il exifle. Quelle confé-
quence y a-t-il entre ces deux pro-
poLitions, rame de fhomme' eft cOipo-
tfe d'atomes, qui en fe mouvant nécef-
'fairenmeit par des lignes droite, déc",N,2
76,0797400101,2237018,2237432,0.791,464,730029,730244,A48874,5,specific_quotes_v1210,top44-50,"ing their Causes, or any otherwise. The *Atomists,* who define Motion to be *a passage from one place to another,* What do they more than put one synonymous Word for another? For what is *Passage* other than *Motion","es
have their Motion from themselves, and that there
exist acive Atoms, from whole fortuitous or sudden
Concourse all created Beings were produced; which
Atoms, though edged in by others, are nevertheless
in a perpetual Agitation, to disengage themselves.
For if an Atom has a natural Motion, I ask to which
Part that Motion inclines most; for it cannot strive
in every Part ? And if it is supposed to incline more",M,2
86,0293701200,126308,126691,0.789,464,730029,730244,A48874,5,specific_quotes_v1210,top50-56,"ing their Causes, or any otherwise. The *Atomists,* who define Motion to be *a passage from one place to another,* What do they more than put one synonymous Word for another? For what is *Passage* other than *Motion","which a moving
Body changes its Place; and may always be known by the space
that the Body goes through in a given Time.

5. THE Quantity of Motion may be increas'd; either by.increaf-
ingthe Quantity of Matter, which is mov'd with a determinate
Velocity; or keeping the fame Quantity of Matter, and increasing
the Velocity; or by increasing both.-And in the three Cafes it is
done by",M,2
87,0207901000,18341,18705,0.789,464,730029,730244,A48874,5,specific_quotes_v1210,top56-62,"ing their Causes, or any otherwise. The *Atomists,* who define Motion to be *a passage from one place to another,* What do they more than put one synonymous Word for another? For what is *Passage* other than *Motion","motion may be the fame. 3dy. Motion is
the action of a body, by which it changes place.

3. Aristotle's definition of motion, viz. "" The
energy of what exiits in power, confidered as To ex-
ifing,"" sig;nifies, "" The a&ual exercise of the ca-
pacity which a being has of becoming an agent,
confidered as rendering that being an agent in fat,
which before had simply",P,2
99,0820100101,1612458,1612852,0.787,464,730029,730244,A48874,5,specific_quotes_v1210,top68-74,"ing their Causes, or any otherwise. The *Atomists,* who define Motion to be *a passage from one place to another,* What do they more than put one synonymous Word for another? For what is *Passage* other than *Motion","the
Schools speak. And indeed, Motion taken in this Sense, not for a Translation of
Body from one Place to another, but for the acive Cause of Motion, may be very
well said to be incorporeal, or the Deity itself. But how came this Motion into
Matter at first? And which Way did Matter attain this Divine AElivity, or God-
like Energy? Here they must assert one of these three Things; either, I.",M,2
103,0329700301,174675,175102,0.787,464,730029,730244,A48874,5,specific_quotes_v1210,top62-68,"ing their Causes, or any otherwise. The *Atomists,* who define Motion to be *a passage from one place to another,* What do they more than put one synonymous Word for another? For what is *Passage* other than *Motion","tendency
to move every way, it is evident it can move no way, feeing the endeavour towards motion,
would then be perfetly equal on all rifes of it ; and no reason could be given why it should de-
termine itself one way rather than another.

That motion is not essential to matter, appears farther from hence, that the idea of matter is
not inseparably united with that of motion. Solidity, extension, and figure, are properties",M,2
119,0038000100,17285,17639,0.784,464,730029,730244,A48874,5,specific_quotes_v1210,top80-86,"ing their Causes, or any otherwise. The *Atomists,* who define Motion to be *a passage from one place to another,* What do they more than put one synonymous Word for another? For what is *Passage* other than *Motion","about motion, as strange at the former, is
this, if there be two contiguous Bodies, A and
B; and if B, were carried towards C, by the
very fame A&ion A is transferred from B; so
that there is an equal quantity of motion, and
a&ion, in both, tho' to all men's senses, the
body A seems not to be moved at all. Another
law of motion, as contrary to sense as",M,2
126,0184200300,335506,335832,0.784,464,730029,730244,A48874,5,specific_quotes_v1210,top74-80,"ing their Causes, or any otherwise. The *Atomists,* who define Motion to be *a passage from one place to another,* What do they more than put one synonymous Word for another? For what is *Passage* other than *Motion","atom,
Aferting it's indisputable right
To dance, vould form an universe of dull:
Has matter none ? Then whence these glorious forms,
And boundless flight~, from fllapelefs, and repos'd .
Has matter more than motion ? Has it thought,
judgement, and genius? Is it deeply learn'd
lu mathematics f -Has it fram'd fluh laws,
Which,",T,2
145,0505201100,126084,126452,0.781,464,730029,730244,A48874,5,specific_quotes_v1210,top86-92,"ing their Causes, or any otherwise. The *Atomists,* who define Motion to be *a passage from one place to another,* What do they more than put one synonymous Word for another? For what is *Passage* other than *Motion","?

Do they mean, that Motion is Na-
tural to all Matter . Then must all
Matter be naturally and coniantly. in
Motion, and so there would, never be
any Reft in any Parts of Matter,: and
consequently there could be no Produ-
dions in Nature, nor any fixed State
of Material Things.

Do

Do they mean, that Motion is Na-
tural to some Parts of Matter; as for
instance, to",M,2
150,0532101200,156150,156524,0.78,464,730029,730244,A48874,5,specific_quotes_v1210,top92-98,"ing their Causes, or any otherwise. The *Atomists,* who define Motion to be *a passage from one place to another,* What do they more than put one synonymous Word for another? For what is *Passage* other than *Motion","as well as extension and soli-
dity. If I am asked the definition of

movement

C[ 93 ]
movement itself, I shall fay, that nei-
ther I nor any one else can give it. Not
that we know it the less on that ac-
count; on the contrary, we know it
much better than we do many things
which may be defined. Simple ideas,
such as those of movement, ofextenfion,
of colour, of found, &",M,2
170,1358700500,331743,332048,0.779,464,730029,730244,A48874,5,specific_quotes_v1210,top98-104,"ing their Causes, or any otherwise. The *Atomists,* who define Motion to be *a passage from one place to another,* What do they more than put one synonymous Word for another? For what is *Passage* other than *Motion","&rc. ne sont pas du mênme genre que les af·ctions
du mouvement, si on? peat parler ainsi, on que les attributs de
la matiire. Quelqu'un peut-il dire, quelle est la coulear, la
masse, on la figure d'une penisde, d'une idée, d'une notion
abstraite ? quel degré de ve1ocitt, quielle direaion est néces-
saire",T,2
181,0541600600,278919,279297,0.778,464,730029,730244,A48874,5,specific_quotes_v1210,top104-110,"ing their Causes, or any otherwise. The *Atomists,* who define Motion to be *a passage from one place to another,* What do they more than put one synonymous Word for another? For what is *Passage* other than *Motion","motion was yet necef-

fary to produce the forms of beings, such as they
are. Motion, in the original element, was a
physical power, an agency capable of producing
new forms of existence; it was the aaive prin-
ciple of creative life, the embryo of the future
world. But it was power without direction,
agency without order, acivity to no end. What-
ever exiftenccs its unguided",M,2
201,1194101100,74418,74803,0.777,464,730029,730244,A48874,5,specific_quotes_v1210,top110-116,"ing their Causes, or any otherwise. The *Atomists,* who define Motion to be *a passage from one place to another,* What do they more than put one synonymous Word for another? For what is *Passage* other than *Motion","left to go on. according to the
,laws of motion among themselves. Hence it is
spoken of as if it were a principle of motion en-
tirely diflin& from nature, and properly set in op-
position to it. Names being commonly given..to

things

things, according to what is most obvious, and is -
fuggeffed. by what appears to the senses without
refleition and research.'

3. It must be observe",M,2
209,0252000303,7804,8187,0.776,464,730029,730244,A48874,5,specific_quotes_v1210,top116-122,"ing their Causes, or any otherwise. The *Atomists,* who define Motion to be *a passage from one place to another,* What do they more than put one synonymous Word for another? For what is *Passage* other than *Motion","a
better. If they will define, the definition will either
be grounded upon a hypothesis, or it will darken
the fubjeci rather than throw light upon it.

The Aristotelian definition of motion, that it is
"" iczs cnztis in potentia, quatenus in potentia,"" has been
justly censured by modern Philosophers; yet I think
it is matched by what a celebrated modern Fhilofo-
pher has given us,",P,2
216,1175500200,37001,37355,0.776,464,730029,730244,A48874,5,specific_quotes_v1210,top122-128,"ing their Causes, or any otherwise. The *Atomists,* who define Motion to be *a passage from one place to another,* What do they more than put one synonymous Word for another? For what is *Passage* other than *Motion","motion; of its bounds,
figure, dimensions and extension.

D E F I N I T I O N VIII.
Extension of a body is that propertyi
whereby it occupies space; whence its mag-

nitude,

nitude, dimensions, limits, and figure; its
divisibility and parts; their quantity, &c.
which are modes of being depending on
matter.

DEFINITION IX.
Inative matter (by its title)",M,2
248,1268700600,227695,228088,0.774,464,730029,730244,A48874,5,specific_quotes_v1210,top128-134,"ing their Causes, or any otherwise. The *Atomists,* who define Motion to be *a passage from one place to another,* What do they more than put one synonymous Word for another? For what is *Passage* other than *Motion","our, but the Principles of
Body will be never a whit the less noble.

You tell me my Definition of Motion is
very faulty, because it only agrees with local
* Motion. And suppose I be minded to define
only Local Motion, or to call nothing Motion
but what is Local, what ill Consequence can
you infer from hence ? Consequence ! Why,
mercy upon us ! at this rate Generation, Cor-
ruption, Augment",M,2
257,0679400500,228192,228531,0.774,464,730029,730244,A48874,5,specific_quotes_v1210,top134-140,"ing their Causes, or any otherwise. The *Atomists,* who define Motion to be *a passage from one place to another,* What do they more than put one synonymous Word for another? For what is *Passage* other than *Motion","is, what is the Mover ?-On this Question
, our Philosophers are undetermined--dubious
f' till upon the Point, because ignorant of that
, mechanical Contrivance, by which one Part of
, the Creation is made to as upon, and give Mo-

,' ion to itself and the reft."" If I should fay that
one Wheel of a Clock moves another, and so on, I
do not",T,2
265,0032000200,48116,48496,0.773,464,730029,730244,A48874,5,specific_quotes_v1210,top140-146,"ing their Causes, or any otherwise. The *Atomists,* who define Motion to be *a passage from one place to another,* What do they more than put one synonymous Word for another? For what is *Passage* other than *Motion","kind of motion which we have
been speaking of, has a general, a total, or what may be
called it's compound motion; a motion in which all it's
parts unite.-This motion liows us that the universe is not
comprised in the globe; for this motion mufl have the fame
kind of relation to, and dependence on, some other body,
that the motions of our bodies have to the globe.

Besides, the",M,2
277,0053500101,152152,152447,0.772,464,730029,730244,A48874,5,specific_quotes_v1210,top152-158,"ing their Causes, or any otherwise. The *Atomists,* who define Motion to be *a passage from one place to another,* What do they more than put one synonymous Word for another? For what is *Passage* other than *Motion","of Motion in us; for
several Inanimate Things impart Motion: So does
the Loadflone to the Iron ; the Amber to the
Straw; Medicines, and Drugs, and Roots of Trees,
when diy'd, and cut to pieces, draw and create
very firong Motions. Nor is it the Aft, Life, E-
nrj', or lef.ciita, (for lr'ifoilc's",T,2
292,0164300900,35587,35980,0.772,464,730029,730244,A48874,5,specific_quotes_v1210,top146-152,"ing their Causes, or any otherwise. The *Atomists,* who define Motion to be *a passage from one place to another,* What do they more than put one synonymous Word for another? For what is *Passage* other than *Motion",",

MOTION, the last relation common to every
being, ought to be considered as the mobility only,
or the faculty of being moved, which belongs to all
bodies,

FS And

And here we have to study two very dis-
tinA effects of Motion ; namely, the revolution of
the celefial Bodies, the Phenomena that belong
to the general System of the Universe; and the
motion of Bodies terrestial. In this study",M,2
300,1660900103,574260,574622,0.771,464,730029,730244,A48874,5,specific_quotes_v1210,top158-164,"ing their Causes, or any otherwise. The *Atomists,* who define Motion to be *a passage from one place to another,* What do they more than put one synonymous Word for another? For what is *Passage* other than *Motion","motion, is
the motion changed ; the generation of
motion, is the motion produced ; and
the destroying of motion, is making a
thiingce.le to move..

7/llfl.3 Turn a coffee-mill, you ge-
nerate a motion; turn it back, you al-
rer the motion ; let it alone, and you
destroy the motion.

3. The a6tion and re-action between
two bodies are equal, and in contrary
dire",M,2
344,0569600101,1430346,1430759,0.769,464,730029,730244,A48874,5,specific_quotes_v1210,top164-170,"ing their Causes, or any otherwise. The *Atomists,* who define Motion to be *a passage from one place to another,* What do they more than put one synonymous Word for another? For what is *Passage* other than *Motion","by mifunderflanding
him.

After having explained the efficient cause of all power
distributed throughout the universe, Aristotle proceeds to
define motion; but though the efforts of a great genius
are conspicuous, his definition is very lame and irper-
fed. The farther he advances, his reasoning becomes
more clear; finite and infinite, the vacuum and atoms,
space and time, place and the bodies contained in it,",M,2
351,0491900500,567006,567388,0.768,464,730029,730244,A48874,5,specific_quotes_v1210,top170-176,"ing their Causes, or any otherwise. The *Atomists,* who define Motion to be *a passage from one place to another,* What do they more than put one synonymous Word for another? For what is *Passage* other than *Motion","investigating those things, which human
reason is incapable of conceiving. However, thus far the
loundeft philosophers agree concerning it, that it is somew\hat
incorporeal. For how can sluggish matter, which is of itself
void of all motion, be the source and firll cause of thought,
the molt excellent of all motions ? Wherefore, it is fuffici-
ent!y evident, that this first mover",T,2
377,0386101400,61367,61729,0.767,464,730029,730244,A48874,5,specific_quotes_v1210,top176-182,"ing their Causes, or any otherwise. The *Atomists,* who define Motion to be *a passage from one place to another,* What do they more than put one synonymous Word for another? For what is *Passage* other than *Motion","Or,

Secondly,

(77)
Secondly, Upon the'Impulfe or
Contac of some other Bodies (k).

§. LXXII. The Motion of Bodies,
which results from the Physical and
Mechanical Laws and Powers of the
Bodies themselves, is that Species of
Motion which is supposed essential
to Matter: (I) but as the Proof of
this first Principle is refled upon the
Establishment of the second",T,2
398,1637702300,29630,30011,0.766,464,730029,730244,A48874,5,specific_quotes_v1210,top182-188,"ing their Causes, or any otherwise. The *Atomists,* who define Motion to be *a passage from one place to another,* What do they more than put one synonymous Word for another? For what is *Passage* other than *Motion","When one,
two, three are mentioned, they have no
reference to any space or diviflon of time,
(like'the notes of a bar in music) as might
be at first imagined; but what I conceive
by it is, that a simple pass should be made
by one uniform motion in the line; that a
feint fliould have one motion only in the
feint, and one more in bringing it to the
line and passing, that is, feint",M,2
417,1679800101,533452,533833,0.765,464,730029,730244,A48874,5,specific_quotes_v1210,top188-194,"ing their Causes, or any otherwise. The *Atomists,* who define Motion to be *a passage from one place to another,* What do they more than put one synonymous Word for another? For what is *Passage* other than *Motion","supposed to be c in its own Nature

** moveable, mutually and mechanically to afint to
"" or di~rent from Motion, or a certain Determina-
"" tion of Motion; to move through "" Number-
"" less Intervals without any Vacuum.' If matter be
in "" its own Nature moveable,"" yet ifill if it be at
reft it requires a Mover to put it into Motion. It can-
not move itself, unless there be a Motiv",T,2
432,0034501100,1479,1916,0.764,464,730029,730244,A48874,5,specific_quotes_v1210,top194-200,"ing their Causes, or any otherwise. The *Atomists,* who define Motion to be *a passage from one place to another,* What do they more than put one synonymous Word for another? For what is *Passage* other than *Motion","a greater or lesser space in a certain time as
suppose a second.

6. Motion is a continual and successive change
of place. If the body moves equally, 'tis called
equable or uniform motion. If it increases or
decreases, 'tis called accelerated or retarded
motion. When it is compared with some body
at reft, 'tis called absolute motion. But when
compared with others in motion, it is called
relative motion.

7. Direction of motion is the",M,2
