,quoteIndex,quoteText,hitDocId,hitText,hitStart,hitEnd,simScore,hitResult,estc_id,main_category,full_title,work_id,publication_year,language,publication_place,primary_author
0,33,"l such complex *Ideas,* which however compounded, contain not in them the supposition of subsisting by themselves, but are considered as Dependences on, or Affections of Substances; su",346400202,"complex Idea, other Terms

l ay be introduced, that also denote compound
Ideas, though of an inferior Class. For the first
,a.' r; Idea being resolvable into others less complicated,

the Definition which enumerates there component
Ideas, muff confiul of the Names by which they are. expeffed.
And if it so happen, that the Ideas of this second Class are
also unknown, their Tern-s too o",134293,134680,0.865,Meaning Match,T79285,literature_and_arts,"The preceptor: containing a general course of education. Wherein the first principles of polite learning are laid down in a way most suitable for trying the genius, and advancing the instruction of youth. In twelve parts. Illustrated with Maps and useful Cuts. Viz. I. On Reading, Speaking, and Writing Letters. II. On Arithmetic, Geometry, and Architecture. III. On Geography and Astronomy. IV. On Chronology and History. V. On Rhetoric and Poetry. VI. On Drawing. Vii. On Logic. Viii. On Natural History. IX. On Ethics, or Morality. X. On Trade and Commerce. XI. On Laws and Government. XII. On Human Life and Manners. In Two Volumes. ...",X-the preceptor,1763,English,London,
1,33,"l such complex *Ideas,* which however compounded, contain not in them the supposition of subsisting by themselves, but are considered as Dependences on, or Affections of Substances; su",852000101,"up such complex idea.---The
reason of this is, that the simple ideas, which make up our
complex ideas of substances, have no visible necessary con-
nexion, or inconsistence, with other simple ideas, whole co-
existence with them we would inform ourselves about.----
These ideas being liRewife, for the moll part, secondary qua-
lities, which depend upon the primary qualities of their minute
or insensible parts, or",10585684,10586099,0.859,Meaning Match,T135914,history,"Cyclopædia: or, an universal dictionary of arts and sciences; ... By E. Chambers, F.R.S. The third edition corrected and amended; with some additions. In two volumes. ...",658-cyclopaedia,1740,English,Dublin,"chambers, ephraim, approximately 1680-1740"
2,33,"l such complex *Ideas,* which however compounded, contain not in them the supposition of subsisting by themselves, but are considered as Dependences on, or Affections of Substances; su",297300105,"two or more ideas is called complex.

Complex Ideas are often confidered as tingle and distinct beings, though they
may be made up of several simple ideas; so a body, a spirit, a house, a tree, a
flower. But when several of there ideas ns a different kind are joined together,
which are wont to be confidered as distinct ingle beings, this is called a compounded
idea, whether these united ideas be simple or",75270,75678,0.858,Meaning Match,T100908,religion,"The works of the late reverend and learned Isaac Watts, D.D. published by himself, and now collected into six volumes. In which are also inserted the second part of the Improvement of the mind, An essay on education, and some additions to his Miscellaneous thoughts in prose and verse. Now first published from his manuscripts, and, the Direction of his Will, revised and corrected by D. Jennings, D.D. and the late P. Doddridge, D.D. ...",107991-works of reverend and learned isaac watts dd published by himself and now collected into six volumes,1753,English,London,"watts, isaac, 1674-1748"
3,33,"l such complex *Ideas,* which however compounded, contain not in them the supposition of subsisting by themselves, but are considered as Dependences on, or Affections of Substances; su",25700100,"the precise nature and composition of the ideas affixed to those words which have
complex ideas, in a proper sense, i. e. which excite any combinations of simple ideas
united intimately by association; also to explain, upon this foundation, the proper use
of those words, which have no ideas. For there are many words which are mere
substitutes for other words, and many which are only auxiliaries. Now it cannot be
said, that either of these have ideas,",189311,189765,0.856,Meaning Match,T114325,philosophy,"Observations on man, his frame, his duty, and his expectations. In two parts. Part. I. Containing Observations on the Frame of the Human Body and Mind, and on their Mutual Connexions and Influences. Part. II. Containing Observations on the Duty and Expectations of Mankind. By David Hartley, M.A. Reprinted from the author's edition in 1749. To which are now added, notes and additions to the Second part; translated from the German of the Rev. Herman Andrew Pistorius, Rector of Poseritz in the Island of Rugen. Also a Sketch of the life and Character, and a Head of the author.",3396-observations on man,1791,English,London,"hartley, david, 1705-1757"
4,33,"l such complex *Ideas,* which however compounded, contain not in them the supposition of subsisting by themselves, but are considered as Dependences on, or Affections of Substances; su",539801000,", a
heavy Body, afwift Horse, C&c. Every Thing that
can be divided by the Mind into two or more Ideas
is called complex.

Complex Ideas are often confidered as single and
diflinS Beings, tho' they may be made up of fe-
veral simple Ideas; so a Body, a Spirit, a House,
a Tree, a Flower. But when several of these
Ideas of a different Kind are join'd together,",58038,58397,0.854,Meaning Match,T81772,philosophy,"Logick: or, the right use of reason in the enquiry after truth. With A Variety of Rules to guard against Error, in the Affairs of Religion and Human Life, as well as in the Sciences. By Isaac Watts, D.D.",468-logick or right use of reason in inquiry after truth,1740,English,London,"watts, isaac, 1674-1748"
5,33,"l such complex *Ideas,* which however compounded, contain not in them the supposition of subsisting by themselves, but are considered as Dependences on, or Affections of Substances; su",689200107,"the ideas they have in their minds, being referred to
y real essences as archetypes which are unknown, they

must be so far from being adequate, that they cannot
s be supposed to be any representation of them at all.
- Our complex ideas of substances are nothing but certain
- collections of simple ideas that have been observed or
d supposed constantly to exist together. But such a com-

plex idea cannot be the real essence of any",650193,650626,0.848,Meaning Match,T145358,history,"Encyclopædia Britannica; or, a dictionary of arts, sciences, &c. On a plan entirely new: By Which, the different sciences and arts Are digested into the Form of Distinct treatises or systems, comprehending The History, Theory, and Practice, of each, according to the Latest Discoveries and Improvements; and full explanations given of the various detached parts of knowledge, whether Relating to Natural and Artificial Objects, or to Matters Ecclesiastical, Civil, Military, Commercial, &c. Together with a description of all the Countries, Cities, Principal Mountains, Seas, Rivers, &c. throughout the World; a General History, Ancient and Modern, of the different Empires, Kingdoms, and States; and An Account of the lives of the most Eminent Persons in every Nation, from the earliest ages down to the present times. The whole compiled from the writings of the best authors, in several languages; the most approved dictionaries, as well of General Science as of particular branches; the transactions, journals, and memoirs, of learned societies, both at home and abroad; the Ms. Lectures of eminent professors on different sciences; and a variety of original materials, furnished by an extensive correspondence. The second edition; greatly improved and enlarged. Illustrated with above two hundred copperplates. Vol. I. Indocti discant, et ament meminisse periti.",X-encyclopædia britannica,1778,English,Edinburgh,
6,33,"l such complex *Ideas,* which however compounded, contain not in them the supposition of subsisting by themselves, but are considered as Dependences on, or Affections of Substances; su",888800101,"another, but only imaginarily, or il our conception.
COMPLEX ideas, in logic, are such as are compounded of fevcral
simple ones. See TERM and IDEA.
COMPLEX propoJition, is either that which has at least one of
it's terms complex, or such as contains several members, as cafilal
propositions: or it is several ideas offering themselves to our
thoughts at once, whereby we are led to affirm the fame thing of
different",6499410,6499826,0.847,Meaning Match,T128978,education,"The new Royal cyclopædia, and encyclopædia; or, complete, modern and universal dictionary of arts and sciences. ... Illustrated with ... copper-plates, ... In three ... volumes. ... By George Selby Howard, ... Assisted by many gentlemen ... John Bettesworth, ... Henry Boswell, ... Felix Stonehouse, D.D. and others.",X-the new royal cyclopædia,1788,English,London,
7,33,"l such complex *Ideas,* which however compounded, contain not in them the supposition of subsisting by themselves, but are considered as Dependences on, or Affections of Substances; su",1731900101,"; that of which the existence presupposes the exiftenice

of something else.,.

Modes I call such complex ideas, which, however cormi-

pounded, contain not in them the supposition of subsisting by
themselves, but are considered as dependencies on, or affedions
of substances; such are the ideas signified by the words tri-
angle, gratitude, murder. Locke.

DEPE'NDANT. adj. [from",4856026,4856406,0.847,Paraphrase,T118173,history,"A dictionary of the English language: in which the words are deduced from their originals, and illustrated in their different significations by examples from the best writers. To which are prefixed, A history of the language, and An English grammar. By Samuel Johnson, A.M. In two volumes",294-dictionary of english language,1765,English,London,"johnson, samuel, 1709-1784"
8,33,"l such complex *Ideas,* which however compounded, contain not in them the supposition of subsisting by themselves, but are considered as Dependences on, or Affections of Substances; su",847000102,"from them, no other than a power to produce thelc lien-
fations in us.
Complex ideas are those notions or conceptions of
things that result from the various combinations and
union of our limple ideas. These are of two principal
kinds, namely, fich as are derived fiom without, and
ieprclent thole combinations of simple ideas, that have a
real existence in nature, and are conceived to co-exiit in",406921,407318,0.846,Meaning Match,T215223,education,"A new royal and universal dictionary of arts and sciences: or, complete system of human knowledge. Containing, Not only all the various Improvements that have been made by the Learned and Ingenious in every Part of Europe to the present Times; but also a very great variety of useful discoveries, which have been communicated to the Authors of this Work, by Gentlemen of distinguished abilities; whereby every Difficulty attending the Study of the Arts and Sciences is distinctly cleared, and the Whole explained in the most easy and intelligent Manner. Among the various Branches treated of in this Work, are the following: Agriculture, Algebra, Anatomy, Architecture, Arithmetic, Astronomy, Book-Keeping, Botany, Chemistry, Chronology, Commerce, Conics, Cosmography, Criticism, Dialing, Dioptrics, Ethics, Farriery, Fluxions, Fortification Gardening, Gauging, Geography, Geometry, Grammar, Gunnery, Handicrafts, Heraldry, Horsemanship, Husbandry, Hydraulics, Hydrostatics, Law, Levelling, Logic, Maritime, and Military Affairs, Mathematics, Mechanics, Merchandize, Metaphysics, Meteorology, Music, Navigation, Optics, Painting, Perspective, Pharmacy, Philosophy, Physic, Pneumatics, Poetry, Rhetoric, Sculpture, Series and Statics, Statuary, Surgery, Surveying, Theology, Trigonometry, &c. Embellished with upwards of One Hundred Copper-Plates, (among which are twelve large Plates of the Zodiac, from Original Drawings, executed by eminent Astronomers) drawn from real Objects, by the most eminent Artists, and engraved by the best Hands; containing full and exact Representations of the various Instruments, Machines, Tools, Plans, Figures, &c. necessary to illustrate this Work. The anatomical, chemical, and medicinal parts by M. Hinde, M. D. The mathematical parts by W. Squire, Author of The Modern Book-Keeper; gardening and botany by J. Marshall, Gardener, at Knightsbridge; criticism, grammar, poetry, theology, &c. by the Rev. Thomas Cooke, A. B. Author of The Universal Letter-Writer; or, New Art of Polite Correspondence and the other parts by gentlemen of eminence in the several Departments they have undertaken to elucidate.",X-a new royal and universal dictionary of arts and sciences,1772,English,London,
9,33,"l such complex *Ideas,* which however compounded, contain not in them the supposition of subsisting by themselves, but are considered as Dependences on, or Affections of Substances; su",168300500,"some but
differ in other parts, it then separates the parts
which agree from those which do not; and the
simple idea becomes a complex one; these may
be called complex in their nature or substances:
arbitrary ones are formed by adding several
simple ideas together.

14. Ideas and effets which always accompany
each other, are supposed to be derived from the
fame cause, e. g. If a body is interposed be-
tween our two hands they cannot come",7702,8143,0.844,Meaning Match,T133198,philosophy,"An essay on the principles of human knowledge. By E. Waring, M.D. Lucasian Professor Of Mathematics In The University Of Cambridge, And Fellow Of The Royal Societies Of London, Bononia And Gottingen.",157721-an essay on principles of human knowledge by e,1794,English,Cambridge,"waring, edward, 1734-1798"
10,33,"l such complex *Ideas,* which however compounded, contain not in them the supposition of subsisting by themselves, but are considered as Dependences on, or Affections of Substances; su",53000106,", aiunft horses &c.
every thing that can be divided by the mind into two or more ideas
is called complex. .
Complex ideas are often confidered as single and difinta beings; though
they may be made up of several limple ideas; so a body, afpirit, a
hotfe, a tree, afiower.-But when several of these ideas of a different
kiind are joined together, which are wont to be confi",64475,64846,0.843,Paraphrase,T126513,religion,"The works of the Rev. Isaac Watts, D.D. In seven volumes. Vol. I. Containing Sermons,",107990-works of rev,1800,English,Leeds,"watts, isaac, 1674-1748"
11,33,"l such complex *Ideas,* which however compounded, contain not in them the supposition of subsisting by themselves, but are considered as Dependences on, or Affections of Substances; su",1439300101,"things are. But complex ideas, or notions of complex
:objects, the mind cani ft:.-m for itself, by fuappofing a
number of simple or complex notions or things coin-
bined together in one afimblopge. When -lbch complex
ideas are not derived si om memory, we refer them to
the imagination. No n'an e':er saw a mountain of
ivory ; but he, who has seen",122137,122484,0.842,Meaning Match,W31856,philosophy,"Elements of moral science. By James Beattie, LL.D. professor of moral philosophy and logic in Marischal College, Aberdeen. First[-second] volume",25328-elements of moral science by james beattie ll,1792,English,Philadelphia,"beattie, james, 1735-1803"
12,33,"l such complex *Ideas,* which however compounded, contain not in them the supposition of subsisting by themselves, but are considered as Dependences on, or Affections of Substances; su",1092700101,"the mind was instructed to compound others,
even such, perhaps, as existed by these means in
idea and notion, before the combinations, whereof
they became the architypes, existed in ad. Our
ideas of relations, and of the relations of relations,
which are comprehended so often in our complex
ideas, or notions, are not positive beings that exist
by themselves, and can be contemplated by them-
selves. Modes are the affcdtions",48484,48910,0.842,Meaning Match,N20935,philosophy,"The philosophical works of the late Right Honorable Henry St. John, Lord Viscount Bolingbroke. In five volumes. Published by David Mallet, Esq; ...",6020-philosophical works of right honorable henry st john lord viscount bolingbroke,1754,English,London,"bolingbroke, henry st. john, viscount, 1678-1751"
13,33,"l such complex *Ideas,* which however compounded, contain not in them the supposition of subsisting by themselves, but are considered as Dependences on, or Affections of Substances; su",581100300,"means a
conscious, intelligent, active, felf-exerting Being.
Thus we define compound Ideas, or complex
Conceptions; but as for those that arefimple,
they cannot be defined otherwise than by orme
synonymous Term, because they canl be known
only by Experieice.

26. ANY one ihtire Being that cannot be di-
vided into more of the fame Kind, Of
we call an Individual, whether it be Of",115215,115595,0.842,Meaning Match,T82888,philosophy,"The elements of philosophy: containing, I. The most useful parts of logic, including both Metaphysics and Dialectic, or the Art of Reasoning: with a brief Account of the Progress of the Mind towards its highest perfection. To which is prefixed, A short Introduction to the Study of the Sciences. II. A brief view both of the speculative and practical Part of moral philosophy, as improved by Christianity. To which is added, An Original Letter concerning the Settlement of Bishops in America. By Samuel Johnson, D.D.",108508-elements of philosophy containing i,1754,English,London,"johnson, samuel, 1696-1772"
14,33,"l such complex *Ideas,* which however compounded, contain not in them the supposition of subsisting by themselves, but are considered as Dependences on, or Affections of Substances; su",1479400101,"The names of substances.
(I.) Of simple Ideas, which cannot be defined

or explained per notiora, since definition is re-
solving the thing to be defined into its moal
simple Ideas ; but complex Ideas may be defined,
because they may be resolved into their simple

Ideas ;

Ideas; and simple modes may be defined, being
the manner in which these simple Ideas are come
bined ; and therefore the mind may",613231,613633,0.841,Meaning Match,P2395,literature_and_arts,The Present state of the republick of letters. For ...,X-the present state of the republick of letters,1728,English,London [England],
15,33,"l such complex *Ideas,* which however compounded, contain not in them the supposition of subsisting by themselves, but are considered as Dependences on, or Affections of Substances; su",1179800200,"Complex Ideas, and have his own
definition of the term.-He lays there,

Ac As simple ideas are observed to exist
in several combinations united together;
so the mind has a power to confider
several of them united together as one
. idea; and that not only as they are
united in external objeEts, but as itself
has joined them. Ideas thus made up
of several simple ones put together, I call
complex; such as are",320320,320729,0.839,Meaning Match,T202092,philosophy,"A dissertation on the Phædon of Plato: or, dialogue of the immortality of the soul. With Some general Observations upon the Writings of that Philosopher. To which is annexed, a psychology: or, an abstract investigation of the nature of the soul; in which the Opinions of all the celebrated Metaphysicians on that Subject are discussed. By Charles Crawford, Esq. Fellow Commoner of Queen's College, Cambridge.",46146-a dissertation on phaedon of plato or dialogue of immortality of soul,1774,English,London,
16,33,"l such complex *Ideas,* which however compounded, contain not in them the supposition of subsisting by themselves, but are considered as Dependences on, or Affections of Substances; su",821500101,"Of our Complex Ideas of Substances.
Ideas of Sub . . i.. H E Mind being, as I have declar'd, furnifh'd with a great number of
fiances, how ] the simple Ideas, convey'd in by the Senses, as they are found in exte.
made. riour things, or by Refleftion on its own Operations, takes notice also, that a

certain number of these",747641,747964,0.837,Meaning Match,T128626,philosophy,An account of the life and writings of John Locke Esq;,20626-eloge de feu m locke,1714,English,London,"le clerc, jean, 1657-1736"
17,33,"l such complex *Ideas,* which however compounded, contain not in them the supposition of subsisting by themselves, but are considered as Dependences on, or Affections of Substances; su",223400103,"are designed to represent, and there
will be no danger of confusion or miffake.

Words representing complex ideas, which are
objets of our senses, are defined by enumerating
the simple ideas of which they are compounded.

Words representing simple ideas cannot properly
be defined, for it is impossible to analyze the idea
white, sweet, &c.

It is unnecessary to fay any thing of the nature
and use of those words called particles",753227,753657,0.836,Meaning Match,T113146,philosophy,"The economy of nature explained and illustrated on the principles of modern philosophy. By G. Gregory, D. D. Joint Evening Preacher at the Foundling Hospital, Author of Essays Historical and Moral, &c. In three volumes. With forty-six plates. ...",53360-economy of nature explained and illustrated on principles of modern philosophy,1796,English,London,"Gregory, G. (George), 1754-1808"
18,33,"l such complex *Ideas,* which however compounded, contain not in them the supposition of subsisting by themselves, but are considered as Dependences on, or Affections of Substances; su",1440900103,"ing, any ideas or notions, yet are they not unaccompanied
by ideas and notions. That would be to have no meaning at

all,

cafes of the latter kind. The essences of substances are absolutely unknown to
:us, but the essences of complex modes are perfectly known, so that we have
clear and diftin&c notions, tho we cannot have clear and distinct ideas, nor indeed
any ideas at all of them. From",790437,790829,0.836,Meaning Match,N1390,politics,"The elements of commerce, politics and finances, in three treatises on those important subjects. By Thomas Mortimer, Esq. author of a treatise on the funds, entitled, Every man his own broker",19006-elements of commerce politics and finances in three treatises on those important subjects,1774,English,London,"mortimer, thomas, 1730-1810"
19,33,"l such complex *Ideas,* which however compounded, contain not in them the supposition of subsisting by themselves, but are considered as Dependences on, or Affections of Substances; su",451900604,"complex idea, is one that is framed by joining two or
more imple ideas together; as those of afquare, a triangle, a
uan, a hore, a tree, &c. which, though often confider'd
asfingle and difinci things, yet, as they are evidently com-
posed of several parts, may be divided by the mind into
several ideas.
A compound idea is that which contains several ideas of a
diffrent kind",22315,22690,0.835,Meaning Match,T113176,philosophy,"Logic, ontology, and the art of poetry; being the fourth and fifth volumes of the Circle of the sciences. Considerably enlarged, and greatly improved.",63853-logic ontology and art of poetry being fourth and fifth volumes of circle of sciences considerably enlarged and greatly improved,1776,English,London,"newbery, john, 1713-1767"
20,33,"l such complex *Ideas,* which however compounded, contain not in them the supposition of subsisting by themselves, but are considered as Dependences on, or Affections of Substances; su",955300500,"sec the association of
ideas, so as to make some to unite more rea-
dily than others which yet are equally possess-
ed of the associating qualities or relations.

AM ONG those qualities or relations of
ideas, which fit them for being associated,
there is an obvious distinCtion: some of
them are fziple, others are compounded. The
simple principles of association may be re-
duced to three, resemblance, contrariety, and
vicini",141030,141457,0.835,Meaning Match,T91339,science,"An essay on genius. By Alexander Gerard, D.D. Professor of Divinity in King's College, Aberdeen.",13333-an essay on taste,1774,English,London,"gerard, alexander, 1728-1795"
21,33,"l such complex *Ideas,* which however compounded, contain not in them the supposition of subsisting by themselves, but are considered as Dependences on, or Affections of Substances; su",1134201200,"But now
our complex Ideas, which alone are capable of
this kind of Description, being, as we have said,
nothing more than different Combinations of lim-
pi' Ideas ; we then know and comprehend them
perfectly, when we know tle several simple Ideas
of which they conlift, and can so put them to-
gether in our Minds, as is neccllary towards
the fiaming of that peculiar Connection, which
gives every Idea its diiiinct",175736,176151,0.835,Meaning Match,T134693,philosophy,"The elements of logick. In four books. Book I. Of the Original of our Ideas, their various Divisions, and the manner in which they contribute to the Increase of Knowledge; with a Philosophical Account of the Rise, Progress, and Nature of human Language. Book II. Of the grounds of human Judgment, the Doctrine of Propositions, their Use in Reasoning, and Division into self-evident and demonstrable. Book III. Of Reasoning and Demonstration, with their Application to the investigation of Knowledge, and the common Affairs of Life. Book IV. Of the Methods of Invention and Science, where the several Degrees of Evidence are examined, the Notion of Certainty is fixed and stated, and the Parts of Knowledge in which it may be attained, demonstrated at Large. Designed particularly for young Gentlemen at the University, and to prepare the way to the Study of Philosophy and the Mathematicks. By William Duncan, Professor of Philosophy in the Marishal College of Aberdeen.",2838-elements of logick in four books,1776,English,Edinburgh,"duncan, william, 1717-1760"
22,33,"l such complex *Ideas,* which however compounded, contain not in them the supposition of subsisting by themselves, but are considered as Dependences on, or Affections of Substances; su",601600100,",

COMPLEX Ideas are often confidered as single
and diRlinct Beings, tho' they may be made up of
fvevral simple Ideas; so a Body, a Spirit, a House,
a Tree, a Flower. But when feveral.of these Ideas
of a different Kind are joined together, which are
wont to be confidered as diftind iingle Beings, this
is called a compounded Idea,,",2837980,2838312,0.835,Meaning Match,T101515,education,"A supplement to Dr. Harris's Dictionary of arts and sciences; explaining not only the Terms in Physics, Metaphysics, Ethics, Theology, History, Geography, Antiquity, Chronology, Grammar, Rhetoric, Logic, Poetry, Pharmacy, Medicine, Chymistry, Surgery, Phytology, War, Polity, Navigation, Architecture, Painting, Sculpture, Music, Commerce, Trade, Husbandry, Manage, Horticulture, &c. &c. &c. but also the arts and sciences themselves: Together with a just Account of the Origin, Progress, and State of Things, Offices, Officers, and Orders, Ecclesiastical, Civil, Military, and Commercial; the several Sects, Systems, Doctrines, and Opinions of Divines, Heresiarchs, Schismatics, Philosophers, Mathematicians, Physicians, Critics, Antiquaries, &c. Also an account of all sacred books and writings; History of General and Particular Councils; all Solemnities, Rites, Ceremonies, Fasts, Feasts, Statutes, Laws, Plays, Sports, Games, Habits, and Utensils: in all which, (as likewise in Metaphysics, Theology, Antiquity, Grammar, Rhetoric, Poetry, Polity, and other miscellaneous Subjects,) this Book is of itself entirely compleat, and more copious and extensive than any Work of this Kind, not excepting Mr. Chamber's Cyclopaedia, of which it is a very great Improvement, containing upwards of Eleven Hundred Articles which that Author has omitted; besides great Additions and Improvements in almost every Article; and will, with Dr. Harris's two Volumes, make the most useful Set of Books, and compleat Body of Arts and Sciences yet extant: Being carefully compiled from the best and most approved Authors in several Languages; enriched with many curious Manuscripts, and illustrated with Copper-Plates. N. B. Those Subjects in which Dr. Harris is any way deficient are here perfected; no trifling and Insignificent Words inserted, but only such as may convey some useful and entertaining Knowledge to the Reader; for whose further Benefit and Satisfaction, all the Authors made use of in this Work are quoted. By a Society of Gentlemen.",200303-lexicon technicum,1744,English,London,
23,33,"l such complex *Ideas,* which however compounded, contain not in them the supposition of subsisting by themselves, but are considered as Dependences on, or Affections of Substances; su",367400402,"'ly passive.
Of the fcond kind of complex ideas are
all those arbitrary collecfions of difei ent
ideas. which the mind by ust own powers
occSonally pots together, by compound-
ing, compariu, divertiying and uniting
its original notces, either for uft in the
conmmerc of life, or in i pursuit tor
fartherknowvlege; such are our ideas of
fIsted lengths, whether of duration",3941606,3941977,0.835,Meaning Match,T138158,education,"A new and complete dictionary of arts and sciences; comprehending all the branches of useful knowledge, with Accurate Descriptions as well of the various Machines, Instruments, Tools, Figures, and Schemes necessary for illustrating them, as of The Classes, Kinds, Preparations, and Uses of Natural Productions, whether Animals, Vegetables, Minerals, Fossils, or Fluids; Together with The Kingdoms, Provinces, Cities, Towns, and other Remarkable Places throughout the World. Illustrated with above three hundred copper-plates, curiously engraved by Mr. Jefferys, Geographer and Engraver to his Royal Highness the Prince of Wales. The whole extracted from the best authors in all languages. By a society of gentlemen. ...",24293-a new and complete dictionary of arts and sciences comprehending all branches of useful knowledge with accurate descriptions as well of various machines instruments tools figures and schemes necessary for illustrating them as of classes kinds preparations and uses of natural productions whether animals vegetables minerals fossils or fluids together with kingdoms provinces cities towns and other remarkable places throughout world,1754,English,London,society of gentlemen
24,33,"l such complex *Ideas,* which however compounded, contain not in them the supposition of subsisting by themselves, but are considered as Dependences on, or Affections of Substances; su",1468700200,". The complex Ideas which I
here [peak of, are generally excited by words,
or vifirble objeats; but~ they are ali~b conneated
with other external ImprefiTons, and depend
upon them as upon Symbols. In what ever
way we confider them, the Trains of them
which are prese~nted to the mind se~em to de-
pend upon the then prefenat State of` the Body,
the external Impre",75864,76227,0.834,Meaning Match,T6241,unknown,Miscellaneous observations on some points of the controversy between the material lists and their opponents,X-miscellaneous observations on some points of the controversy between the materialists and their opponents,1780,English,London,
25,33,"l such complex *Ideas,* which however compounded, contain not in them the supposition of subsisting by themselves, but are considered as Dependences on, or Affections of Substances; su",450800400,", will, wish, &c. (2.) A complex idea Complexz
is made by joining two or more simple ones together; iaeab.
as a square, triangle, tube, pen, a table, reading,
body, a man, an angel, a swift horse, &c. and every
thing that can be divided by the mind into two or
more ideas. (3,) A compound idea is such as.contains Compound
several di",342004,342337,0.834,Meaning Match,T25315,philosophy,"Bibliotheca technologica: or, a philological library of literary arts and sciences. Viz. I. Theology; or the first Principles of Natural Religion. II. Ethics, or Morality; the Doctrine of Moral Virtues. III. Christianity; or the Substance of the Christian Religion. IV. Judaism; or the Religion and State of the Jews. V. Mahometanism; or the Life, Religion, and Polity of Mahomet. VI. Gentilism; or the Deities and Religion of the Heathen. Vii. Mythology; or an Explanation of Fabulous Histories. Viii. Grammar and Language, particularly of the English Tongue. IX. Rhetoric and Oratory; or the Art of speaking eloquently. X. Logic; or the Art of Reasoning and Persuasion. XI. Ontology; or the Science of Being abstractedly considered. XII. Poetry; or the Art of making Verses or Poems. XIII. Criticism; or Art of judging well of Men and Things. XIV. Geography; or a Description of the World. XV. Chronology; or the Doctrine of Time. XVI. History; with the Original of Nations and Kingdoms. XVII. Physiology; or Science of Natural Philosophy. XVIII. Botany; or the Doctrine of Plants and Vegetables. XIX. Anatomy; or a Description of the Parts of an human Body. XX. Pharmacy; or the Art of making Medicines. XXI. Medicine; or the Theory of Physic and Diseases. XXII. Polity and Oeconomics; or the Doctrine of Society and Government. XXIII. Jurisprudence; or the Knowledge of Law or Right. XXIV. Heraldry; or Art of Blazoning Coat-Armour. XXV. Miscellanies: An Account of the Mathematical Arts and Sciences. By Benjamin Martin.",16003-bibliotheca technologica or philological library of literary arts and sciences viz,1776,English,London,
26,33,"l such complex *Ideas,* which however compounded, contain not in them the supposition of subsisting by themselves, but are considered as Dependences on, or Affections of Substances; su",461600101,"of simple Ideas offeveral forts put together,
to make a complex one, as beauty, theft, &c.
Subltances have their Ideas from such combinations of simple
Ideas as represent ditin& things subsisting by themselves; in
which the Idea of substance, confured as it is, is always the first.
Relations are complex Ideas arifingfrom the comparison of
one Idea with another. Of these some only depend on the
equality or",316622,317030,0.833,Meaning Match,T90432,education,"A new and universal dictionary of arts and sciences: ... With an introductory preface, ... And illustrated with a great number of copper-plates, engraven by the best hands.",21610-a new and universal dictionary of arts and sciences,1751,English,London,"barrow, john, teacher of mathematics"
27,33,"l such complex *Ideas,* which however compounded, contain not in them the supposition of subsisting by themselves, but are considered as Dependences on, or Affections of Substances; su",215500200,"this is the foundation of it. To those
who should happen not to attend to this difference,
every thing will appear confuicd.

1H 4 SECTION

SECTION III.
Of simple and complex ideas.
§ I. Y complex idea I mean the reunion or col-

A) lection of several perceptions; and by fim-
ple idea a perception singly confidered.

""Though the qualities that affeEt our senses,
"" fays Mr. Lock",214981,215361,0.833,Meaning Match,N1707,philosophy,"An essay on the origin of human knowledge. Being a supplement to Mr. Locke's essay on the human understanding. Translated from the French of the Abbè de Condillac, Member of the Royal Academy of Berlin. By Mr. Nugent.",160152-essai sur lorigine des connaissances humaines,1756,English,London,"condillac, etienne bonnot de, 1714-1780"
28,33,"l such complex *Ideas,* which however compounded, contain not in them the supposition of subsisting by themselves, but are considered as Dependences on, or Affections of Substances; su",555300102,"terms fiandino
for such complex ideas. Butourcomplex ideas, being nothing more
than different combinations of simple ideas; we then know and
comprehe hed them m re perfely, when we know the simple ideas
of which they confiGf, and can so put them together in our minds
as is necessary towards the framing of that peculiar connexion
which gives every idea its diitint and proper appearance.' Two
things are therefore required in every definition. First, that all",7694815,7695275,0.832,Meaning Match,N41809,education,"The new encyclopædia; or, modern universal dictionary of arts and sciences, on a new and improved plan. ... In three volumes. By William Henry Hall, Esquire. The third edition. Revised, corrected, and enlarged, with considerable additions, improvements and modern discoveries, by Thomas Augustus Lloyd, ... Illustrated with upwards of one hundred and fifty large superb copper-plates, ...",10576-new royal encyclopaedia,1797,English,London,"hall, william henry, -1807"
29,33,"l such complex *Ideas,* which however compounded, contain not in them the supposition of subsisting by themselves, but are considered as Dependences on, or Affections of Substances; su",266900200,"Idea, if I may
be permitted to use this Expression, confits in
its being a determinate Combination. of a Set of
Sirmples 5 and Simple Ideas of different Na-
tures, in diftint Combinations form Complex
Ideas, in this refpet, efentially. different:
Whereas the EJ'nce of any Thing from which
we have a Complex Idea, i5 something, which
is the support of all the Objec",122719,123084,0.831,Meaning Match,T115340,philosophy,"The first principles of modern deism confuted. In a demonstration of the Immateriality, Natural Eternity, and immortality of thinking substances in general; and in particular of human souls. Even Upon the Supposition that we are intirely ignorant of the Intrinsie Natures of the Essences of Things.",129479-first principles of modern deism confuted in demonstration of immateriality natural eternity and immortality of thinking substances in general and in particular of human souls,1707,English,London,"witty, john"
30,33,"l such complex *Ideas,* which however compounded, contain not in them the supposition of subsisting by themselves, but are considered as Dependences on, or Affections of Substances; su",317700100,"or Equivalent to the whole Complexion, because that is'Explaining Idem
per Diverun ; Or Thus, if Simple Ideas cannot be Defined,. it is Impollible Complex I-
deas, which Consist of those Simple Ones, Ihould be; unlcfs we can'Define an As-
iiemblage of Simple Ideas, by an Assemblage of Simple Ideas, that is, by Synonymous",3197697,3198019,0.83,Meaning Match,T113292,philosophy,"The principles of the philosophy of the expansive and contractive forces. Or an inquiry into the principles of the modern philosophy, that is, into the several chief rational sciences, which are extant. In seven books. By Robert Greene, M. A. and Fellow of Clare-Hall.",59899-principles of philosophy of expansive and contractive forces or inquiry into principles of modern philosophy that is into several chief rational sciences which are extant,1727,English,Cambridge,"greene, robert, 1678?-1730"
31,33,"l such complex *Ideas,* which however compounded, contain not in them the supposition of subsisting by themselves, but are considered as Dependences on, or Affections of Substances; su",569600101,"LEX Ideas, in logic, are such as are com-
pounded of several simple ones. See the articles TERM
and IDEA.

COMPLEX Propojition is either that which has at least
one of its terms complex, or such as contains several
members, as casual propositions: or it is several ideas
offering themselves to our thoughts at once, whereby we
are led to affirm the fame thing of different objects, or
different things of the fame objet. Thus,",4042566,4042992,0.83,Meaning Match,T134585,education,"The complete dictionary of arts and sciences. In which the whole circle of human learning is explained, And the Difficulties attending the Acquisition of Every Art, Whether Liberal or Mechanical, are Removed, in the most easy and familiar manner. Among the various Branches of Literature explained in this Work are the following, viz. Agriculture Algebra Anatomy Architecture Arithmetic Astronomy Botany Catoptrics Chemistry Chronology Commerce Conics Cosmography Dialling Dioptrics Ethics Fluxions Fortification Gardening Gauging Geography Geometry Grammar Gunnery Handicrafts Heraldry History Horsemanship Husbandry Hydraulics Hydrography Hydrostatics Law Levelling Logic Maritime And Military Affairs Mathematics Mechanics Merchandize Metaphysics Meteorology Music Navigation Optics Painting Perspective Pharmacy Philology Philosophy Physic Pneumatics Rhetoric Sculpture Series Statics Statuary Surgery Surveying Theology, &c. The theological, philological, and critical branches, by the Rev. Temple Henry Croker, A. M. Chaplain to the Right Honourable the Earl of Hillsborough. The medicinal, anatomical, and chemical, by Thomas Williams, M. D. The mathematical by Samuel Clark, Author of an Easy Introduction to the Theory and Practice of Mechanics. and the other parts by several gentlemen particularly conversant in the Arts or Sciences they have undertaken to explain.",16612-complete dictionary of arts and sciences in which whole circle of human learning is explained and difficulties attending acquisition of every art whether liberal or mechanical are removed in most easy and familiar manner,1764,English,London,"croker, temple henry, 1729 or 1730-1790?"
32,33,"l such complex *Ideas,* which however compounded, contain not in them the supposition of subsisting by themselves, but are considered as Dependences on, or Affections of Substances; su",936700200,".
COMPLEX Ideas [in Lcgick ] are Ideas
compounded, or consisting of fcveral simple
Ideas. Locke.
COMPLEX'ION, an Embracing. L. Also
Temperament; the State and Constitution of
the Body, as sanguine, phlegmatick, or cho-
lerick; the Colour of the Face. F.
COMPLEX'IONAL, of or belonging to
the Complexion. COMPLEX'IONED",831162,831479,0.829,Meaning Match,T141563,philosophy,"An universal etymological English dictionary; comprehending The Derivations of the Generality of Words in the English Tongue, either Ancient or Modern, from the Ancient British, Saxon, Danish, Norman, and Modern French, Teutonic, Dutch, Spanish, Italian; as also from the Latin, Greek, and Hebrew Languages, each in their proper Characters. And also A brief and clear Explication of all difficult Words, derived from any of the aforesaid Languages, and Terms of Art, relating to Anatomy, Botany, Physick, Pharmacy, Surgery, Chymistry, Philosophy, Divinity, Mathematicks, Grammar, Logick, Rhetorick, Musick, Heraldry, Maritime Affairs, Military Discipline, Horsemanship, Hunting, Hawking, Fowling, Fishing, Gardening, Husbandry, Handicrafts, Confectionary, Carving, Cookery, &c. Together with A large Collection and Explication of Words and Phrases used in our Ancient Statutes, Charters, Writs, Old Records, and Processes in Law; and the Etymology, and Interpretation of the Proper Names of Men, Women, and remarkable Places in Great-Britain: Also the Dialects of our different Countries. Containing many Thousand Words more than either Harris, Philips, Kersey, or any English Dictionary before extant. To which is added, A Collection of our most common Proverbs, with their Explication and Illustration. The whole Work compil'd and methodically digested, as well for the Entertainment of the Curious, as the Information of the Ignorant; and for the Benefit of young Students, Artificers, Tradesmen, and Foreigners, who are desirous thoroughly to understand what they Speak, Read, or Write. The thirteenth edition, with considerable improvements. By N. Bailey.",155-dictionarium britannicum or more compleat universal etymological english dictionary than any extant,1749,English,London,"Bailey, N. (Nathan), -1742"
33,33,"l such complex *Ideas,* which however compounded, contain not in them the supposition of subsisting by themselves, but are considered as Dependences on, or Affections of Substances; su",1020301902,"not
fimple) compofc, complexe. Complex ideas (in
logick, thofe compounded of feveral fimple
ideas) idées complexes.
COMPLEX, f. (complication, collection)
coiloPion, ajlniblage.
COMPLEXEDNESS, f. (contrariety te fim-
plicity, involution of many particular parts in
one integral) union, mée'lange de chofes compli-
quées.
COMPLEXION",1089323,1089654,0.829,Meaning Match,T139228,philosophy,"Le dictionnaire royal françois-anglois et anglois-françois; tiré des meilleurs auteurs, qui ont écrit dans ces deux Langues; Autrefois Composé à L'Usage de feu S. A. R. le Duc de Glocester, par Mr. A. Boyer.",199-royal dictionary,1773,French,London,"Boyer, Abel, 1667-1729"
34,33,"l such complex *Ideas,* which however compounded, contain not in them the supposition of subsisting by themselves, but are considered as Dependences on, or Affections of Substances; su",931000600,"only todo with compound Ideas,
for its an Enumeration, or reckoning up of the several fim.
gle Ideas, of which that confilts.

C H A P. III.
Of I D E A s of Substances and Modes.
·; ra Nother fort of Ideas are those of Substances and Modes,
s for we confider all Things separately, and by them-
selves, or elSe as exiffing in",569587,569912,0.828,Meaning Match,T193538,education,"A grammar of the English tongue, with notes, giving the grounds and reason of grammar in general. To which are now added, the arts of poetry, rhetoric, logic, &c. making a compleat system of an English education. For the use of the schools of Great Britain and Ireland.",X-a grammar of the english tongue,1712,English,London,
35,33,"l such complex *Ideas,* which however compounded, contain not in them the supposition of subsisting by themselves, but are considered as Dependences on, or Affections of Substances; su",883001000,"able to attain. Complex
Ideas may, perhaps, be well known by Definition,
which is nothing but an Enumeration of those Parts or
iimple Ideas, that compose them. But when we have
pufll'd up Definitions to the most simple Ideas, and
find itill some Ambiguity and Obscurity; what Re-
f)urce are we then possess'd of? By what Invention
can we throw Light upon these Idea",132076,132441,0.827,Meaning Match,T90452,philosophy,"Philosophical essays concerning human understanding. By Mr. Hume, Author of the Essays Moral and Political. The Second Edition. With Additions and Correction.",24550-philosophical essays concerning human understanding,1751,English,London,"hume, david, 1711-1776"
36,33,"l such complex *Ideas,* which however compounded, contain not in them the supposition of subsisting by themselves, but are considered as Dependences on, or Affections of Substances; su",1138100100,"ations of there simple into complex
ideas of substances are innumerable, and
yet each of there combinations is as dif-
tindly and uniformly perceived by us, as
the simple ideas contained in it.

The diftindion between ideas and no-
tions is, the former are particular in their
nature, and general only by their applica-
tion; and the latter, general in their na-
ture, and particular only by their applica-
tion",22522,22933,0.827,Meaning Match,N30122,philosophy,"An analysis of the philosophical works of Lord Bolingbroke, by the late unfortunate Earl Ferrers, for his private entertainment; to which is prefixed, a parallel of Earl Ferrers's case, with that of Lord Santry, a Peer of Ireland, both convicted of Murder: and a sentimental letter to a friend.",121991-an analysis of philosophical works of lord bolingbroke by unfortunate earl ferrers for his private entertainment,1760,English,London,"ferrers, lawrence shirley, earl, 1720-1760"
37,33,"l such complex *Ideas,* which however compounded, contain not in them the supposition of subsisting by themselves, but are considered as Dependences on, or Affections of Substances; su",658401000,"W H EN two or more Ideas are combin'd to-
gether, the Composition is call'd a ComplexIdea,
and such are all the Ideas of Modes, Substances
and Relations.

W HEN an Idea is rescinded from the Ideas
of Time, Place, and real Exittence, or other
concomitant Ideas, and is made the Reprefen-
tation of several Particulars for the hast",32112,32441,0.827,Meaning Match,T144430,philosophy,"A philosophical essay concerning the intermediate state of blessed souls. By Archibald Cockburn, M. A. Rector of the Parishes of St. Mary Cayon and Christ's Church, Nichola Town, in St. Christophers.",165199-a philosophical essay concerning intermediate state of blessed souls by archibald cockburn m,1722,English,London,"cockburn, archibald, active 1722"
38,33,"l such complex *Ideas,* which however compounded, contain not in them the supposition of subsisting by themselves, but are considered as Dependences on, or Affections of Substances; su",1622400502,"lind for plex laeas by
complex Ideas is ealily got ; because the Ideas Definitions,
themselves answering to theie T'erms may be a .j'e on-
conveyed into the Mind by Definitions. For Nature.
our complex Notions, as w..s already observed,
are only certain Combinations of simple Ideas. When there-
fore these are enumerated, and the Manner in which they
are",127350,127705,0.827,Meaning Match,N20388,literature_and_arts,"The preceptor: Containing a general course of education. Wherein the first principles of polite learning are laid down in a way most suitable for trying the genius, and advancing the instruction of youth. In twelve parts. Illustrated with maps and useful cuts. Viz. I. On reading speaking, and writing letters. II. On arithmetic, geometry, and architecture. III. On geography and astronomy. IV. On chronology and history. V. On rhetoric and poetry. VI. On drawing. VII. On logic. VIII. On natural history. IX. On ethics, or morality. X. On trade and commerce. XI. On laws and government. XII. On human life and manners. The seventh edition, with corrections, and improvements. In two volumes",X-the preceptor: containing a general course of education,1783,English,London,
39,33,"l such complex *Ideas,* which however compounded, contain not in them the supposition of subsisting by themselves, but are considered as Dependences on, or Affections of Substances; su",1448700301,"(L.) the Sum or Whole. De Sommrs

rs haer geheel.

COMPLEX' Ideas, ( in Logick) are Ideas compoun·

ded, or consisting of several Iample Ideas. LOCK(E(
Saamengesii1de Din~kbeelden.

COMPLEX' Proposition , is either that which has

at least one of its Terms Complex, or such as
contains several Members, as causal Pro",1655033,1655349,0.825,Paraphrase,N6115,education,"A new and complete dictionary of terms of art, Containing a suff... [La]tin, Spanish, ... express any ... a full explanation of all ... au[hors] ... Egbert Buys, Counsellor ... nieuw ...  konstwo[ordenboek.] bevattende eene genoegzaame verklaaring ... Arabische, Grieksche, Latynsche, ... Néderduitsche en andere taalen, die men ... schap, gewoonte, ziekte, geneesmiddel, [plant], bloem, vrucht, gereedschap, wërktuig, enz. uit drukken. Voornamentlyk, eene volkomene uitlëgging van alle de moeijelyke woorden öf uitdrulkingen door de beroemdste dichters en schryvers gebruikt; mitsgaders van de duisterste uitdrukkingen in de rëchten van Groot-brittanje. Verzameld door Egbert Buys, Höfraad van hunne poolsche en pruissische majesteiten, enz. Het eerste deel",177994-a new and complete dictionary of terms of art containing suff,1768,English,Te Amsterdam,"buys, egbert, -1769"
40,33,"l such complex *Ideas,* which however compounded, contain not in them the supposition of subsisting by themselves, but are considered as Dependences on, or Affections of Substances; su",352900201,"we have no Know-
ledge or Idea of.

COMPLEX IDEAS are a Company of simple
ones combined, vid. . 2. c. 22. §. 3. without the
Addition of any new Originals: As is evident from
those Acts of the Mind wherein it exercises a Power
over its simple Ideas, which are, I/f, Combining
several together into a Complex one. 2dló, Bring-
ing two Ideas together, Simple or",297402,297760,0.825,Meaning Match,N33265,religion,"The knowledge of divine things from revelation, not from reason or nature. Wherein The Origin and Obligation of Religious Truths are demonstrated: Arguments of Deists, Moralists, &c. proved to have no Foundation in Nature or Reason. The Inlets of Knowledge, The Law of Nature, The several Texts of Scripture relating to this Subject, The Works of Creation, The Eternal Fitness and Reason of Things, The Demonstrations of a Supreme Being, &c. are fully considered and explained. By the late John Ellis, D. D. Vicar of St. Catherine's, Dublin. Vol. I.",23914-knowledge of divine things from revelation not from reason or nature wherein origin and obligation of religious truths are demonstrated arguments of deists moralists andc,1771,English,London,"ellis, john, 1688 or 1689-approximately 1768"
41,33,"l such complex *Ideas,* which however compounded, contain not in them the supposition of subsisting by themselves, but are considered as Dependences on, or Affections of Substances; su",513600201,", in logick, are such as arecom-
posed of several simple ideas.
Complex ideas are, however, often confidered as fin-
gle and diftin& beings, though they may be composed
of several simple ideas; as a body, a spirit, a horse, a
tree, a flower : but when several of these ideas of dif-
ferent kinds are confidered as distinct single beings, it
is called a compound idea, whether those united",1927440,1927828,0.824,Meaning Match,T53579,education,"The new complete dictionary of arts and sciences; or, an universal system of useful knowledge. Containing A full Explanation of every Art and Science, whether liberal or mechanical, in which the Difficulties attending a thorough Knowledge of them are clearly pointed out, and such Directions given as cannot fail of making their Acquisition easy and familiar to every Capacity Exhibiting, among the various other Branches of Literature, a copious Elucidation of the following, viz. Agriculture, Algebra, Anatomy, Architecture, Arithmetick, Astronomy, Book-Keeping, Botany, Carving, Catoptricks, Chemistry, Chronology, Commerce, Conicks, Cosmography, Dialing, Dioptricks, Ethicks, Farriery, Fluxions, Fortification, Gardening, Guaging, Geography, Geometry, Grammar, Gunnery, Handicrafts, Heraldry, History, Horsemanship, Husbandry, Hydraulicks, Hydrography, Hydrostaticks, Law, Levelling, Logick, Maritime and Military Affairs, Mathematicks, Mechanicks, Medicine, Merchandize, Metaphysicks, Meteorology, Musick, Navigation, Opticks, Oratory, Painting, Perspective, Pharmacy, Philology, Philosophy, Physick, Pneumaticks, Rhetorick, Sculpture, Series and Staticks, Statuary, Surgery, Surveying, Theology, Trigonometry, &c. The Whole upon an improved Plan, the Marrow and Quintessence of every other Dictionary and Work of the Kind being preserved, and their Superfluities and Obscurities entirely omitted. Particular Attention has been given to every Thing valuable in Chambers, The Encyclopedie, printed at Paris; The Encyclopediae Britannica, and other Publications of later Date. Including not only all the valuable modern Improvements which have been made by several eminent Members of the Royal Society, the Royal Academy, and the Society for the Encouragement of Arts, Manufactures and Commerce, but also a great Variety of other important Discoveries; which have been made and communicated to the Authors of this Work, by some of the most distinguished Characters of this and other Nations. Eminent Engravers and Designers in the several Departments have been engaged at a very great Expence to unite their Abilities in producing the most masterly and superb Set of Copper-Plates, representing upwards of One Thousand exact Figures, such as Machines, Instruments, Implements, Tools, Plans, Schemes, Animals, Vegetables, Minerals, Fossils, and other Articles relative to the Subjects treated of in a Work of the utmost Consequence to Mankind. The Theological, Philosophical, Critical, and Poetical Branches, By the Rev. Erasmus Middleton, Lecturer of St. Bennet's, Grace-Church-Street, and of St. Helen's, Bishopsgate-Street; The Medicinal, Chemical, and Anatomical, By William Turnbull, M. D. Of Wellclose-Square, London; The Gardening and Botanical, By Thomas Ellis, Gardener to the Lord Bishop of Lincoln, and Author of The Gardener's Pocket Calendar; The Mathematical, &c. By John Davidson, Author of A Complete Course of Mathematicks; And the other Parts by Gentlemen of approved Abilities in the respective Branches which they have engaged to illustrate.",X-the new complete dictionary of arts and sciences,1778,English,London,
42,33,"l such complex *Ideas,* which however compounded, contain not in them the supposition of subsisting by themselves, but are considered as Dependences on, or Affections of Substances; su",136701400,"ity.
A complex idea, is one that is framed by joining tIo or
moreJfimnle ideas together; as those of ajiaeore, a triangle, a
man, a hjfe, a tree, &c. which, though often confider'd
asfuigle and di/tinri things, yet, as they are evidently com-
poied of several parts, may be divided by the mind into
fcveral ideas.

A",22885,23201,0.824,Meaning Match,T77514,philosophy,"The pleasing companion, or guide to fame, in the sciences of logic, ... metaphysics, ... and the art of poetry, ... exemplified in a judicious selection, from the works of Milton, Pope, Butler, Virgil, ...",63854-pleasing companion or guide to fame in sciences of logic metaphysics and art of poetry exemplified in judicious selection from works of milton pope butler virgil,1798,English,York,"newbery, john, 1713-1767"
43,33,"l such complex *Ideas,* which however compounded, contain not in them the supposition of subsisting by themselves, but are considered as Dependences on, or Affections of Substances; su",259700101,"impossible to use in language a different and
dlifltilc complex term for each different and diftinEt collecHion
of ideas, than it is to use a diftint particular term for each
particular and individ&aal idea. To supply, therefore, the
place of the complex terms which are wanting in a language,.
is the Preposition employed. By whose aid complex terms
are prevented from being infinite or too numerous, and are
uscd only for those collections",410577,411018,0.823,Meaning Match,T32791,education,"Epea pteroenta. Or, the diversions of Purley. Part I. By John Horne Tooke, A. M. late of St. John's College, Cambridge.",54605-epea pteroenta or diversions of purley,1798,English,London,
44,33,"l such complex *Ideas,* which however compounded, contain not in them the supposition of subsisting by themselves, but are considered as Dependences on, or Affections of Substances; su",177000600,"this is called a complex:
idea of reflection.

Besides the infinite number of complex.
ideas, or combinations of simple ideas,.
united like parcels, containing a variety of
goods; the readier to be reviewed in the
warehouse of the understanding, and the
easier to be. conveyed to others unde. one
single denomination, to avoid the trouble.
and difficulty of enumerating the parti-.

* Here the composition is evidently in",12748,13169,0.823,Meaning Match,T136404,philosophy,An epitome of logic. In four parts. By N. Dralloc.,95608-an epitome of logic in four parts,1795,English,London,
45,33,"l such complex *Ideas,* which however compounded, contain not in them the supposition of subsisting by themselves, but are considered as Dependences on, or Affections of Substances; su",36100902,"reasonings, than what they have hitherto
been able to attain. Complex ideas may, perhaps, be
well known by definition, which is nothing but an enu-
meration of thobe parts or simple ideas, that compose
them. But when we have pufled up.definitions to the
most simple ideas, and find flill some ambiguity and ob-
fcurity; what resource are we then possessed of? By
what invention can we throw light upon",107489,107890,0.823,Meaning Match,T33495,philosophy,"Essays and treatises on several subjects. In two volumes. By David Hume, Esq; ... . Containing Essays, Moral, Political, and Literary.",970-essays and treatises on several subjects,1784,English,London,"hume, david, 1711-1776"
46,33,"l such complex *Ideas,* which however compounded, contain not in them the supposition of subsisting by themselves, but are considered as Dependences on, or Affections of Substances; su",25801800,"the other, of these two
classes.

Ideas are either simple or complex. A simple
idea, whether of sensation or reflection, presents
but one uniform, indivisible character to the mind,
which will not admit of plurality; nor can it pos-
sibly be perceived to contain two different na-
tures. Such are all those before mentioned. All
simple ideas of sensation the mind passively rc-

A2

ceives from external objects, and all simple idea",7309,7741,0.822,Paraphrase,T109416,philosophy,"The essentials of logic: being a second edition of Dralloc's Epitome improved, comprising an universal system of practical reasoning; Illustrated by Familiar Examples, from Approved Authors. By John Collard.",95609-essentials of logic being second edition of drallocs epitome improved comprising universal system of practical reasoning illustrated by familiar examples from approved authors,1796,English,London,"collard, john, 1769-1810"
47,33,"l such complex *Ideas,* which however compounded, contain not in them the supposition of subsisting by themselves, but are considered as Dependences on, or Affections of Substances; su",843200201,"complex than the natural objects
that first excited them, have been called compounded ideas, as when
,we think of a sphinx, or griffin.

5. And those that are less complex than the correspondent natural
objeds, have been termed abftradted ideas: thus sweetness, and white-
ness, and solidity, are received at the fame time fiom a lump of sugar,
yet I can recolled any of these qualities without",248646,249040,0.821,Meaning Match,T113901,science,"Zoonomia; or, the laws of organic life. ... . By Erasmus Darwin, M.D. F.R.S. Author of the Botanic Garden.",X-T113901,1794,English,London,"darwin, erasmus, 1731-1802"
48,33,"l such complex *Ideas,* which however compounded, contain not in them the supposition of subsisting by themselves, but are considered as Dependences on, or Affections of Substances; su",629301002,"D E A S of this class may be reduced to these
heads:

I. Modes.
2. Substances.
3. And Relations..
MODES, are such complex ideas, as are not
supposed to exist by themselves, but are confidered
as dependencies on the substances, as triangle,.
gratitude, &c. Of these there are two kinds,
Firlt, such as are only variations of the fame
simple ideas, as ten, twenty",275822,276183,0.821,Meaning Match,T124906,literature_and_arts,"The lady's encyclopedia: or, a concise analysis of the belles lettres, the fine arts, and the sciences, in three volumes. Illustrated with fifty engraved heads, and thirty-four maps, &c. By the Rev. J. Seally, ...",114549-ladys encyclopedia or concise analysis of belles lettres fine arts and sciences in three volumes,1788,English,London,"seally, john, approximately 1747-1795"
49,33,"l such complex *Ideas,* which however compounded, contain not in them the supposition of subsisting by themselves, but are considered as Dependences on, or Affections of Substances; su",1740200300,"honeity,
fraud, fdealing, &c. All these are complex,
abitraat, general ideas, which may, and, to
the ignorant, must be described, or defined,
as- they are naturally and necessarily com-
pounded of various ideas of causes, effeas,

C relations,

[ 8 3

relationscircumfiances, intentions, &2. wvhichl
ideas can exist no where, but in the ui-
deri/a",17851,18198,0.82,Meaning Match,T88453,philosophy,"An examination of the scheme of morality, advanced by Dr. Hutcheson, late Professor of Morality, in the University of Glasgow. By John Taylor, ...",143394-an examination of scheme of morality advanced by dr hutcheson professor of morality in university of glasgow by john taylor,1759,English,London,"taylor, john, 1694-1761"
50,33,"l such complex *Ideas,* which however compounded, contain not in them the supposition of subsisting by themselves, but are considered as Dependences on, or Affections of Substances; su",983200100,"L.

COMPLEX' IcooplexuJ, L., compound,
er consisting of divers Ingredients.
The COMbPLEX, the Sum or Whole. L.
COMPLEX Ideas [in Logick] are Ideas
compounded, or confiiting of several fim-
ple Ideas. Locke.

COMPLEX'ION, an embracing, L. Also
Temperament; the State and Constitution
of the Body, as sanguine, phlegmatic",832283,832602,0.819,Meaning Match,T210204,philosophy,"An universal etymological English dictionary; comprehending The Derivations of the Generality of Words in the English Tongue, either Ancient or Modern, from the Ancient British, Saxon, Danish, Norman, and Modern French, Teutonic, Dutch, Spanish, Italian; as also from the Latin, Greek, and Hebrew Languages, each in their proper Characters. And also A brief and clear Explication of all difficult Words, derived from any of the aforesaid Languages, and Terms of Art, relating to Anatomy, Botany, Physick, Pharmacy, Surgery, Chymistry, Philosophy, Divinity, Mathematicks, Grammar, Logick, Rhetorick, Musick, Heraldry, Maritime Affairs, Military Discipline, Horsemanship, Hunting, Hawking, Fowling, Fishing, Gardening, Husbandry, Handicrafts, Confectionary, Carving, Cookery, &c. Together with A large Collection and Explication of Words and Phrases used in our Ancient Statutes, Charters, Writs; Old Records, and Processes in Law, and the Etymology, and Interpretation of the Proper Names of Men, Women, and remarkable Places in Great Britain: Also the Dialects of our different Counties. Also a collection of our most common proverbs, with their Explication. The whole Work compiled and methodically digested, as well for the Entertainment of the Curious, as the Information of the Ignorant; and for the Benefit of young Students, Artificers, Tradesmen, and Foreigners, who are desirous thoroughly to understand what they Speak, Read, or Write. The twenty-fourth edition. By N. Bailey, [greek text].",2521-an universal etymological english dictionary,1778,English,London,"Bailey, N. (Nathan), -1742"
51,33,"l such complex *Ideas,* which however compounded, contain not in them the supposition of subsisting by themselves, but are considered as Dependences on, or Affections of Substances; su",1504600114,", not only as they ar-e
ieally united in external objeAs, but as itself has
Jomned them. Ideas thus made uo of f'everal ideas
pBut together, are called complex ; as mrana, arml,
bmary, gratitude, &c. Bly this faculty of repeat-
ing and joining together its ideas, thle mind has
great power in varying and multiplying the ol-jets
of",3466075,3466406,0.819,Meaning Match,T153977,education,"Encyclopædia perthensis; or Universal dictionary of knowledge, collected from every source; and intended to supersede the use of all other English books of reference. Illustrated with plates and maps. In twenty three volumes","X-encyclopædia perthensis; or universal dictionary of knowledge, collected from every source",1796,English,Perth,
52,33,"l such complex *Ideas,* which however compounded, contain not in them the supposition of subsisting by themselves, but are considered as Dependences on, or Affections of Substances; su",1337300300,"fl
simple Ideas: but complex Ideas may be de-
fined, because they may be resolved into their
simple Ideas; and simple modes may be dcfined,
being the manner in which these simple Ideat
are combined ; and therefore the mind may de-
finc such prccife combination.

2. The names of mixt inodes; and they be-

ig arbitralilv midcle in the mind, for the ends

( i8o",231555,231915,0.818,Meaning Match,T150355,philosophy,"Synopsis compendiaria librorum Hugonis Grotii de jure belli et pacis, Samuelis Clarkii de dei existentiâ et attributis, et Joannis Lockii de intellectu humano",1285-de jure belli et pacis,1751,Latin,Cantabrigiæ,"grotius, hugo, 1583-1645"
53,33,"l such complex *Ideas,* which however compounded, contain not in them the supposition of subsisting by themselves, but are considered as Dependences on, or Affections of Substances; su",1041700300,"-A-
dequate or inadequate ;--Particu-
lar or abftrad.-Simple ideas are
perfectly uniform and void of parts.
-White, black, hot, cold, and most
qualities of bodies, suggest such
ideas.-Complex ideas consist of
parts, or many simple ideas.-
All ideas of bodies, and molt of
those of science and business, are
complex.

XII.
Difsina or clear ideas can rea-",79859,80212,0.818,Meaning Match,T196414,philosophy,Synopsis of lectures on belles lettres and logic. Read in the University of St. Andrews.,37947-synopsis of lectures on belles lettres and logic read in university of st,1790,English,Edinburgh,
54,33,"l such complex *Ideas,* which however compounded, contain not in them the supposition of subsisting by themselves, but are considered as Dependences on, or Affections of Substances; su",247401000,"a and complex, are first acquired by the
means of sensation; as they equally represent their arche-
types, and the mind has no power of creating ideas, but of
perceiving them as the {hapes of things, or as ideas, accord-
ing to their nature, whether general or particular, simple or
concrete. Abyss or A-b-y-ss, the earth part under, below,
or internal; or a colleation of water within the",53602,53991,0.818,Meaning Match,T8392,education,"The io-Triads; or, the tenth muse, wherein The Origin, Nature, and Connection of the sacred Symbols, Sounds, Words, Ideas and Things, are discovered and investigated, according to the Platonic Numbers. And The Principles of all Human Knowledge, as well as the First Language, are retrieved in the English. Together with The Origin of Language and Nations, an Hieroglyfic Grammar, the Philosophy of Words; and The Circles of Gomer By Row. Jones, Esq.",116873-io-triads or tenth muse wherein origin nature and connection of sacred symbols sounds words ideas and things are discovered and investigated according to platonic numbers,1773,English,London,
55,33,"l such complex *Ideas,* which however compounded, contain not in them the supposition of subsisting by themselves, but are considered as Dependences on, or Affections of Substances; su",211101400,"bin'd and associated several Ideas
into one Word, such as yealoufji, Stpicion,
Envy. Sometimes where the Passions them-
selves have scarce any difference, yet there
are different Names for them. And there
are many other combin'd Passions that have
no Name. A perfec Scheme therefore is
notto be expected.

9. Finally, I would give my Readers
notice, that several of there Principles,
Qualities, or",19595,19992,0.817,Meaning Match,T68041,religion,"Discourses of the love of God and the use and abuse of the passions in religion, with a devout meditation suited to each discourse. To which is prefix'd, a plain and particular account of the natural passions, with rules for the government of them. By I. Watts.",107967-discourses of love of god and use and abuse of passions in religion with devout meditation suited to each discourse,1729,English,London,"watts, isaac, 1674-1748"
56,33,"l such complex *Ideas,* which however compounded, contain not in them the supposition of subsisting by themselves, but are considered as Dependences on, or Affections of Substances; su",329800300,"or compound-
ing Ideas.

'Tis by the means of Imagination
that the Ideas or Notions of Things are
diverfify'd. It (hews that the Soul is not
obliged always to think of Things in
the fame Order as the Ideas of them
were at first excited; but that it can, by

the

the free Exercise of a Power inherent ESSAY
in itelf, either separate the Ideas of I.
Things that are most",55177,55546,0.817,Meaning Match,T113254,religion,"Free thoughts concerning souls: in four essays: I. Of the humane soul consider'd in its own nature. II. Of the humane soul compared with the souls of brutes. III. Of the supposed præ-existent state of souls. IV. Of the future states of souls. To which is added, An essay on creation. By the author of the Impartial inquiry, &c.",74732-free thoughts concerning souls in four essays i,1734,English,London,"colliber, samuel"
57,33,"l such complex *Ideas,* which however compounded, contain not in them the supposition of subsisting by themselves, but are considered as Dependences on, or Affections of Substances; su",1144500400,"are all complex, we begin to remark,
that the component parts of these complex ideas are
often, in a great measure, the fame, though in part
different. We also find that we have occasion to
confider those ideas and to speak of them, only so far

forth
'138

forth as they agree; negle&ing that part in which they
differ. We therefore give a name to the aflemblage
of such of those ideas that are common to all there
complex ideas,",209829,210259,0.817,Meaning Match,N13163,science,"The rudiments of mathematics; designed for the use of students at the universities: containing an introduction to algebra, remarks on the first six books of Euclid, the elements of plane trigonometry: by W. Ludlam, late Fellow of St. John's College, Cambridge.",12692-rudiments of mathematics designed for use of students at universities containing introduction to algebra remarks on first six books of euclid elements of plane trigonometry,1787,English,Cambridge,"ludlam, william, 1717-1788"
58,33,"l such complex *Ideas,* which however compounded, contain not in them the supposition of subsisting by themselves, but are considered as Dependences on, or Affections of Substances; su",672000302,"or confused Idea of Substance, such
as it is, is always the Firit and Chief.
Relations, are a fort of Complex Idea's ariling from
the Consideration and Comparison of one Idea with
another. Of these, some depend only on the Equa-
lity or Excef; of the fame Simple Idea in several
Subjets; and these Mr. Locke thinks may be called
Proportional Relations; such as equal, more, bigger,",24632,25013,0.816,Meaning Match,T128553,education,"Lexicon technicum: or, an universal English dictionary of arts and sciences: ... In two volumes. By John Harris, ... The fifth edition. Now digested into one alphabet: with very considerable additions and improvements ... Illustrated with several additional copper-plates, ...",3473-lexicon technicum,1736,English,London,"harris, john, 1667?-1719"
59,33,"l such complex *Ideas,* which however compounded, contain not in them the supposition of subsisting by themselves, but are considered as Dependences on, or Affections of Substances; su",1116000111,"; but
simple ideas cannot be defined, and between ideas and
founds there is no natural connection, so as that the
one previous to association lhould fuggedl the other.
Even of complex conceptions and mixed modes, the
meaning of the names is generally acquired by as-
fociation; for though it is certainly true, that all such
names are capable of definition, they are yet used with
sufficient propriety by thousands who know not what
a definition is.",3365312,3365761,0.816,Meaning Match,W31873,education,"Encyclopaedia; or, A dictionary of arts, sciences, and miscellaneous literature ... Compiled from the writings of the best authors, in several languages ... Illustrated with five hundred and forty-two copperplates. ...","X-encyclopaedia; or, a dictionary of arts, sciences, and miscellaneous literature .",1798,English,Philadelphia,
60,33,"l such complex *Ideas,* which however compounded, contain not in them the supposition of subsisting by themselves, but are considered as Dependences on, or Affections of Substances; su",412600200,", with other collections of
ideas, which are each, in like manner, charac-
teriftic of a simple substance. Of there species
each is rendered a subalternate genus, and di-
vided into species, by adding to the combination
of ideas expreflive of two simple substances the
idea of some third. Thus, from the variety and
different degrees or complexity of combination
of the ideas, which denote simple substances,

B 3 innum",17842,18261,0.815,Meaning Match,T101090,science,"An essay on chemical nomenclature, by Stephen Dickson, M. D. State Physician in Ireland; Professor of the Practice of Medicine in Trinity College, Dublin; Vice President of the College of Physicians; Secretary to the Committee of Science of the R. I. A; F. R. S. S. A. and of different Medical Societies in London, Edinburgh, Dublin, &c. in which are comprised observations on the same subject, by Richard Kirwan, LL. D. F. R. S. M. R. I. A and of the Academies of Stockholm, Upsal, Berlin, Manchester, Philadelphia, &c.",94375-an essay on chemical nomenclature by stephen dickson m d state physician in ireland professor of practice of medicine in trinity college dublin vice president of college of physicians secretary to committee of science of r i a f r s s a and of different medical societies in london edinburgh dublin in which are comprised observations on same subject by richard kirwan ll d f r s m r i and of academies of stockholm upsal berlin manchester philadelphia,1796,English,London,"dickson, stephen"
61,33,"l such complex *Ideas,* which however compounded, contain not in them the supposition of subsisting by themselves, but are considered as Dependences on, or Affections of Substances; su",358400200,"they may
properly be called ideas which present no
ditlin& image to the mind:-but fill1 it
will be difficult to conceive how words
can mcve the passions which belong to
real objects, without representing these
objets clearly. This is difficult to us,
because we do not sufficiently diftinguifn,
in our observations upon language, be-
tween a clear expreflion, and a strong
expression. These are frequently con-
-*und",304784,305200,0.815,Meaning Match,T42258,philosophy,"A philosophical enquiry into the origin of our ideas of the sublime and beautiful. With an introductory discourse concerning taste, and several other additions.",1444-philosophical enquiry into origin of our ideas of sublime and beautiful,1787,English,London,"burke, edmund, 1729-1797"
62,33,"l such complex *Ideas,* which however compounded, contain not in them the supposition of subsisting by themselves, but are considered as Dependences on, or Affections of Substances; su",159300300,", &c.
Again, Ideas are diflinguifhed into, I. Simple,
or indivisible, as those of Heat, Cold, Sweet, Bit-
or, &c. 2. Complex, which is made by joining
two or more of the Simple ones; as a bitter-sweet
Apple, a deep blue, &c. 3. Compound, such as
contain two different Ideas of a different Nature to-
gether, as a Medicine of different I",199521,199857,0.815,Meaning Match,N7851,education,"An introduction to the English language and learning. In three parts. Part I. A Spelling-Book of Arts and Sciences; Containing Alphabets of all the Words in the following Sciences, viz. Theology, Ethics, Grammar, Rhetoric, Logic, Poetry, Mythology, Physiology, Geography, Astronomy, Arithmetic, Algebra, Geometry, Mathematics, Mechanics, Anatomy, Physic, Chemistry, Pharmacy, Botany, Jurisprudence, Heraldry. Disposed in a Method entirely New; With the Rules of True Pronunciation and Spelling. Part II. The Rudiments of English Grammar. With the Rules of Orthography, Construction, Emphasis, and a Just Elocution. Part III. Lessons on all the above-mentioned Sciences; Containing a particular Description of each, by Way of Exercise, or Praxis, to enable the Scholar to read justly and judiciously on any Subject whatsoever. With a Preface, shewing, that nothing short of the Method here taken can be sufficient for a Plan of Genuine English Education. By Benjamin Martin.",25882-an introduction to english language and learning in three parts,1766,English,London,"martin, benjamin, 1705-1782"
63,33,"l such complex *Ideas,* which however compounded, contain not in them the supposition of subsisting by themselves, but are considered as Dependences on, or Affections of Substances; su",539500100,"they
gree, and connect them into one complex Idea by giving
,'msm one Name. Which complex Idea becomes General,

it may be affirm'd of, or belongs to, or is found in more
:ihin one particular Subltance; and the several Subltances of
1which it is affirn'd, &c. are said to be contained under that
General Idea General Ideas of Subltances therefore ar' not
rnude",92481,92841,0.815,Meaning Match,T133432,philosophy,"An essay on the origin of evil. By Dr. William King, late Lord Archbishop of Dublin. Translated from the Latin, with large notes. To which are added two sermons by the same author, the former concerning Divine Prescience, the latter on the Fall of Man.",5010-de origine mali,1739,English,Cambridge,"king, william, 1650-1729"
64,33,"l such complex *Ideas,* which however compounded, contain not in them the supposition of subsisting by themselves, but are considered as Dependences on, or Affections of Substances; su",365101000,"Ideas, (I
here take Ideas in the largest Sense,) affirm
or deny Something concerning them, and
consequently concerning the Things which
they represent, as they accord or differ, im-
ply or exclude, agree or are oppos'd to each
other, and this according to their different
Measure and Degrees. Now fancy, if you
please, that the Ideas themselves are corpo-
real Morions; what are these Relations",57253,57647,0.815,Meaning Match,T130149,religion,"A treatise concerning the state of departed souls before, and at, and after the resurrection. Written originally in Latin by the late Rev. Dr. Thomas Burnet, Master of the Charter-House, Author of the Theory of the Earth. Translated into English by Mr. Dennis.",1244-de statu mortuorum,1733,English,London,"burnet, thomas, 1635?-1715"
65,33,"l such complex *Ideas,* which however compounded, contain not in them the supposition of subsisting by themselves, but are considered as Dependences on, or Affections of Substances; su",1665300111,"cannot be defined, and between.ideas and
.founds there is no natural connedion, To as that the
.one previolrs to association thould suggest the other.
Even of complex conceptions apd mixed modes, the
mreaning of the names are gen~erally acqulired by as-
fociation; Ior though it is certainly,t'rue, that all fach .
,pames are capable of",3432287,3432623,0.813,Meaning Match,T197400,education,"Encyclopaedia Britannica; or, a dictionary of arts, sciences, and miscellaneous literature on a plan entirely new. ...","X-encyclopaedia britannica; or, a dictionary of arts, sciences, and miscellaneous literature on a plan entirely new. .",1790,English,Dublin,
66,33,"l such complex *Ideas,* which however compounded, contain not in them the supposition of subsisting by themselves, but are considered as Dependences on, or Affections of Substances; su",753000100,"Two, or two complex in one id.a.

But that Idea, which is a complex Idea, is the Idea of the two Idea's, represented complex in
one Idea, and not the two Idea's really connected into one; which is no lets absurd a Contra-
diction to suppose, than to iuppofe that two Persons Natural are really connected into one Manl
the Idea's of the Mind being proper and adequate Objecs, whereby",130126,130508,0.813,Paraphrase,T104367,law,"Intricacies of the law concerning persons political and offices of law, stated and explained, in the case of the political persons and person, sheriffs and sheriff of London, and the Political Persons and Person, Sheriffs and Sheriff of Middlesex, In the Offices of Keeping the Shires of London and Middlesex, and of Executing the Process of the Superiour Courts, and The Charge of Prisoners by Virtue of the Process; and also By Virtue of the Precepts of the Courts of the City of London. By Isaac Howse, One of the Clerks to Francis Cooper, Esq; one of the Secondaries to the Sheriffs of London.",103410-intricacies of law concerning persons political and offices of law stated and explained in case of political persons and person sheriffs and sheriff of london and political persons and person sheriffs and sheriff of middlesex in offices of keeping shires of london and middlesex and of executing process of superiour courts and charge of prisoners by virtue of process and also by virtue of precepts of courts of city of london by isaac howse one of clerks to francis cooper one of secondaries to sheriffs of london,1729,English,London,
67,33,"l such complex *Ideas,* which however compounded, contain not in them the supposition of subsisting by themselves, but are considered as Dependences on, or Affections of Substances; su",413901000,"der several of them united to-
""gether, as one Idea; and that not only as they are united
in external Objets, but as itself has joined them. Ideas
"" thus made up of several Simple ones put together, I call

Complex, fnch as are Beauty, Gratitude, a Man, an Army,
the Universe; which though complicated of various simple
Ideas, or complex Ideas made up of simple ones, yet are,
""",6811,7189,0.812,Meaning Match,T75456,religion,"An answer to a book, intituled, An appeal to the common sense of all Christian people, with regard to an important point of faith and practice, imposed upon their consciences, by Church authority; wherein the author's erroneus notions ... are fully laid open. ... In a lette to the author. By John Landon, ...",75628-an answer to book intituled appeal to common sense of all christian people with regard to important point of faith and practice imposed upon their consciences by church authority wherein authors erroneus notions concerning doctrine of trinity and incarnation of jesus christ together with his mistakes in expounding holy scriptures are fully laid open and in which likewise several texts of dr clarkes scripture doctrine of trinity with his arguing upon them are occasionally considered in letter to author by jonh sic landon rector of nustead and ifield in kent,1764,English,London,"landon, john, 1721 or 1722-1782"
68,33,"l such complex *Ideas,* which however compounded, contain not in them the supposition of subsisting by themselves, but are considered as Dependences on, or Affections of Substances; su",807700103,"Substances, is by the several Modes and Properties of
them, ( wh ch they may call a Complication offimpple Idea, if they please )
but I do assert, that the general Idea, which relates to the Ejence without
there is so jult, and true an Idea, that without it the Complication efffitple I4
de r, will never give us a right Notion of it.

I must do that right to the ingeni",2098741,2099111,0.812,Meaning Match,T101207,religion,"The works of that eminent and most learned prelate, Dr. Edw. Stillingfleet, ... Together with his life and character. In six volumes. ...",76008-works of that eminent and most learned prelate dr edw stillingfleet,1709,English,London,"Stillingfleet, Edward, 1635-1699."
69,33,"l such complex *Ideas,* which however compounded, contain not in them the supposition of subsisting by themselves, but are considered as Dependences on, or Affections of Substances; su",522601300,"Substances that are compounded
put of themi namely, that they run thro' an

infinite

infinite variety of Changes from the Operations
of the Mind upon them; but do in themselves
remain the fame and unchangeable. As all our
Compounded Ideas are made out of These a-
lone, and as even our most abftra CoGmplex
NTotions take their first R/ie from them; Ib is
our Knowledge of all Things",102591,102974,0.812,Meaning Match,T97622,philosophy,"The procedure, extent, and limits of human understanding.",18932-procedure extent and limits of human understanding,1729,English,London,"browne, peter, approximately 1666-1735"
70,33,"l such complex *Ideas,* which however compounded, contain not in them the supposition of subsisting by themselves, but are considered as Dependences on, or Affections of Substances; su",475700100,"is by flhort founds to signify with ease and dispatch general conceptions, wherein not
i' only abundance of particulars are contained, but alTo a great variety of independent ideas are col-
"" lesCed into one complex one, and that which holds these different parts together in the unity of one
'complex idea, is the word we annex to it. For the connexion between the loose parts of those com-
"" p",311017,311412,0.811,Paraphrase,T146377,education,"A critical pronouncing dictionary and expositor of the English language. In which Not only the Meaning of every Word is clearly explained, and the Sound of every Syllable distinctly shown, but where Words are subject to different Pronunciations, the Reasons for each are at large displayed, and the preferable Pronunciation is pointed out. To which are prefixed, principles of English pronunciation; in which The Sounds of Letters, Syllables, and Words, are critically investigated, and systematically arranged; the Rules for Pronouncing are so regulated and disposed as to be applicable, on Inspection, to the Words; and the Analogies of the Language are so fully shown as to lay the Foundation of a consistent and rational Pronunciation. Likewise rules to be observed by the natives of Scotland, Ireland, and London, for avoiding their respective Peculiarities; and directions to foreigners for acquiring a Knowledge of the Use of this Dictionary. the whole interspersed with observations, philological, critical, and grammatical. By John Walker, Author of elements of elocution, rhyming dictionary, melody of speaking delineated, &c. &c.",9494-a critical pronouncing dictionary and expositor of english language,1791,English,London,"walker, john, 1732-1807"
71,33,"l such complex *Ideas,* which however compounded, contain not in them the supposition of subsisting by themselves, but are considered as Dependences on, or Affections of Substances; su",265600100,"without uniting them into one; by which
it gets all its Ideas of Relations. The 3d is, Sepa-
rating them from all other Ideas that accompany
them in their real Existence: This is called Ab-
ltraction; and thus all its general Ideas are made B.

A LL Ideas formed in any of the three Ways
abox emcntioned, Mr. Locke calls complex Ideas;
which he divides again into",57373,57736,0.811,Meaning Match,T87827,philosophy,"An enquiry into the ideas of space, time, immensity, and eternity; As also the Self-Existence, Necessary Existence, and Unity of the Divine Nature: in answer to a book lately publish'd by Mr. Jackson, entitled, The existence and unity of God proved from his Nature and Attributes. By Edmund Law, M. A. Fellow of Christ-College in Cambridge. To which is added, a dissertation upon the Argument a Priori for proving the Existence of a First Cause. By a learned hand.",89004-an enquiry into ideas of space time immensity and eternity as also self-existence necessary existence and unity of divine nature in answer to book lately publishd by mr jackson entitled existence and unity of god proved from his nature and attributes by edmund law m a fellow of christ-college in cambridge to which is added dissertation upon argument priori for proving existence of first cause by learned hand,1734,English,Cambridge,"law, edmund, 1703-1787"
72,33,"l such complex *Ideas,* which however compounded, contain not in them the supposition of subsisting by themselves, but are considered as Dependences on, or Affections of Substances; su",602800203,"Complex Ab/rait Idea. Which when they are fo;und ,nited
in any Individual Exifling, though joyned in that Exiflence with Jeveral other
Ideas, that Individual is truly [aid to have the Nature of a Man, or the Nature of
Man to be in him: for as much as ah thee simple Ideas are found united in 'lm,
which anjiver the Complex Abflrat Idea to which the fpecifck",2229582,2229939,0.811,Meaning Match,T101214,religion,"Origines Britannicæ; or, the antiquities of the British churches. With a preface concerning some pretended antiquities relating to Britain: In Vindication of the Bishop of St. Asaph. By the Right Reverend Father in God, Edward Stillingfleet, D. D. Late Lord Bishop of Worcester. The third volume.",38840-origines britannicae or antiquities of british churches with preface concerning some pretended antiquities relating to britain in vindication of bishop of st,1710,English,London,"Stillingfleet, Edward, 1635-1699."
73,33,"l such complex *Ideas,* which however compounded, contain not in them the supposition of subsisting by themselves, but are considered as Dependences on, or Affections of Substances; su",783900202,"of one simple substance,
we must suppose it possessed of qualities that are
incompatible, and reciprocally exclusive of each
other, such as those of thought and extension, one
of which is essentially divisible, and the other inca-
pable of divisibility. Thought, or, if you will,
Sentiment, is, beside, fuppoled to be a primitive
quality, and inseparable from the fubltance to
which it belong",154643,155035,0.811,Meaning Match,T134883,philosophy,"Emilius; or, a treatise of education. Translated from the French of J. J. Rousseau, ... In three volumes. ...",1098-emile,1768,English,Edinburgh,"rousseau, jean-jacques, 1712-1778"
74,33,"l such complex *Ideas,* which however compounded, contain not in them the supposition of subsisting by themselves, but are considered as Dependences on, or Affections of Substances; su",621500102,"not (imple.
plexo compuesto, lo qe
de muchas partes.
COMPLEX TERMS, Or IDEAS.(

Such as are comipounded of
veral limple ones. 7erm;no,
plexos , ideas complexas.
COMPLEX PROPOSITION. Proys

complexa.
CÓMPLEX. s. V. coMPLATIO
COMPLÉXEDNESS. s. Co

cation, involution of many
ticular parts in one inte",1017000,1017298,0.81,Meaning Match,T145296,education,"Diccionario nuevo de las dos lenguas espanola é inglesa en quatro tomos. ... Compuesto por los RR. PP. MM. Fr. Tomas Connelly, ... y Fr. Tomas Higgins, ...",27144-diccionario nuevo de las dos lenguas espa⁻nola e inglesa en quatro tomos,1797,Spanish,Madrid,"connelly, thomas"
75,33,"l such complex *Ideas,* which however compounded, contain not in them the supposition of subsisting by themselves, but are considered as Dependences on, or Affections of Substances; su",38700400,"ing Ideas, which were receiv'd separately;

of comparing their Objets by means of the
Ideas, and of observing their Relations and
Proportions; of enlarging and dimzinifbing
its Ideas at pleasure, or in any certain Ratio,
or Degree; and of confidering separately

2 each

each of the simple Ideas, which might per- Sed. i.
haps have been imprefs'd jointly in",20240,20597,0.81,Meaning Match,T83285,philosophy,"An inquiry into the original of our ideas of beauty and virtue; in two treatises. I. Concerning beauty, order, harmony, design. II. Concerning moral good and evil.",4734-an inquiry into original of our ideas of beauty and virtue in two treatises,1726,English,London,"hutcheson, francis, 1694-1746"
76,33,"l such complex *Ideas,* which however compounded, contain not in them the supposition of subsisting by themselves, but are considered as Dependences on, or Affections of Substances; su",420600200,"and inclinations, whenever the peace, or the
pleasure of one another makes it necessary. All
the different modifications of society take
place precisely on these terms. Subjection and
dependence are ideas inifperable fiom the con-
dition of a subject. These ideas may be tem-
pered, and softened, and varied without end
according to the genius of particular govern-
ments, but they adhere essentially, and funda-

mentally

( 21",21084,21512,0.81,Topical,T12692,politics,"Obedience the best charter; or, law the only sanction of liberty. In a letter to the Rev. Dr. Price.",144048-obedience best charter or law only sanction of liberty,1776,English,London,"moir, j., (john)"
77,33,"l such complex *Ideas,* which however compounded, contain not in them the supposition of subsisting by themselves, but are considered as Dependences on, or Affections of Substances; su",451201100,"other modifi-

cationll

cations of thought, for which I cannot easily find names, all
admit very readily of being combined with the general import
of a verb, and form with it various more complicated mean-
ings, which are easily distinguishable from one another, and
are not convertible, and therefore must be different. There
are various degrees and kinds of resemblance or affinity among
them, in consequence of which they admit of being arrange",25869,26317,0.81,Topical,T73289,literature_and_arts,Theory of the moods of verbs; by Dr Gregory. From the transactions of the Royal Society of Edinburgh.,126556-theory of moods of verbs by gregory,1787,English,Edinburgh,"gregory, james, 1753-1821"
78,33,"l such complex *Ideas,* which however compounded, contain not in them the supposition of subsisting by themselves, but are considered as Dependences on, or Affections of Substances; su",587300401,"mais les mots qui
dJiilgnent des idées complexes, c'eft-à-dire, un af-
!iiemlage d'idées évidentes considéré comme une
feule chofe, font les vrais objets de la définition;
parce que les différents termes qui repréfnenten ces
idées, quand ils font réunis, montrent la liaifon,
.l poflibiliré, & la conception du tout. C'efr ain",490059,490385,0.809,Meaning Match,T99067,philosophy,Ouvres completes de M. Helvétius.,4791-oeuvres complettes de m helvetius nouvelle edition corrigee et augmentee sur les manuscrits de lauteur avec sa vie et son portrait,1777,French,London|Paris.,"helvetius, 1715-1771"
79,33,"l such complex *Ideas,* which however compounded, contain not in them the supposition of subsisting by themselves, but are considered as Dependences on, or Affections of Substances; su",202901302,"complex
Notions, and occasion new abftrad Names of
Things; but by no Means to produce any
new Quality, Power or Perfection, either in
the Things themselves, or in any thing else,
filch as Sensation, Perception and Thought,
are agreed to be, inhering truly and properly in
the Mind as their only Subject.

§ 5. Now, since Sensation, Perception and
Thought, are Qualities and Perfeeions that
cannot",314194,314590,0.809,Meaning Match,T60564,science,"A treatise on the eye, The Manner and Phaenomena of Vision. In two volumes. By William Porterfield, M. D. Fellow of the Royal College of Physicians at Edinburgh. ...",190429-a treatise on eye manner and phaenomena of vision,1759,English,Edinburgh,"porterfield, william, 1695-1771"
80,33,"l such complex *Ideas,* which however compounded, contain not in them the supposition of subsisting by themselves, but are considered as Dependences on, or Affections of Substances; su",241900904,"-
plex; fimple,when it regards the ideas themSelves;
and complex, when it extends to their relations:
and this complex perception is either mediate or im-
mediate; immediate, when, by a comparison of the
two ideas themselves, their relations are perceived;
and mediate, when, to discover these relations, a
third idea is introduced. This complex perception,
or the perception of the relations which are between
ideas, is",90434,90854,0.809,Meaning Match,T98534,literature_and_arts,"The looker-on, a periodical paper, by the Rev. Simon Olive-Branch, A.M. ...",20175-looker-on periodical paper by rev simon olive-branch am,1795,English,London,"roberts, william, 1767-1849"
81,33,"l such complex *Ideas,* which however compounded, contain not in them the supposition of subsisting by themselves, but are considered as Dependences on, or Affections of Substances; su",1162900300,"and r thenceli-
what may be called accidental Qualities, iina'tle""cn-
both with Regard to our own Ideas, and i""ypartlcu-
with Regard to the Nature of Things, I larubflanc"".
muff observe, that if in the compound Idea
I form of any particular Subflance, I include
the Ideas of those Qualities which ought
to be included in the abfirad Idea of that
Sort of Substance under which",46007,46382,0.809,Meaning Match,T27273,philosophy,"An essay towards demonstrating the immateriality, and free-agency of the soul. In answer to two pamphlets; one Intitled, A Philosophical Enquiry into the physical Spring of Human Actions, &c. supposed to have been wrote by Mr. Samuel Strutt. And The other Intitled; A Philosophical Enquiry concerning Human Liberty; supposed to have been wrote by Anthony Collins, Esq.",X-an essay towards demonstrating the immateriality,1740,English,London,
82,33,"l such complex *Ideas,* which however compounded, contain not in them the supposition of subsisting by themselves, but are considered as Dependences on, or Affections of Substances; su",937200402,"two classes, which I call Ideas and Emotions. By
""Ideas, I mean all thoughts which rife and pass in fucccf-
sion in the mind. By Emotions, all exertions of the
mind in arranging, combining, and fcparating its ideas;
"" as well as all the effcas produced on the mind itself by

those ideas, from the more violent agitation of the pas-
"". sions, to the",601293,601642,0.809,Meaning Match,T143733,literature_and_arts,"Lectures on rhetoric and belles lettres. By Hugh Blair, ... In three volumes. ...",683-lectures on rhetoric and belles lettres,1793,English,London,"blair, hugh, 1718-1800"
83,33,"l such complex *Ideas,* which however compounded, contain not in them the supposition of subsisting by themselves, but are considered as Dependences on, or Affections of Substances; su",340900500,", or
Suspension.
The CONSISTENCE of Notions with each other is expreifed
by conjoining Particles; as, i. COPULATIVES ; as, and, alfi,
bath, so as. . CoNCESSIVE; as, altho', altough, albeit, at leafs.
The DEPENDENCE of one Notion on another is expressed by,
I. CAUsALS ; as, for,",419871,420149,0.809,Meaning Match,T63514,education,"The royal universal British grammar and vocabulary. Being a digestion of the entire English language into its proper parts of speech. Compiled and calculated for equal Ease, both for the Master and Scholar. In a Method entirely New. In which An exact Parallel is observed between the Names, Qualities, and Affirmations, according to Being, Doing, and Suffering, in the English or modern British Language, and the Declensions of the Nouns, both Substantive and Adjective; the Pronouns and Conjugations of Verbs in the Latin and other Languages; the Regular Words of each Part of Speech are distinctly separated from the Irregular; and Plain, and Concise Rules are given precedent to the full and entire Scope of Examples. The whole being delivered In the most approv'd and entertaining Manner; viz. by proper Queries and Answers. In this work the Etymology of the English Language is illustrated, and rendered very facile; the various Acceptations of the same Word are carefully distinguished; the proper Accents accurately marked; and Children may be taught the Formation of more than Ten Thousand Sentences, by marginal Insertions, apposed to that Part of Speech term'd Qualities; which have not increased the Volume two Pages. By D. Farro, S. M.",24339-royal universal british grammar and vocabulary being digestion of entire english language into its proper parts of speech,1754,English,London,
84,33,"l such complex *Ideas,* which however compounded, contain not in them the supposition of subsisting by themselves, but are considered as Dependences on, or Affections of Substances; su",67300100,"Ideas fami-
liar only to Persons of a certain Study or Edu-
cation, and in themselves so complex, 6-c.
that an uncommon Measure of Capacity and
Application is required so fully and difRin&tly
to comprehend them, as to perceive their fe-
veral Habitudes and Relations, with what
they agree, and with what they disagree,
ef;pcliull wwhen an intermediate Application
of several",104089,104463,0.807,Topical,T87044,religion,"A review of A discourse of the visible and invisible Church of Christ. Being a reply to Mr. Sykes's answer to that discourse. By John Rogers, B.D.",21210-a review of discourse of visible and invisible church of christ being reply to mr,1721,English,London,"rogers, john, 1679-1729"
85,33,"l such complex *Ideas,* which however compounded, contain not in them the supposition of subsisting by themselves, but are considered as Dependences on, or Affections of Substances; su",252000302,"imple elements; and the fame may be said of
he objets of memory and of consciousness.
Secondly, Our most diftin: complex notions
are those that are formed by compounding the
imple notions got by abftraEtion.
Thirdly, Without the powers of abftraEting
nd generalising, it would be impossible to re-
duce things into any order and method, by di-
iding them into genera and species.

Fourth",226313,226700,0.807,Meaning Match,N8392,philosophy,"Essays on the intellectual and active powers of man. By Thomas Reid, ... In three volumes. ...",7107-essays on active powers of man,1790,English,Dublin,"reid, thomas, 1710-1796"
86,33,"l such complex *Ideas,* which however compounded, contain not in them the supposition of subsisting by themselves, but are considered as Dependences on, or Affections of Substances; su",158500500,"der not only Substances, as they are such, but also as
attended with certain lodes, which produce Ideas that are very
much compounded.
5. We define Substance in gcnra/l, T hings fi/ifling by them-
;i-ves, but then they are confider'd abftrally, or without re-
gard to any particular Subflance actually existing; and in that
Sense it is nufficiently plain what is",505351,505713,0.807,Meaning Match,N14389,education,"Youth's preceptor, containing a grammar of the English tongue; A Treatise on the Art of Poetry. Rhetoric, or the Art of Persuasion. Logic, or the Art of Reasoning. Tables for various useful Calculations. Illustrated with several plates, containing Thirteen Alphabets used in Writing and Printing. The whole forming a complete system of an English education. A new edition compiled for the use of schools. By Sir Richard Steele.",73495-youths preceptor containing grammar of english tongue treatise on art of poetry,1782,English,London,"steele, richard, sir, 1672-1729"
87,33,"l such complex *Ideas,* which however compounded, contain not in them the supposition of subsisting by themselves, but are considered as Dependences on, or Affections of Substances; su",1130100204,"thereon, that a
kind of complex or mixed sensation arises, which
I call an idea.

The peculiar manner in which we form ideas,
is that which conflitutes the genius and charac-
ter of the mind. To form our ideas of things
on their actual relations only, betokens a fulid
understanding; whereas, to be contented with
their apparent relations, betrays a superficial
one. To conceive these relations, as they really
exist, displays a",626182,626610,0.806,Meaning Match,N25533,literature_and_arts,The works of J. J. Rousseau. Translated from the French. In ten volumes. Volume the First.,18583-works,1774,English,Edinburgh,"rousseau, jean-jacques, 1712-1778"
88,33,"l such complex *Ideas,* which however compounded, contain not in them the supposition of subsisting by themselves, but are considered as Dependences on, or Affections of Substances; su",736700300,"whereas the former may be called Complex Propo-
1 fitions.
i, We are to observe, that these Complex Propofi-
* tions may be of two Sorts; for the Complexity, if

we may so call it, may fall either upon the Matter of
the Proposition, that is to fay, upon the Subjet, or
e fe upon the Attribute, or upon both, or upon the
Form only.

T. The Complexity falls upon the",252911,253275,0.806,Meaning Match,T155499,philosophy,"Logic; or, the Art of Thinking: containing (besides the common rules) many new observations, that are of great use in forming an exactness of judgment. In four parts. I. Consisting of Reflections upon the Ideas, or first Operation of the Mind. II. Of the Reflections Men have made upon their Judgments. III. Of Reasoning. IV. Of Method; or the clearest Manner of demonstrating any Truth. Done from the new French edition. By Mr. Ozell.",662-logique ou lart de penser,1717,English,London,"arnauld, antoine, 1612-1694"
89,33,"l such complex *Ideas,* which however compounded, contain not in them the supposition of subsisting by themselves, but are considered as Dependences on, or Affections of Substances; su",393700302,"idea, as ten, a score, &c. .. Such as are
compounded of simple ideas of several forts
put together, to make a complex one, as
beauty, theft, &c.
Substances have their ideas from fnch
combinations of simple ideas -as represent
diltinF things fubfiliing by themselves;
in which the idea of fubltance, confuoed
as it is, is always the first. Relations are
complex ideas arising",1723761,1724135,0.805,Meaning Match,T128548,education,"The modern dictionary of arts and sciences; or, complete system of literature. In which will be introduced every modern Improvement that has been made therein by the Learned and Ingenious of this or any other Nation; more particularly those valuable Discoveries that have been communicated by several Members of the Royal Society, the Royal Academy, and the Society for the Encouragement of Arts, Manufactures, and Commerce. Among the various other Branches of Learning, the following will be particularly and copiously explained, viz. Agriculture, Anatomy, Architecture, Arithmetic, Astronomy, Book-Keeping, Biography, Botany, Catoptrics, Chemistry, Chronology, Commerce, Cosmography. Dialling, Dioptrics, Ethics, Gardening, Gauging, Geography, Geometry, Grammar, Gunnery, Heraldry, History, Horsemanship, Husbandry, Hydraulics. Hydrography, Hydrostatics, Law, Logic, Maritime Affairs, Military Affairs, Mathematics, Mechanics, Merchandize, Metaphysics, Meteorology, Music, Navigation, Optics, Painting. Perspective, Philosophy, Physic, Pneumatics, Rhetoric, Sculpture, Statics. Surgery, Surveying. Theology, &c. &c. The whole greatly improved and modernized from every dictionary that hath preceded it, and ornamented with upwards of Two Hundred Figures, necessary to illustrate and embellish the Work. The historical, theological, philosophical, biographical, and grammatical parts, by the Rev. Percival Proctor, M.A. The astronomical, mechanical, and every other Branch of the Mathematics, by William Castieau, Teacher of the Mathematics, and Master of the Academy, opposite Berner's-Street, in Oxford-Street. The other articles by gentlemen particularly conversant in the respective subjects they have undertaken to explain.",X-the modern dictionary of arts and sciences,1774,English,London,
90,33,"l such complex *Ideas,* which however compounded, contain not in them the supposition of subsisting by themselves, but are considered as Dependences on, or Affections of Substances; su",1255600600,"as, a mnan, a body, an angel, &c. Every thing that can
Complex

'
be divided by the mind into two or more ideas is called
Lcomplex.
r Is that which joins together different kinds of ideas,
I whether simple or complex ; forinstance, harmony, which
Compound .

is compounded of different sounds united ; and man, who
L's compounded of spirit and matter.
f Is formed by the",4036,4406,0.805,Meaning Match,T191684,ephemera-entertainment,"A key to the pedigree of logical knowledge. Explaining the origin and nature of ideas; the meaning of the different terms or words; the parts requisite to form a proposition, also their distinct kinds, quantity, & quality; the difference between right and false judgment; and an explanation of The various kinds of Syllogisms fit to be used in Argument, Before a Conclusion ought to be formed. to which are added, a few general directions or rules, necessary to be known, and worthy to be followed by every one who is in the pursuit of knowledge.",X-a key to the pedigree of logical knowledge,1798,English,London,
91,33,"l such complex *Ideas,* which however compounded, contain not in them the supposition of subsisting by themselves, but are considered as Dependences on, or Affections of Substances; su",533300200,"Things, ob. in their Conception
they often fee no farther than the immediate
Import of Words and Nlames, without conider-
ing whether these are properly applied or
otherwise. To certain Terms are ainexed,
certain Aflociations of Ideas, ad it is frequent-
ly tthofe Afociations of Ideas alone, 'y w'ich
th.ey. form their Opinions and reglate their
Condut.

D 3 HEaB

( 3",43267,43636,0.804,Topical,T83634,law,"A review of the three great national questions relative to a declaration of right, Poynings' law, and the mutiny bill.",25560-a review of three great national questions relative to declaration of right poynings law and mutiny bill,1781,English,Dublin,"sheridan, charles francis, 1750-1806"
92,33,"l such complex *Ideas,* which however compounded, contain not in them the supposition of subsisting by themselves, but are considered as Dependences on, or Affections of Substances; su",452200400,". though the Idea we
""have of either of them, be but the Compli-
"" cation, or Colledion of those several simple
"" Ideas, or sensible Qualities, which we use to
""find united in the Thing called Horse or
"" Srone; yet, because we cannot conceive how
"" they should subsist alone, nor one in ano-
""ther, we suppose them to exist in, and to be
""supported by some common Subje&",3686,4056,0.804,Meaning Match,T138026,religion,"A view of the invisible world: or, general history of apparitions. Collected from the best authorities, both antient and modern; and attested by Authors of the highest Reputation and Credit. Illustrated With a Variety of Notes and parallel Cases; in which, some Account of the Nature and Cause of Departed Spirits visiting their former Stations by returning again into the present World, is treated in a Manner different to the prevailing Opinions of Mankind. And An Attempt is made from Rational Principles, to account for the Species of such supernatural Appearances, when they may be suppos'd consistent with the Divine Appointment in the Government of the World. With the Sentiments of Monsieur Le Clerc, Mr. Locke, Mr. Addison, and Others, on this important Subject. In Which, Some humourous and diverting Instances are remark'd, in order to divert that Gloom of Melancholy that naturally arises in the Human Mind, from reading or medicating on these Subjects. Illustrated with suitable cuts.",4658-essay on history and reality of apparitions,1752,English,London,"defoe, daniel, 1661?-1731"
93,33,"l such complex *Ideas,* which however compounded, contain not in them the supposition of subsisting by themselves, but are considered as Dependences on, or Affections of Substances; su",580800401,"ideas of substances are fantastical, which are made conformable to
no pattern existing, that we know of, and that consist of such a col-
ledtion of ideas as no fubfrance ever fiewed us united together. This
fort of ideas being made in reference to things existing without us, and
being intended to be representations of substances, as they really arecan
be no farther real than as they are combinations of simple ideas, which
are really united and co",61700,62150,0.804,Meaning Match,T150276,science,"A system of natural philosophy, being a course of lectures in mechanics, optics, hydrostatics, and astronomy; Which are read in St Johns College Cambridge, by T. Rutherforth D.D. F.R.S. Chaplain to his Royal Highness the Prince of Wales. In two volumes. ...",152100-a system of natural philosophy being course of lectures in mechanics optics hydrostatics and astronomy which are read in st johns college cambridge by t,1748,English,Cambridge,"Rutherforth, Thomas, 1712-1771"
94,33,"l such complex *Ideas,* which however compounded, contain not in them the supposition of subsisting by themselves, but are considered as Dependences on, or Affections of Substances; su",1415300201,";wrhat they; are, I aaofwer sfl. in general,
that by Ideas iddefinitely ar-e underflood any Forms,
Reprefgemations, or Simillitudes of thi;ngs. And% as

by

by our Ideas w~e ordinarily under~rand certain Re-
pareilentative Formxs of things in oar Mindcs, wrhichz
we contemplate as the immediate Objea",396904,397204,0.804,Meaning Match,N38146,philosophy,"An essay towards the theory of the ideal or intelligible world. Design'd for two parts. The first considering it absolutely in it self, and the second in relation to human understanding. Part I. By John Norris, rector of Bemerton near Sarum",51593-an essay towards theory of ideal or intelligible world designd for two parts first considering it absolutely in it self and second in relation to human understanding part 1 by john norris rector of bemerton near sarum,1722,English,London,"Norris, John, 1657-1711"
95,33,"l such complex *Ideas,* which however compounded, contain not in them the supposition of subsisting by themselves, but are considered as Dependences on, or Affections of Substances; su",196600500,"or separate Idea of any
ibrt.

THINKING, Mfilling, Intellec, Memory,
Hope, Joy, Fear, Love, Grief, and other Terms
which are commonly mistaken to be expressive
of such Simple Ideas; are not realyWords affixed
to any immediate and Purely Spiritual Ideas
which we have of those Operations and Pas-
lions, exclusive of Matter and Sensation, as
tome imagine: But they are",33478,33845,0.804,Meaning Match,T118954,philosophy,"Things divine and supernatural conceived by analogy with things natural and human. By the author of The procedure, extent and limits of human understanding.",59856-things divine and supernatural conceived by analogy with things natural and human by author of procedure extent and limits of human understanding,1733,English,London,"browne, peter, approximately 1666-1735"
96,33,"l such complex *Ideas,* which however compounded, contain not in them the supposition of subsisting by themselves, but are considered as Dependences on, or Affections of Substances; su",1120900100,"they represent but
that Part of them only wherein they agree
with others of the fame Kind.

Now there abftrated Ideas evidently arise
from a Power that is in the Mind itfeJi to ab-
firad or divide one Part of an Idea from the
other, or to feperate mingled Ideas, and con-
ceive them apart.

Another Sort of abflracred Ideas, and which
indeed are more properly caUcd by thit Name,",146971,147350,0.804,Topical,N25277,philosophy,"Philosophical essays on various subjects, viz. space, substance, body, spirit, the Operations of the Soul in Union with the Body, innate Ideas, perpetual Consciousness, Place and Motion of Spirits, the departing Soul, the Resurrection of the Body, the Production and Operations of Plants and Animals: with some remarks on Mr. Locke's Essay on the human understanding. To which is subjoined a brief scheme of ontology, or the Science of Being in general, with its Affections. By I. Watts, D.D.",4837-philosophical essays on various subjects viz,1755,English,London,"watts, isaac, 1674-1748"
97,33,"l such complex *Ideas,* which however compounded, contain not in them the supposition of subsisting by themselves, but are considered as Dependences on, or Affections of Substances; su",208300801,"effecs of this union or as-
fociation of ideas, there are none more re-
markable, than those complex ideas, which
are the common fubjetts of our thoughts and
reasoning, and generally arise from some prin-
ciple of union among our simple ideas. These
complex ideas may be divided into Relations,
Modes, andSubftances. We ihall briefly examine
each of there in order, and shall subjoin some
consideration",40999,41401,0.803,Meaning Match,T4002,philosophy,A treatise of human nature: being an attempt to introduce the experimental method of reasoning into moral subjects. ... . of the understanding.,52050-treatise of human nature,1739,English,London,"hume, david, 1711-1776"
98,33,"l such complex *Ideas,* which however compounded, contain not in them the supposition of subsisting by themselves, but are considered as Dependences on, or Affections of Substances; su",672100900,"something that is conformable to the subjec&
of all rational beings.

ANALYsIS-ZergliederlnIg,
l) of an idea, is the reduction of it to those characters, of which

it is compounded, in order to render the cognition of it
clearer, though we cannot by this process make it more
complete: hence it does not furnish us with additional
knowledge, but merely arranges what we already poflefs.",301262,301648,0.803,Meaning Match,T94612,philosophy,"Elements of the critical philosophy: containing a concise account of its origin and tendency; a view of all the works published by its founder, Professor Immanuel Kant; and a glossary for the Explanation of Terms and Phrases. To which are added: Three philological essays; chiefly translated from the German of John Christopher Adelung; Aulic Counsellor and First Librarian to the Elector of Saxony. By A. F. M. Willich, M.D.",39405-elements of critical philosophy containing concise account of its origin and tendency view of all works published by its founder professor immanuel kant and glossary for explanation of terms and phrases,1798,English,London,"willich, a. f. m., active 1776., (anthony florian madinger)"
99,33,"l such complex *Ideas,* which however compounded, contain not in them the supposition of subsisting by themselves, but are considered as Dependences on, or Affections of Substances; su",242800600,"sition of the

Idels,

Ideas themselves, as thatTwice Two is Four, or
that the Whole is equal to all its Parts taken
together, and the like, the Proposition is Self-
evident, or Intuitive. When the Relation of
Agreement or Disagreement between any two
remote Ideas, is discovered by a Train of in-
termediate Ideas, each Antecedent having an
immediate felf-evident Connexion with its",52057,52440,0.803,Meaning Match,T86801,religion,"A collection of tracts, relating to the right of private judgment, the sufficiency of scripture, and the terms of church-communion; upon Christian principles: occasion'd by the late Trinitarian controversy. And now revised and published all together; with a preface: by the author, Thomas Morgan, M. D.",56626-a collection of tracts relating to right of private judgment sufficiency of scripture and terms of church-communion upon christian principles occasiond by trinitarian controversy and now revised and published all together with preface by author thomas morgan m d,1726,English,London,"morgan, thomas, -1743"
100,33,"l such complex *Ideas,* which however compounded, contain not in them the supposition of subsisting by themselves, but are considered as Dependences on, or Affections of Substances; su",277300500,". imagining, forming ideas
lma""ginary, a. fancied, only in the imagination
Imagination,s. fancy, idea, contrivance
Ima'ginative, a. fantaflic, full of imagination
Ima""gine, v. a. to fancy, to contrive
Imbc""cile, v. a. to lcfen a fortune privately
Imbecil'ity,f. weakness, feebleness",548053,548335,0.803,Topical,T61472,philosophy,"The new spelling dictionary, teaching to write and pronounce the English tongue with easy and propriety; In which each Word is accented according to its just and natural Pronunciation; the Part of Speech is properly distinguished, and The various Significations are ranged in one Line; With a list of proper names of men and women. The whole compiled and digested in a manner entirly new, to make it a complete pocket companion for those Who read Milton, Pope, Addison, Shakespeare, Tillotson and Locke, or other English Authors of Repute in Prose or verse: And in particular to assist young People, Artificers, Trade Men and Foreigners, desirous to understand what they speak, read and write. To which is prefix'd, a grammatical introduction to the English Tongue. By the Rev. John Entick, A. M. Editor of Littleton's Latin and English D[i]ctionary, and Schrevelius's Greek Lexicon. A new edition, carefully revised and corrected; to which are now added, above five thousand Words which were not in any former Impression; with, An exact List of all the Cities, Boroughs, and Market Towns in England and Wales; the Days on which their Markets are held, and their distance from London in measured Miles.",561-enticks new spelling dictionary teaching to write and pronounce english tongue with ease and propriety in which each word is accented according to its just and natural pronunciation part of speech is properly distinguished and various significations are ranged in one line with list of proper names of men and women,1773,English,London,"entick, john, 1703?-1773"
101,33,"l such complex *Ideas,* which however compounded, contain not in them the supposition of subsisting by themselves, but are considered as Dependences on, or Affections of Substances; su",993400200,"Actions of simple Powers,
and complex Ideas from the complicated Actions of several
simple Powers: No simple Idea can be explained ; as I think is
coifefled by all ; and the Explication of complex. Ideas, is the
shewing of what simple Ideas they are compounded. Let any
Man show any Idea, which does not evidently arise from some
Action or other, if he can. I

In the last Place, I must observe, that",39754,40154,0.803,Meaning Match,W20277,science,"An explication of the first causes of action in matter, and, of the cause of gravitation.",53786-an explication of first causes of action in matter and of cause of gravitation,1745,English,New York,"colden, cadwallader, 1688-1776"
102,33,"l such complex *Ideas,* which however compounded, contain not in them the supposition of subsisting by themselves, but are considered as Dependences on, or Affections of Substances; su",1196300101,"ties and attributes that essential-
ly appertain to them, and which we ought to assign
thlem by abltraEtion, as confidering them a priori.
Hence it appears, that this doctrine ihould proceed
in its operations from the moil simple ideas; such
as do not admit of any other qualities of which they
may be compounded. These Pimple ideas are, for
example, those of being, of essence, of fubl",554361,554747,0.802,Meaning Match,N1409,politics,"The elements of universal erudition. Containing an analytical abridgment of the sciences, polite arts, and belles lettres. By Baron Bielfeld, Secretary of Lecation to the King of Prussia. Preceptor to Prince Ferdinand, and Chancellor of all the Universities in the Dominions of his Prussian Majesty, Author of the Political Institutes, &c. Translated from the last edition printed at Berlin. By W. Hooper, M.D. In three volumes. ...",56340-erudition universelle,1771,English,Dublin,"bielfeld, jacob friedrich, freiherr von, 1717-1770"
103,33,"l such complex *Ideas,* which however compounded, contain not in them the supposition of subsisting by themselves, but are considered as Dependences on, or Affections of Substances; su",613100600,"there are some ideas excited equally from
""both); we take no notice of those ideas in which
""two or more particular substances differ, but felee
""those only in which they agree, and connef them
""into one complex idea, by giving them one name:
which complex idea becomes general; that is, it
""may be affirmed of, or belong to, or is found in more
' than one particular fubflance t: aid the several
""",36160,36558,0.802,Meaning Match,T142957,philosophy,"A remonstrance against Lord Viscount Bolingbroke's philosophical religion. Addressed to David Mallet, Esq; the publisher. By G. Anderson.",128501-a remonstrance against lord viscount bolingbrokes philosophical religion addressed to david mallet publisher,1756,English,Edinburgh,"anderson, george, 1676-1756"
104,33,"l such complex *Ideas,* which however compounded, contain not in them the supposition of subsisting by themselves, but are considered as Dependences on, or Affections of Substances; su",1693700400,"s, and Emotions. By Ideas, I mean all
""c thoughts which rife and pass in s~uccession in the mind.: B y Emotions,
E( all exertions of the muind in arran~ging, combining·, and feparaturg 'r its

sion of tones, therefore, deserves to be attentively ithdied
by every one who would be a fuccefsfu~l orator.

The great",81359,81671,0.801,Topical,T171703,philosophy,"Scoticisms, arranged in alphabetical order, designed to correct improprieties of speech and writing. To which is added, a lecture on elocution: by Dr. Blair",25329-scoticisms arranged in alphabetical order designed to correct improprieties of speech and writing,1797,English,Edinburgh,"beattie, james, 1735-1803"
105,33,"l such complex *Ideas,* which however compounded, contain not in them the supposition of subsisting by themselves, but are considered as Dependences on, or Affections of Substances; su",120500601,"ar IDEAS themselves:

and they relate either,

I. To the Perception of our own Minds;
2. To the 'hings they are fippofed to represent;
3. t'he cafial "" or afociated"" Relations of ifch Ideas
one to another "" obtaining"" in the Mind.

I. i. Of IDEAS relating to the PERCEPTION of our
own Mind:

And they are said to be either,
11. 29. (",134936,135269,0.801,Meaning Match,T95571,law,"The law of evidence, by Lord Chief Baron Gilbert. Considerably enlarged by Capel Lofft, Barrister at Law. To which is Prefixed, Some Account of the Author; his Abstract of Locke's Essay; and his Argument in a Case of Homicide in Ireland. ...",X-T95571,1791,English,London,"gilbert, geoffrey, sir, 1674-1726"
106,33,"l such complex *Ideas,* which however compounded, contain not in them the supposition of subsisting by themselves, but are considered as Dependences on, or Affections of Substances; su",452600900,", de l'é-
tendue, de la couleur, du fon &c. font
évidentes par elles- mêmes, quoiqu'on ne
puiffe les définir; mais les mots qui dés
- ignent des idées complexes, c'eft- - di-
re, un affemblage d'idées évidentes con-
'fidétr comme une feule chofe, font les

vrais objets de la définition; parce que les
diff",318382,318688,0.801,Meaning Match,T101601,philosophy,"Lettres philosophiques sur l'origine des préjugés, du dogme de l'immortalité de l'ame, ... Traduites de l'Anglois de J. Toland.",46477-letters to serena containing i,1768,French,Amsterdam,"toland, john, 1670-1722"
107,33,"l such complex *Ideas,* which however compounded, contain not in them the supposition of subsisting by themselves, but are considered as Dependences on, or Affections of Substances; su",532101200,"many things
which may be defined. Simple ideas,
such as those of movement, ofextenfion,
of colour, of found, &c, are felf-evi-
dent, though we cannot define them;
but the words which design complex
ideas, that is to fay, an assemblage of
evident ideas confidered as one tingle
thing, are the true objects of defini-
tion; because that the different terms
which represent these ideas, when they
are",156414,156811,0.8,Meaning Match,T109902,philosophy,The progress of reason in the search of truth. Translated from the French.,160143-triomphe de la raison sur les prejuges,1785,English,London,"bignicourt, simon de, 1709-1775"
108,33,"l such complex *Ideas,* which however compounded, contain not in them the supposition of subsisting by themselves, but are considered as Dependences on, or Affections of Substances; su",31701100,"ed by the words, triangle, gratitude, murder, &c.
as dependencies on, or affe&ions of substances. But
these ideas are all general, or abftrat ideas. They are
the creation of the mind, and if they can be said to
depend upon any thing, it must be upon the will of
him who forms them, and who chufes what ideas he
will combine-together, and express, by these names.
The idea of a tri",93765,94145,0.8,Meaning Match,N56029,philosophy,"Logical tracts, comprising observations and essays illustrative of Mr. Locke's treatise upon the human understanding: With Occasional Remarks on the Writings of the Two Scottish Professors, Reid and Stewart, Upon the Same Subject: and a Preface in Vindication of Mr. Locke, Against the Mistakes and Misrepresentations of the Late Mr. Milner, of Hull, Dr. Horne, Bishop of Norwich; Mr. Kett, Fellow of Trinity College, Oxford; and Dr. Napleton, Canon of Hereford. By Thomas Ludlam, M.A.",58560-logical tracts comprising observations and essays illustrative of mr,1790,English,Cambridge,"ludlam, thomas, 1727-1811"
109,33,"l such complex *Ideas,* which however compounded, contain not in them the supposition of subsisting by themselves, but are considered as Dependences on, or Affections of Substances; su",282600204,"ly the difference betwixt sensations and ideas.
j Ibid. p. 73, 74, and 75.

x

use the faculty of abftration and eparation, which is peculiar o
the intell-eull nature, and without which we never could have
formed ideas of any kind. For in this material world, as some of
the antient philosophers have observed, particularly Anaxagoras, as
I remember, all things are so mni",110339,110711,0.8,Topical,T22183,philosophy,Antient metaphysics. Volume fourth. Containing the history of Man. With an appendix relating to the fille sauvage whom the author saw in France.,7522-antient metaphysics,1795,English,Edinburgh,"Monboddo, James Burnett, lord, 1714-1799"
110,33,"l such complex *Ideas,* which however compounded, contain not in them the supposition of subsisting by themselves, but are considered as Dependences on, or Affections of Substances; su",358500305,"mple or complex. Such is the Idea of
Man, as compounded of Body and
Spirit; of an Eleatuaty, or other Me-
dicine, compounded of different In-
gredients; and of Harmony, which is
made up of different Sounds united.

9, What is a ColletSive Idea?
A. That which joins together ma.
ny Ideas of the fame Kind, and con-
fiders them in one View. Such is the",41661,42011,0.798,Meaning Match,T109990,philosophy,"Logic made familiar and easy to young gentlemen and ladies. To which is added, a compendious system of metaphysics, or, ontology. Being the fifth volume of the Circle of sciences, &c. Published by the King's Authority.",X-logic made familiar and easy,1752,English,Dublin,
111,33,"l such complex *Ideas,* which however compounded, contain not in them the supposition of subsisting by themselves, but are considered as Dependences on, or Affections of Substances; su",371400700,"and joyn them together by way of Predication
one of another, and so make up Propositions and
Maxims of Truth, which are called Complex Ideas.
'Even while we are meditating upon, and observing
the Exifence of Things individually, we cannot but
take notice of their Dependencies; which naturally
leads us to reason about their Agreement or Dift.
greement. Thus,- when we confider Matter and
Substance;",15625,16024,0.798,Meaning Match,T101585,religion,"The necessity of a right understanding, in order to true wisdom. A sermon preach'd ... Aug. 26, 1712. ... By Tho. Cox, Jun. ...",166574-necessity of right understanding in order to true wisdom sermon preachd,1712,English,London,"cox, thomas, -1763"
112,33,"l such complex *Ideas,* which however compounded, contain not in them the supposition of subsisting by themselves, but are considered as Dependences on, or Affections of Substances; su",1603900300,"by one or more, the fame or diferent Ide's is
better to be conceived by inward Reflexion, than
can possibly be explained by Words.

Such an Idea, which is not diftinguiihable into

different Appearances, I call a simple Idea.

When I have any Thought or Perception, which

is resolvable into several Idea's, I call this a com-
plex or compounded Notion. And hence I term any
Be",35195,35572,0.798,Meaning Match,T155541,religion,"Some considerations concerning the Trinity and the ways of managing that controversie. The third edition. Together with an answer to some reflections made upon them, in a late pamphlet entituled, An essay concerning the use of reason, &c. in a letter to the author",23518-some considerations concerning trinity and ways of managing that controversie,1707,English,London,"gastrell, francis, 1662-1725"
113,33,"l such complex *Ideas,* which however compounded, contain not in them the supposition of subsisting by themselves, but are considered as Dependences on, or Affections of Substances; su",217000101,". LOCKE ascribes
""ideas to many words, which, as I have de-
""fined idea, cannot be said to have any im.
""mediate and precise ones; but only to ad-
"" mit of definitions. However, let definition
' be substituted inftoad of idea, in these ca-
""' fs, and then all Mr. LOCcE's excellent

rules
$ LOCKE'I E.;ay on Human",89246,89559,0.798,Paraphrase,N10052,science,"Observations on the nature, kinds, causes, and prevention of insanity, lunacy, or madness. By Thomas Arnold, M.D. ... . containing observations on the Nature, and various kinds of Insanity.",151518-observations on nature kinds causes and prevention of insanity lunacy or madness by thomas arnold m,1782,English,,"arnold, thomas, 1742-1816"
114,33,"l such complex *Ideas,* which however compounded, contain not in them the supposition of subsisting by themselves, but are considered as Dependences on, or Affections of Substances; su",219600300,"if it be true "" that none of these
' things could be asserted of Language,
"" were not Words the Symbols of general
""Ideas- and it be further true, that these
""things may be all undeniably aflerted'of

Language""--it will follow (and that
jieceffarily) that WORDS ARE THE SYM-
BOLS OF GENERAL IDEAS.

AND yet perhaps even here may be
an Obje",330034,330373,0.798,Meaning Match,T106496,philosophy,"Hermes: or, a philosophical inquiry concerning language and universal grammar. By J. H.",7465-hermes or philosophical inqviry concerning vniversal grammar,1751,English,London,"harris, james, 1709-1780"
115,33,"l such complex *Ideas,* which however compounded, contain not in them the supposition of subsisting by themselves, but are considered as Dependences on, or Affections of Substances; su",303900101,"some parts of several, diffe-
' rent and inconsistent ideas are put together.' This definiti-
on is unintelligible and unworthy of his natural acuteness. An
abftra& ideais not the idea of any thing really existent, but a
general idea, in which many particular things agree. It is a
preterition of, or non-attention to the particularities and fpe-
cialities that determine it to one",321226,321607,0.798,Topical,T68477,religion,The philosophical principles of natural and revealed religion. Unfolded in a geometrical order by the Chevalier Ramsay Author of the Travels of Cyrus.,50259-philosophical principles of natural and revealed religion unfolded in geometrical order by chevalier ramsay author of travels of cyrus,1748,English,Glasgow,"ramsay, chevalier, 1686-1743., (andrew michael)"
116,33,"l such complex *Ideas,* which however compounded, contain not in them the supposition of subsisting by themselves, but are considered as Dependences on, or Affections of Substances; su",1711900203,"idea is introduced. This complex perception,.
or.the perception of the relations which are between.
ideas, .is what we commonly call knowledge: but as
this complex conception is either mediate or im--
mediate, knowledge also admits of the fame divi--
sion, and is either immediate or mediate, or what is
the fame thing, either intuitive or demonfirative;.
either consisting of truths drawn from -the relations",276185,276594,0.797,Meaning Match,T101824,religion,"The looker-on: a periodical paper. By the Rev. Simon Olive-Branch, A.M[.]",190888-looker-on periodical paper by rev,1794,English,London,"roberts, william, steward of the court-leet of manchester"
117,33,"l such complex *Ideas,* which however compounded, contain not in them the supposition of subsisting by themselves, but are considered as Dependences on, or Affections of Substances; su",124600700,"Ideas; when our Words, are likewise join-
ed, or Separated according as our Ideas are,
they make true Propofiions, which flhow
the. Agreement or Disagreement of Ideas in
our Minds. These Propositions are certain-
iv true. But there are others also, which
are called true, when they represent our
Thoughts and Sentiments, as we indeed
conceive them in our Minds, though they
be not according",15018,15408,0.797,Meaning Match,T99467,religion,"Twelve sermons on the following subjects, viz. I. what is truth? II. Of Things Excellent. III. Of the Righteousness of God. IV. Of the Righteousness of God in the Redemption of Mankind. V. Of the Prescience of God. VI. Vii. Of the State of Man in Paradise. Viii. IX. Of the Crucifixion of Christ. X. Of the Mediation of Christ. XI. Of the Kingdom of Christ. XII. Of the perpetuity of Christ's Kingdom. By Christopher Hussey, D. D. Rector of West-Wickham in Kent, and Chaplain to his Grace the Duke of Dorset.",73622-twelve sermons on following subjects viz i what is truth ii,1753,English,London,
118,33,"l such complex *Ideas,* which however compounded, contain not in them the supposition of subsisting by themselves, but are considered as Dependences on, or Affections of Substances; su",29600200,"idea
must be of that description of ideas
which are measured by their elevation
above the line of equilibrium.

The

[ 35 ]
The principal of that class of passions,
affections, or ideas are those which are
formed by the highest motions or mo-
dulations of the mind, such as love, am-
bition, power, licentious avarice, pride,
gaming, emulation, and pursuits of
fame and honor. The principal of
that order",29371,29775,0.797,Topical,T93269,law,"A treatise on the real cause and cure of insanity; in which the nature and distinctions of this disease are fully explained, and the Treatment Established on New Principles. Inscribed, by Permission, To the Right Honourable Lord Southampton. By Andrew Harper, Author of the Economy of Health.",68995-a treatise on real cause and cure of insanity in which nature and distinctions of this disease are fully explained and treatment established on new principles inscribed by permission to right honourable lord southampton by andrew harper author of economy of health,1789,English,London,"harper, andrew, -1790"
119,33,"l such complex *Ideas,* which however compounded, contain not in them the supposition of subsisting by themselves, but are considered as Dependences on, or Affections of Substances; su",1022801000,"tended Substance; and for this
Reason, that it is not possible to have any
Idea at all of unextended Substance.

The Ideal of thinking Being, (faith Mr. Norris)
and extended Being, are compleat and really dilfinc?
Ideas, and not one and the fame Idea incompleatly
confidered. And if the Ideas of these things are
really diftinF, then the things conceived by t",298293,298652,0.797,Topical,T117683,religion,A discourse concerning the resurrection of the same body: with two letters concerning the necessary immateriality of created thinking substance.,116127-a discourse concerning resurrection of same body with two letters concerning necessary immateriality of created thinking substance,1705,English,London,"bold, s., 1649-1737., (samuel)"
120,33,"l such complex *Ideas,* which however compounded, contain not in them the supposition of subsisting by themselves, but are considered as Dependences on, or Affections of Substances; su",1314900201,"of which now conflitutes our
ideas of recolleation, or of imagination.

3. Thlofe ideas which we repeat without change of the

quantity of that com~bination, with which we sirs1 received
th~em, are called complex ideas, as when you recolleat Weil-
minl~er- Abbey, or the planet Saturn; butr it mul2 be observed,
that thes~e complex ideas, thus re-excit~ed by voli",289053,289416,0.797,Meaning Match,W25004,science,"Zoonomia, or, the laws of organic life. Vol. I. By Erasmus Darwin, M.D. F.R.S. author of The botanic garden. [Four lines from Virgil, with six line translation]",6149-zoonomia or laws of organic life,1796,English,New-York,"darwin, erasmus, 1731-1802"
121,33,"l such complex *Ideas,* which however compounded, contain not in them the supposition of subsisting by themselves, but are considered as Dependences on, or Affections of Substances; su",293601600,"Perceptions; for as
every Definition of a Term consists of an
accurate Enumeration of the several simple
Ideas we have combin'd in that complex
Mode, it plainly follows, that if we had
made a proper Analysis of our compound
Idea, we could not fail to enumerate all its
compound Parts; but in this we generally
are deficient: No Wonder, therefore, if
another does not underfand either the
Term or Definition, since we",135287,135703,0.797,Meaning Match,T118482,religion,"The life of Adam. Translated from Gio Francisco Loridano. To which is subjoyn'd, An essay towards an analysis of the human mind. Being, An Enquiry into the Original of our Ideas of Good and Evil, and the Nature, Rise, and Progress of the Passions, Habits, and Affections of the Human Soul. By Richard Murray, A. M. & J. U. B.",6597-adamo,1748,English,London,"loredano, giovanni francesco, 1607-1661"
122,33,"l such complex *Ideas,* which however compounded, contain not in them the supposition of subsisting by themselves, but are considered as Dependences on, or Affections of Substances; su",1127101500,"do not mean any particular
-Agreement, but any, or every Kind of A.-
greement that we are capable of dilcovering
'n our Ideas, As ideas themselves are of va-.
rious Kinds, so the Relations interceding be-

tween

[ 5 J
twcen. them are conformably different. Che
/gresemeilt of yrithinctical Ideas is, I fippolc,
either that of Equalit,, or",2456,2795,0.797,Meaning Match,T47340,philosophy,The second part of The foundation of moral goodness; illustrating and enforcing the principles and reasonings contained in the former. Being an answer to certain remarks communicated by a gentleman to the author.,10083-foundation of moral goodness or further inquiry into original of our idea of virtue,1729,English,London,"balguy, john, 1686-1748"
123,33,"l such complex *Ideas,* which however compounded, contain not in them the supposition of subsisting by themselves, but are considered as Dependences on, or Affections of Substances; su",179100400,".of natural Ideas. This Bundle, or the most
obvious Ideas in it, we, by our compound-
ing Faculty, unite into one artificial Idea, to
which we add the Idea of something, we
know not what, in which we suppose these
Qualities to subsist, and which for this Reason
we call Substance; and to the artificial Idea
thus formed, we give a Name, which from
that Time becomes the Idea and the Name of",28427,28817,0.796,Meaning Match,T57973,philosophy,"A new method of demonstrating from reason and philosophy the four fundamental points of religion, viz. I. The Existence and the Immateriality of the Spirit or Soul of Man. II. The Existence of the supreme Spirit, or God. III. The Immortality of the Soul of Man. And, IV. The Certainty of a Future State of eternal Happiness or Misery.",198935-a new method of demonstrating from reason and philosophy four fundamental points of religion viz,1756,English,London,gordon
124,33,"l such complex *Ideas,* which however compounded, contain not in them the supposition of subsisting by themselves, but are considered as Dependences on, or Affections of Substances; su",35201000,"n
to be the only Substance or Support,
wherein the unthinking Beings or Ideas can
exilt: But that this Substance which sup-
ports or perceives Ideas (hould it self be an
Idea or like an Ided, is evidently absurd.

CXXXVI. It will perhaps be said,
ihat we want a Sense '(as fomni have ima-
gined) proper to khoW Substances with-
al, which",184944,185281,0.796,Meaning Match,T73934,philosophy,"A treatise concerning the principles of human knowledge. Wherein the chief causes of error and difficulty in the sciences, with the grounds of scepticism, atheism, and irreligion, are inquired into. First printed in the year 1710. To which are added three dialogues between Hylas and Philonous, in opposition to scepticks and atheists. First printed in the year 1713. Both written by George Berkeley, M. A. Fellow of Trinity-College, Dublin.",25255-a treatise concerning principles of human knowlege part i,1734,English,London,"berkeley, george, 1685-1753"
125,33,"l such complex *Ideas,* which however compounded, contain not in them the supposition of subsisting by themselves, but are considered as Dependences on, or Affections of Substances; su",546300300,"fledioin,
iffuch must be called Ideas, must be Complex,
they cannot even in Name be admitted among
our Simple Ideas. Our Simple Ideas are of things
External, or the Simple Objles of our Senses con-
tinually offering themselves to the Mind, and
they are there received and treasured up as soon
as in any degree we are capable of apprehending,
and dicerning one thing from another, even

bet

before we can",212491,212895,0.796,Meaning Match,T97183,religion,"The christian faith asserted against Deists, Arians, and Socinians in eight sermons Preach'd at the Lady Moyer's Lecture in the Cathedral Church of St Paul 1728, 1729. And since greatly enlarged: To which is prefixed a very large preface concerning the light and the law of nature, and the Expediency and Necessity Of Revelation. By Henry Felton, D. D. Principal of Edmund Hall, Rector of Whitwell in Derbyshire, and Chaplain to his Grace the Duke of Rutland.",44271-christian faith asserted against deists arians and socinians in eight sermons preachd at lady moyers lecture in cathedral church of st paul 1728 1729,1732,English,Oxford,"felton, henry, 1679-1740"
126,33,"l such complex *Ideas,* which however compounded, contain not in them the supposition of subsisting by themselves, but are considered as Dependences on, or Affections of Substances; su",508801200,"linple ideas together;
but when several of these ideas of a different kind are
joined together, which are wont to be confidered as dil-
tint single beings, this is called a compound or colleSive
idea.-

§ 4, page I45, The word mode is generally used
for any property, quality, afe&tion of a fubtance, by
which it is either distinguished from other substances
or from itself..:

A mode is that",63559,63951,0.796,Meaning Match,T98207,philosophy,"Notes and annotations on Locke on the human understanding, written by order of the Queen; corresponding in section and page with the edition of 1793. By Thomas Morell, D. D. Rector of Buckland, & F. S S. R. & A.",105709-notes and annotations on locke on human understanding,1794,English,London,"Morell, Thomas, 1703-1784"
127,33,"l such complex *Ideas,* which however compounded, contain not in them the supposition of subsisting by themselves, but are considered as Dependences on, or Affections of Substances; su",1163400200,"of Ideas, delivered by Plato in
a Dialogue, which he entitl'd Parmenides, or of Ide-
as; the Sum whereof is this:

All is One, and Many; One the frchetype, Idea;
Mlany the Singulars.

There are Ideas, that is, certain common Na-
tures, which include all Singulars, and are the Cau-
les of them, from which they have both their Es-",2417205,2417535,0.796,Meaning Match,T27020,history,"The history of philosophy: containing the lives, opinions, actions and discourses of the philosophers of every sect. By Thomas Stanley, Esquire. In which the innumerable Mistakes, both in the Text and Notes of all former Editions are corrected, the Citations and References exactly adjusted and compared throughout with the Originals, and with the Latin Translation printed at Leipsick. To which is prefixed, an Account of the Life and Writings of the Author.",4216-history of philosophy,1743,English,London,"Stanley, Thomas, 1625-1678"
128,33,"l such complex *Ideas,* which however compounded, contain not in them the supposition of subsisting by themselves, but are considered as Dependences on, or Affections of Substances; su",247401500,"that express them. As ideas uncombined by analogy would be unfit for
reasoning, so words, if regulated by no common relations and similitudes, would be
incapable of conveying ideas. The necessity therefore of conveying knowledge with
p:eci:ion and dispatch obliges the mind to such combinations in words as are nearly
arfw-erable to those combinations of ideas they stand for. Thus every language",25969,26365,0.796,Meaning Match,T72865,ephemera-practical,"A general idea of a pronouncing dictionary of the English language, on a plan entirely new. With observations on several words that are variously pronounced, as a specimen of the work. Dedicated to David Garrick, Esq. By J. Walker.",98226-a general idea of pronouncing dictionary of english language on plan entirely new with observations on several words that are variously pronounced as specimen of work dedicated to david garrick by j walker,1774,English,London,"walker, john, 1732-1807"
129,33,"l such complex *Ideas,* which however compounded, contain not in them the supposition of subsisting by themselves, but are considered as Dependences on, or Affections of Substances; su",603401100,"ical. All Ideas of things were formed
from the relations which objects and ations
have one to another; and they were assimilated
or distinguished only by comparison. Accord-
ing. to the process of knowledge and experi-
ence these relations become more and more
remote; till at length a particular class of words
and ideas may be found to preserve a rict
connexion between the individuals, which
compose the class, and yet seemingly have loft
all connexion with another",118331,118799,0.795,Meaning Match,T90103,education,An essay on the study of antiquities.,18588-an essay on study of antiquities,1782,English,Oxford,"burgess, thomas, 1756-1837"
130,33,"l such complex *Ideas,* which however compounded, contain not in them the supposition of subsisting by themselves, but are considered as Dependences on, or Affections of Substances; su",215900101,"a complex

idea. p. 85
From the very definition, it is plain, that almost all our
ideas have something in them of the aflociated kind,

p. 86
This is the necessary effed of a world, governed by gene-
ral laws, upon minds which have theaffociating quality,
or are capable of forming habits. p. 86, 87
Accordingly, when we come to philosophize, natural phi.

lofophy consists, in",979327,979704,0.795,Meaning Match,N20795,philosophy,"The principles of moral philosophy. An enquiry into the wise and good government of the moral world. In Which The Continuance of Good Administration, and of Due Care about Virtue, for ever, is inferred from present Order in all Things, in that Part chiefly where Virtue is concerned. By George Turnbull, L.L.D.",40371-principles of moral philosophy enquiry into wise and good government of moral world,1740,English,London,"turnbull, george, 1698-1748"
131,33,"l such complex *Ideas,* which however compounded, contain not in them the supposition of subsisting by themselves, but are considered as Dependences on, or Affections of Substances; su",36200100,"and Proportions; by this Means, I fay, the
Mind forms them into general Propositions,
raises Theorems, draws Consequences and
Conclusions of Reason from them, and dif-
poses these abftra&, comparative Perceptions,
into complete Systems of Arts and Sciences.
This is what we call Reasoning, and the ab-
flraft Ideas of Reflexion or general Truths,
which differ as much from the",129235,129611,0.795,Meaning Match,T99580,religion,"Physico-Theology: or, a philosophico-moral disquisition concerning human nature, free agency, moral government, and divine providence. By T. Morgan, M.D.",158718-physico-theology or philosophico-moral disquisition concerning human nature free agency moral government and divine providence by t morgan md,1741,English,London,"morgan, thomas, -1743"
132,33,"l such complex *Ideas,* which however compounded, contain not in them the supposition of subsisting by themselves, but are considered as Dependences on, or Affections of Substances; su",1004400104,"-
tions, which they are pleased to call Complex Ideas, all which -are re-
solvable into Propos.itions; and thro there, to others of the fame kind,
and so on ad i;znztum ; for of Modern Metaphysical Notions there is
no End. But wherever they stop, they leave the Mind as in a Miff,
perplexed and doubtful: for known or certain Conclusions never can
be drawn",177437,177793,0.795,Meaning Match,T132440,philosophy,Dialogues of Plato: ...,25753-dialogues of plato,1767,English,London,plato
133,33,"l such complex *Ideas,* which however compounded, contain not in them the supposition of subsisting by themselves, but are considered as Dependences on, or Affections of Substances; su",297903600,"than simple Ideas can be defined; as being
themselves the Foundation of all Knowledge
and Dcmonitration.

C XX. But

XX. B t when the Mind is employed in
a more complicated Operation, that is, in
comnparing together those Relations, or this
Knowledge which we have acquired of the
Agreement, or Disagreement of our Ideas;
or, which is the lame thing, when the Mind,
by comparing the Propositions,",61064,61460,0.795,Meaning Match,T152757,religion,"An essay on spirit, wherein the doctrine of the Trinity is considered in the light of nature and reason; as well as in the light in which it was held by the ancient Hebrews: Compared also with the Doctrine of the Old and New Testament. With An Inquiry into the Sentiments of the Primitive Fathers of the Church: and The Doctrine of the Trinity as maintained by the Egyptians, Pythagoreans, and Platonists. Together with some remarks on the Athanasian and Nicene creeds. From the Dublin copy, with additions and corrections by the author.",4921-an essay on spirit wherein doctrine of trinity is considered in light of nature and reason as well as in light in which it was held,1751,English,London,"clayton, robert, 1695-1758"
134,33,"l such complex *Ideas,* which however compounded, contain not in them the supposition of subsisting by themselves, but are considered as Dependences on, or Affections of Substances; su",111501300,"being alone is simple properly speaking, the
others are complex. These complex ideas have their proper founda-
tion and extent. The foundation of a complex idea is the conjunc-
tion of the ideas comprehended under it; as the collecion of the fe-
veral ideas of rational, animal, fublfance, &c. is the foundation of the
idea of man. The extent of an idea is its relation to individuals; thus
the extent of the idea of man is the",830756,831183,0.795,Meaning Match,P2988,literature_and_arts,"Miscellaneous correspondence: containing essays, dissertations, &c. on various subjects, ...",X-miscellaneous correspondence,1742,English,London,
135,33,"l such complex *Ideas,* which however compounded, contain not in them the supposition of subsisting by themselves, but are considered as Dependences on, or Affections of Substances; su",230900800,"and ideas; they
acknowledge certain laws of attraction, or rules
of precedence, according to which ideas and im-
pressions range themselves in various forms, and
succeed one another: but that they fliould be-
long to a mind, as its proper goods and chattels,
this they have found to be a vulgar error. These
ideas are as free and independent as the birds of
the air, or as Epicurus's atoms when they pursued
their journey",71495,71916,0.795,Meaning Match,T121366,philosophy,"An inquiry into the human mind, on the principles of common sense. By Thomas Reid, D. D. Professor of Moral Philosophy in the University of Glasgow.",7106-an inquiry into human mind on principles of common sense,1765,English,Edinburgh,"reid, thomas, 1710-1796"
136,33,"l such complex *Ideas,* which however compounded, contain not in them the supposition of subsisting by themselves, but are considered as Dependences on, or Affections of Substances; su",589900900,"lui-même.
:,tgS 'ESPRIT confidéré en lui-
. L | même eft un affemblage
:î*:.+, d'idées c car c'ef par feS
effets qu'on apperçoit, & non par
fa nature qu'on ignore, qu'il faut
le définir. L'Efprit ne produit pas
lui-même fes idées, il les reçoit

par l'",17597,17849,0.794,No Match,T89077,unknown,Examen des critiques du livre intitulé De l'esprit.,42590-examen des critiques du livre intitule de lesprit,1760,French,Paris,"leroy, charles georges, 1723-1789"
137,33,"l such complex *Ideas,* which however compounded, contain not in them the supposition of subsisting by themselves, but are considered as Dependences on, or Affections of Substances; su",421601400,"-
ceiv'd notions, seems to consist in three ingredients,
action, pleasure, and indolence; and tho' these in-
gredients ought to be mixt in different proportions,
according to the particular dispositions of the per-
son, yet no one ingredient can be entirely want-
ing, without destroying, in some measure, the re-
lifh of the whole composition. Indolence or re-
pose, indeed, seems not, of itself",34532,34928,0.794,Topical,T4007,philosophy,Political discourses. By David Hume Esq.,24551-political discourses by david hume,1752,English,Edinburgh,"hume, david, 1711-1776"
138,33,"l such complex *Ideas,* which however compounded, contain not in them the supposition of subsisting by themselves, but are considered as Dependences on, or Affections of Substances; su",1269100400,"are understood by two
or more Notions, by an Affirmation or Negation
join'd together, as a::.m ruz..

A

-? (3)

A Complexion of Notions is nothing elle but
an Affirmation or Negation in the Underf-anding
or Speech. And by this means are Themes Sim-
ple to be difcer'd from Complex, and not by,
rhe Multitude or Conpolition of Words: For a
>",13601,13942,0.794,Topical,N48419,philosophy,"An introduction to the art of logick. Composed for the benefit of young scholars and others, who have not the opportunity of being instructed in the Latin tongue. With A short Exposition of the Precepts, by which any one of indifferent Capacity may, with a little Pains, attain to the Knowledge and Use of that Noble and Necessary Science. Published for a publick advantage. By a person of quality, student at Cambridge.",2463-institutionum logicarum libri duo,1701,English,London,"Burgersdĳck, Franco (1590-1635)."
139,33,"l such complex *Ideas,* which however compounded, contain not in them the supposition of subsisting by themselves, but are considered as Dependences on, or Affections of Substances; su",452200600,"Phrases, without any coherent, or
determinate Ideas? Besides that even theori-
ginalBody and Blood do not operate efficient-
ly, as the Elements are supposed to do, but
meritoriouJly c, and that by means of the Di-
vinity which personally resided and resides in
them: Therefore, unless the Elements have
the fame divinity personally united with themffi
they can be no such consummate Proxy as hath",116853,117250,0.793,Topical,T117448,religion,"The sacramental part of the Eucharist explain'd, in a charge delivered in part to the clergy of Middlesex, at the Easter-Visitation 1739. By Daniel Waterland, D.D. Archdeacon of Middlesex, and Chaplain in ordinary to His Majesty.",107674-sacramental part of eucharist explaind in charge delivered in part to clergy of middlesex at easter-visitation 1739,1739,English,London,
140,33,"l such complex *Ideas,* which however compounded, contain not in them the supposition of subsisting by themselves, but are considered as Dependences on, or Affections of Substances; su",350601300,", and formed of visionary ideas, 6r rather
of terms, without ideas, cemented together by
the mystic powers of incomprehensible immate-
rialities: yet such are the principles till employ-
ed, and such will be the fate of the theories form-
ed with them; for when a modern chemist talks
of air being formed of oxygen and calorics what
is that but making use of terms without ideas ?
for what idea can h",11696,12096,0.793,Topical,N5942,science,"The anti-Phlogistic doctrine of M. Lavoisier critically examined, and demonstratively confuted. In which its absurdities are exposed, and Clearly Proved to Arise from a Deficiency in its Principles; and That Defect is Supplied, and an Explanation Given, Upon Such Principles as Nature Evidently Employs and Reason Proves to be Indispensably Necessary. To which is added an appendix, consisting of strictures on Dr. Priestley's experiments on the generation of air from water; and of criticisms on the remarks made by the reviewers on the author's former writings. By E. Peart, M.D. &c.",125182-anti-phlogistic doctrine of m lavoisier critically examined and demonstratively confuted in which its absurdities are exposed and clearly proved to arise from deficiency in its principles and that defect is supplied and explanation given upon such principles as nature evidently employs and reason proves to be indispensably necessary,1795,English,London,"peart, e, 1756?-1824., (edward)"
141,33,"l such complex *Ideas,* which however compounded, contain not in them the supposition of subsisting by themselves, but are considered as Dependences on, or Affections of Substances; su",568300500,"not being de.

finable-a!, White, Red - words are capable of com-
mnunicating complex Ideas only, unless the simple
Ideas exifed already in the mind of the person with
whom we converse; but complex Ideas may be de-
fined, as Animal, Ratiioal, &c.
Definition: explains the meaning of words that stand for

complex Ideas. - Definition of the Names of things
is arbitrary and admit",80419,80797,0.792,Meaning Match,T128170,science,A volume of letters from Dr. Berkenhout to his son at the university.,96227-a volume of letters from,1790,English,Cambridge,"berkenhout, john, 1730?-1791"
142,33,"l such complex *Ideas,* which however compounded, contain not in them the supposition of subsisting by themselves, but are considered as Dependences on, or Affections of Substances; su",234800101,"only of things confider'd in their Ideas, and
in another, of the fame things confider'd in their actual
Exifrence. Sometimes we ihall speak of 'em separate-
ly, sometimes not; but always without confounding
them :. for the Ideas and the formal Existence of
things have an infinity of Equalities and common Pro-
perties; and besides; the Ideas are polfible Exiftencies,
and the",256916,257292,0.792,Topical,T103662,religion,"The divine oeconomy: or, an universal system of the works and purposes of God towards men, demonstrated. Written originally in French by Peter Poiret. In six volumes.",142139-óeconomie divine,1713,English,London,"poiret, pierre, 1646-1719"
143,33,"l such complex *Ideas,* which however compounded, contain not in them the supposition of subsisting by themselves, but are considered as Dependences on, or Affections of Substances; su",1679900101,"ly is a very singular Phrase !

gmial

ginal simple Ideas, in the receiving of which it ip
passive, forms them into general .Propositions,
raises Theorems, draws Consequences, and disposes
these abftrat .comparative Perceptions into Sy-
stems of.Arts and Sciences. This is what we
call Reasoning, and differs as much from Senfati-
on, as a",397494,397833,0.792,Topical,P2222,literature_and_arts,"The History of the works of the learned. Giving a general view of the state of learning throughout Europe, and containing an impartial account and accurate abstracts of the most valuable books publish'd in Great Britain and foreign parts. Interspers'd with dissertations on several curious and entertaining subjects, critical reflections, and memoirs of the most eminent writers in all branches of polite literature",X-the history of the works of the learned,1737,English,London [England],
144,33,"l such complex *Ideas,* which however compounded, contain not in them the supposition of subsisting by themselves, but are considered as Dependences on, or Affections of Substances; su",724700202,"suggest Ideas, they
are not general abftrat Ideas: that they
have other Uses besides barely standing for
and exhibiting Ideas, such as raising pro-
per Emotions, producing certain Difpo.
fitions or Habits of Mind, and direting
our Actions in pursuit of that Happi-
ness, which is the ultimate End and De-
sign, the primary Spring and Motive, that
sets rational Agents at work",220799,221174,0.792,Meaning Match,T86055,religion,"Alciphron: or, the minute philosopher. In seven dialogues. Containing an apology for the Christian religion, against those who are called free-thinkers. ...",4186-alciphron or minute philosopher,1732,English,London,"berkeley, george, 1685-1753"
145,33,"l such complex *Ideas,* which however compounded, contain not in them the supposition of subsisting by themselves, but are considered as Dependences on, or Affections of Substances; su",208400300,"no
Ideas. If by Ideas, you mean. immediate
Objeds of the Understanding, or sensible
Things, which cannot exist unperceived, or
out of a Mind, then these Things are Itdeas.
But, whether you do, or-do not call..them
Ideas, it matters little. The Difference is' nd
ly about .; Name. And,,whether that Naie
be retained or r",186115,186434,0.792,Meaning Match,T77983,philosophy,"Three dialogues between Hylas and Philonous. The design of which is plainly to demonstrate the reality and perfection of humane knowlege, the incorporeal nature of the soul, and the immediate providence of a deity: in opposition to sceptics and atheists. Also, to open a method for rendering the sciences more easy, useful, and compendious. By George Berkeley, M. A. Fellow of Trinity-College, Dublin.",54116-three dialogues between hylas and philonous design of which is plainly to demonstrate reality and perfection of humane knowlege incorporeal nature of soul and immediate providence of deity in opposition to sceptics and atheists,1713,English,London,"berkeley, george, 1685-1753"
146,33,"l such complex *Ideas,* which however compounded, contain not in them the supposition of subsisting by themselves, but are considered as Dependences on, or Affections of Substances; su",1599000700,"combination of things ading together'---"" a (or any)
scheme which unites'many things in order,"" is only a vague some-
thing; and does not by any means con ey the idea -here meant by
A SYSTEM; which is not ANY complexure, nor A fcheme'; but a CER-
TAIN complexure, and THE scheme, orPr.AN, WIIEREBYTH a ELEMENTS
AND PROCESSES",70545,70869,0.792,No Match,T99906,science,"Experiments and observations concerning agriculture and the weather. By Mr. Marshall, author of the Minutes of agriculture",19470-minutes of agriculture with experiments and observations concerning agriculture and weather lately published separately but now comprised in one volume froming register of real occurrences in husbandry with observations and inferences as they passed upon farm of three hundred acres of various soils in county of surrey during five stars years practice,1779,English,London,"Marshall, Mr. (William), 1745-1818"
147,33,"l such complex *Ideas,* which however compounded, contain not in them the supposition of subsisting by themselves, but are considered as Dependences on, or Affections of Substances; su",137300602,", found is.
their eflence, and therefore they cannot be
communicated by gesture, representation,
or figures.

All

All these different combinations are mental
productions in reality: when published, they
convey to mankind particular sentiments,.
and afford information, or inftruc2ion- of
some kind or other; therefore, if there be
property in one, there ihould be property
in all; for there is, properly speaking, a
combination,",107048,107477,0.792,Topical,T93639,literature_and_arts,"The works of the late John Maclaurin, Esq. of Dreghorn: one of the senators of the College of Justice, and F. R. S. Edinr. In two volumes. ...",110272-works of john maclaurin of dreghorn one of senators of college of justice and f,1798,English,Edinburgh,"Maclaurin, John 1734-1796"
148,33,"l such complex *Ideas,* which however compounded, contain not in them the supposition of subsisting by themselves, but are considered as Dependences on, or Affections of Substances; su",1691200119,"are the lealt
indebted for ours. Ve cannot, therefore,
arcertain the elements which, as to them,
b*nter into the composition of a complex
idea, because we poffeds not in a similar
degree the predominant sensations of which
it is formed. Hence must result an entire
difference between the whole yfltem of
their knowledge and that of our's. For
example, ideas acquired by the linell have
fearcrly any influence",782254,782662,0.792,Meaning Match,P1934,literature_and_arts,"The European magazine, and London review; containing the literature, history, politics, arts, manners and amusements of the age. By the Philological Society of London",193315-european magazine and london review containing literature history politics arts manners and amusements of age,1782,English,London [England],"brewer, george"
149,33,"l such complex *Ideas,* which however compounded, contain not in them the supposition of subsisting by themselves, but are considered as Dependences on, or Affections of Substances; su",522201400,"rare, or dense; translated from one place to another with
this or that new diredion, or velocity; or the like: all which ideas are quite diffe-
rent from that of thinkig; there can be no relation between them'. These modifica-
tions and affecions of matter are so far from being principles or cauifs of thinking and
acing, that they are themselves but l/clEs, proceeding from the a&ion of",534282,534670,0.792,Topical,T71037,religion,The religion of nature delineated.,1475-religion of nature delineated,1724,English,London,"wollaston, william, 1660-1724"
150,33,"l such complex *Ideas,* which however compounded, contain not in them the supposition of subsisting by themselves, but are considered as Dependences on, or Affections of Substances; su",584500302,"perfettamente
Complerenefs, f. perfelion, perfezione
Compltion, f. accomrpl/ifment, compimento
Complex, a. ramafO , joint enfmnble, raccolto,
aggiunto

C 0 M
Complex ideas, idees complexes, ide compofte di
molte altre idee fimplici '
Complexly, ad. conjointemnent, unitamente
Complexion, f. teint, (couleur de la",290428,290740,0.792,Meaning Match,T131799,education,"The new Italian, English and French pocket-dictionary. ... . Containing the Italian before the English and the French. Carefully compiled from the dictionaries of La Crusca, Dr. S. Johnson, the French Academy, and from other dictionaries of the best authorities. Which the Parts of Speech are properly distinguished, and each Word accented according to its true and natural Pronunciation. To which is prefixed a new compendious Italian grammar. By F. Bottarelli, A.M.",9309-new italian english and french pocket dictionary,1777,Multiple languages,London,"bottarelli, ferdinando"
151,33,"l such complex *Ideas,* which however compounded, contain not in them the supposition of subsisting by themselves, but are considered as Dependences on, or Affections of Substances; su",1078101100,"ly
"" imaginations arising from strong affections, and
"" strong affections-arifing from lively imaginations.""
The former may be, and doubtless often is, in cafeof
truly gracious afflctions. The affeclions do not arite
from the imagination, nor have any dependence upon
it; but on the contrary, the imagination is only the ac-
cidential effect, or confcquent of the affE-cion, through
the infirmi",554217,554611,0.792,Meaning Match,T78847,religion,"A treatise concerning religious affections. In three parts. Part I. Concerning the nature of the affections, and their importance in religion. Part II. Shewing what are no Certain Signs that Religious Affections are Gracious or that they are not. Part III. Shewing what are distinguishing signs of truly gracious and holy affections. By Jonathan Edwards, A. M. And Pastor of the first Church in Northampton.",3306-a treatise concerning religious affections in three parts,1796,English,London,"edwards, jonathan, 1703-1758"
152,33,"l such complex *Ideas,* which however compounded, contain not in them the supposition of subsisting by themselves, but are considered as Dependences on, or Affections of Substances; su",243600300,"cing emotions of some kind or other, but the latter have no na-
tural power of exciting ideas. Confequeitly the combinations of
the latter Inmy be much more an arbitrary work than of the former.

Any

Any combination of letters, however uncouth, may fairly fland as
the mark of any idea, and in that capacity only fully answer its end.
But it is not so with refped to tones, &c. for were those which",300559,300958,0.792,Topical,T90536,philosophy,"A course of lectures on elocution: together with two dissertations on language; and some other tracts relative to those subjects. By Thomas Sheridan, A.M.",4656-a course of lectures on elocution together with two dissertations on language and some other tracts relative to those subjects,1762,English,London,"Sheridan, Thomas, 1719-1788"
153,33,"l such complex *Ideas,* which however compounded, contain not in them the supposition of subsisting by themselves, but are considered as Dependences on, or Affections of Substances; su",32201200,". aggregate of
all. the ideas.

O. How does abffrafion assec the exten--
sion ?

A. It encreafes it, for, since abftraRion le-
parates the ideas, and that extension cannot-
be encreafed, without removing the ideas, that
are peculiar to the individual, or fort, it rmuf
necelffrilyvencreafe it..

N. B; It",15308,15612,0.791,Topical,W20069,philosophy,"A concise system of logics, in question and answer, by William Best, A.B. Trinity-College, Dublin, now master of a classical academy in New-York. (Copy right secured according to law).",63221-a concise system of logics in question and answer by william best a,1796,English,New York,
154,33,"l such complex *Ideas,* which however compounded, contain not in them the supposition of subsisting by themselves, but are considered as Dependences on, or Affections of Substances; su",449300600,"This being the more General
and Absolute Idea, whereof the two other are
but Inflances and Specifications. For then is a
thing said to be Impossible when its Ideas cannot
ltand together or be united. Which may be
either because of the immediate Opposition and
Inconsistency of the Ideas themselves with them-
selves so as Mutually to Exclude each other (as
in a Contradiction) or because of their incon.
fitlency",130777,131189,0.791,Meaning Match,T76119,philosophy,"An account of reason and faith, in relation to the mysteries of Christianity. By John Norris, M. A. Late Rector of Bemerton, near Sarum.",15250-an account of reason and faith in relation to mysteries of christianity,1740,English,London,"Norris, John, 1657-1711"
155,33,"l such complex *Ideas,* which however compounded, contain not in them the supposition of subsisting by themselves, but are considered as Dependences on, or Affections of Substances; su",31900101,"complex idea,
generally denoted by one name, as a man, a
table, a dozens the other. by association,
when they appear in couples firongly ad-
hering to each other but not blended into
the fame mass, as darkness and apparitions;
the burst of a cannon or push of a drawn
sword and the dread of mischief accompa-
.nying them. For when we think of a man",326514,326862,0.791,Meaning Match,T109651,history,"The light of nature pursued. By Edward Search, Esq; ... . Human Nature.",24122-light of nature pursued by edward search,1768,English,London,"tucker, abraham, 1705-1774"
156,33,"l such complex *Ideas,* which however compounded, contain not in them the supposition of subsisting by themselves, but are considered as Dependences on, or Affections of Substances; su",1776900200,"cases it is difficult to decide, whether
the word be deduced from the general or peculiar signification; nor is it
necessary todo so for the confirmation of my hypothesis. .The ideas all
belong to the Element, from whatever source they may. be derived: They
all spring from the same common :stock, though we cannot determine
from what peculiar branch they receive their growth. Such terms how-
ever, as refer to that species of deception which belongs,",458215,458667,0.79,Meaning Match,T146916,education,"Etymologicon magnum, or universal etymological dictionary, on a new plan. With illustrations drawn from various languages: ... Part the first",150636-etymologicon magnum or universal etymological dictionary on new plan,1800,English,Cambridge,
157,33,"l such complex *Ideas,* which however compounded, contain not in them the supposition of subsisting by themselves, but are considered as Dependences on, or Affections of Substances; su",609901000,"ideas they stand for;
in reading and discourse they are for the most
part used as letters in algebra, wherein al-
though a particular quantity is marked by
each letter, it is not requisite that in every
ftep the letter flould suggest to our thoughts
the quantity it stands for. He-infers therc-
fore that we have no ideas but particular ones;
and that names do not always, at. the time
they are used, stand",44679,45085,0.79,Meaning Match,T66487,politics,"An account of the life of George Berkeley, D.D. late Bishop of Cloyne in Ireland. With notes, containing strictures upon his works.",44122-an account of life of george berkeley,1776,English,London,"stock, joseph, 1740-1813"
158,33,"l such complex *Ideas,* which however compounded, contain not in them the supposition of subsisting by themselves, but are considered as Dependences on, or Affections of Substances; su",195400702,"are beings more simple and less
organized than animals.

The

The word aninal, in its common acceptation,
represents a general idea, composed of particular
ideas which we derive from particular animals.
All general ideas include many different ideas,
which more or less approach or recede from one
another; and, of course, no general idea can
be precise or exaa. The general idea we have
formed of an animal, may be derived from the
particular idea of a",300217,300670,0.79,Meaning Match,T121678,history,"Natural history, general and particular, by the Count de Buffon, translated into English. Illustrated with above 260 copper-plates, and occasional notes and observations by the translator.",681-histoire naturelle,1780,English,Edinburgh,"buffon, georges louis leclerc, comte de, 1707-1788"
159,33,"l such complex *Ideas,* which however compounded, contain not in them the supposition of subsisting by themselves, but are considered as Dependences on, or Affections of Substances; su",259200600,"may be reduced
to two clafes, 1wich I {shall call Ideas, and lmo-
tions. By ideas, I mean, all thoughts which rife,
and pass in fucceirion, in ihe mind of man: by
emotions, all exertions of the mind, in arranging,
combinrin, and separating its ideas: as well as all
the effe.s prcduced on the mind itellf, by",126966,127274,0.79,Topical,T138776,education,"Lectures on the art of reading. In two parts. Containing Part I. The art of reading prose. Part II. The art of reading verse. By Thomas Sheridan, A.M.",2510-lectures on art of reading,1790,English,Dublin,"Sheridan, Thomas, 1719-1788"
160,33,"l such complex *Ideas,* which however compounded, contain not in them the supposition of subsisting by themselves, but are considered as Dependences on, or Affections of Substances; su",460300101,"ideas, are
understood to be synonymous terms; and
every notion of the mind that is abfiraicd
is understood to be general; and, vice ver-
fa, every general notion is conceived to be
abflraced. But this I hold to be a mistake:
for, in the first place, I think I have shewn,
that we not only may have a conception of a
particular quality of any substance, abJfrat-
[d from its other",108105,108484,0.79,Meaning Match,T42127,philosophy,Of the origin and progress of language. |...,X-T42127,1773,English,Edinburgh,"Monboddo, James Burnett, lord, 1714-1799"
161,33,"l such complex *Ideas,* which however compounded, contain not in them the supposition of subsisting by themselves, but are considered as Dependences on, or Affections of Substances; su",336800300,"es: Those Ideas are the
Modes of a Spiritual Substance; and there is no :likeness nor
resemblance between them, and the Modes of Material Sub-
fiances, which are only the occasions ofour having thofe.Id&as, I
and not in any wife the Matter out of which they are formed.
Here seems to be a fort of Beings brought out of noiithing;
but after all, this is vastly below",144781,145146,0.79,Topical,T131237,law,An exposition of the thirty-nine articles of the Church of England. Written by Gilbert Bishop of Sarum.,47-thirty-nine articles,1721,English,Dublin,church of england
162,33,"l such complex *Ideas,* which however compounded, contain not in them the supposition of subsisting by themselves, but are considered as Dependences on, or Affections of Substances; su",1068700800,"Idea whatsoever, are Duration, and
iNmber. The Ideas which accompany the most different
Sensations, are Extension, Figure, Motion, Reft. There all
arise without any previous Ideas afiembled. or compared

B 3. the

Set. I. like manner, Affetions, Tempers, Senti-

' - menets, or Atiions, reflected upon in our

selves, or observed in others, are the con-",22004,22357,0.789,Meaning Match,N5952,philosophy,An essay on the nature and conduct of the passions and affections. With illustrations on the moral sense. By the author of the Inquiry into the original of our ideas of beauty and virtue.,4733-an essay on nature and conduct of passions and affections with illustrations on moral sense,1730,English,London,"hutcheson, francis, 1694-1746"
163,33,"l such complex *Ideas,* which however compounded, contain not in them the supposition of subsisting by themselves, but are considered as Dependences on, or Affections of Substances; su",769400400,"ssessions arising from. accessory ideas, is to. enrich the lan-
guage with expressions, which, admit of no equivocations, and clear of
all accessory meaning.

There is no need. of extirpating erroneous etymologies, for reality is.
never to be inferred from. etymology.. In making use of a word or a.
phrase, sprung from a false opinions I do not therefore adopt that opi",176335,176705,0.789,Topical,T183799,philosophy,"A dissertation on the influence of opinions on language and of language on opinions, which gained the Prussian Royal Academy's Prize on that Subject. Containing Many Curious Particulars in Philology, Natural History, and the Scriptural Phraseology. Together with an enquiry into the advantages and practicability of an universal learned language. By Mr Michaelis, Court-Counsellor to His Britannic Majesty, and Director of the Royal Society at Gottingen.",35697-ueber den einfluss der sprachen auf die meinungen der menschen,1771,English,London,"michaelis, johann david, 1717-1791"
164,33,"l such complex *Ideas,* which however compounded, contain not in them the supposition of subsisting by themselves, but are considered as Dependences on, or Affections of Substances; su",325700101,", attain.ab,
-ftraat ideas of the more compounded. beings, which include severaL coex.
.i/tent qualities. For example, the mind having obfcEved that Peter,
..ames, and Yohn, refcmble each other, in certain, common agreements of
fihape and other qualities, leaves out of the complex or. compounded

idea

idea it has of Peter, James, and any",197967,198307,0.789,Meaning Match,T78322,philosophy,"The works of George Berkeley, D.D. late Bishop of Cloyne in Ireland. To which is added, an account of his life, and several of his letters to Thomas Prior, Esq. Dean Gervais, and Mr. Pope, &c. &c. in two volumes. ...",54118-works of george berkeley,1784,English,London,"berkeley, george, 1685-1753"
165,33,"l such complex *Ideas,* which however compounded, contain not in them the supposition of subsisting by themselves, but are considered as Dependences on, or Affections of Substances; su",343500200,"Association
of Ideas.-Of late, the phrase has been used
in a more extensive sense, to denote the ten-
dency which our thoughts have to succeed
each other in a regular train; whether the
connection between them be eflablifhed by
custom, or arise from some other associating
principle.

53. What the different circumfiances are,
which regulate the fucceflion of our thoughts,
it is not poflible, perhaps, to enumera",37079,37492,0.789,Topical,T130220,philosophy,Outlines of moral philosophy. For the use of students in the University of Edinburgh.,128924-outlines of moral philosophy for use of students in university of edinburgh,1793,English,Edinburgh,"stewart, dugald, 1753-1828"
166,33,"l such complex *Ideas,* which however compounded, contain not in them the supposition of subsisting by themselves, but are considered as Dependences on, or Affections of Substances; su",398300600,"& les adjectifs: pour qu'ils soient l'image &
le véhicule de nos pensées, il faut qu'ils soient joints à
d'autres mots.

Les idées se présentent d'abord à l'esprit d'une ma-
nière confuse & vague: ce sont de pures perceptions. Mais
nous ne tardons pas à les combiner, & à saisir des rap-
ports entr'elles. De cette combinaison & de",26589,26920,0.789,Topical,T117749,education,"L'art de parler et d'écrire correctement la langue françoise, ou nouvelle grammaire raisonnée de cette langue, à l'usage des étrangers qui désirent d'en Connoître à fond les principes et le génie. Par M. L'Abbé de Levizac.",23862-art de parler et dećrire correctement la langue françoise,1797,French,London,"levizac, jean-pons-victor lecoutz de, -1813"
167,33,"l such complex *Ideas,* which however compounded, contain not in them the supposition of subsisting by themselves, but are considered as Dependences on, or Affections of Substances; su",578300400,"or arising from the relations of
intelligent beings. These latter ideas are usually
called MIXED MODES.

i. The ideas formed by our intellectual powers are
the mere creatures of the mind, the offspring of the
imagination: the language concerning them is,
"" conceive so and so."" These ideas are, and tmft
be, the fame in all mankind: they are not only the
fame; they are equally clear and diftint in",8581,8979,0.788,Meaning Match,T125069,religion,"Four essays, on the ordinary and extraordinary operations of the Holy Spirit; on the application of experience to religion; and on enthusiasm and fanaticism. To which is prefixed a preliminary dissertation on the nature of clear ideas ... By Thomas Ludlam, ...",58559-four essays on ordinary and extraordinary operations of holy spirit on application of experience to religion and on enthusiasm and fanaticism,1797,English,London,"ludlam, thomas, 1727-1811"
168,33,"l such complex *Ideas,* which however compounded, contain not in them the supposition of subsisting by themselves, but are considered as Dependences on, or Affections of Substances; su",504100300,"moit confuted and ambiguous.
Every Man, because theyare fre-
quently used in Conversation, or
Writing, apprehends, he perse&-
ly underitands them; while few
annex to them the fame Ideas,
and others appear to have no
certain or diftint Idea of them
at all. Among several Words of
this Kind, which Use has made
current, without imprefling any
real Character upon them; f",378769,379137,0.788,Topical,T75311,philosophy,"A general treatise of morality, form'd upon the principles of natural reason only. With a preface in answer to two essays lately published in The fable of the bees. And some incidental Remarks upon an Inquiry concerning, Virtue, by the Right Honourable Anthony Earl of Shaftsbury. By Richard Fiddes, D. D. Chaplain to the Right Honourable the Earl of Oxford and Earl Mortimer.",22434-a general treatise of morality formd upon principles of natural reason only with preface in answer to two essays lately published in fable of bees,1724,English,London,"fiddes, richard, 1671-1725"
169,33,"l such complex *Ideas,* which however compounded, contain not in them the supposition of subsisting by themselves, but are considered as Dependences on, or Affections of Substances; su",759200100,"single.
COnsPLEX )ifiafei, ditempers that cannot be separated, as a plea;
rify and fever.
CoMPLEx Ideal, or COMPLEX Terms [with logicians] are ideas
tompounded or confifing of several simple or tingle ones, which are
called incomplex.
A COMPLEX Peron [with some modern divines] is a earpound of
ro intelligent agents, by a most abstruse and inexplica",3119830,3120180,0.788,Meaning Match,T87978,education,"A new universal etymological dictionary: ... Originally compiled by N. Bailey. Assisted in the mathematical part by G. Gordon; in the botanical by P. Miller; and in the etymological, &c. by T. Lediard, ... And now re-published with many corrections, additions, and literate improvements, by different hands. The etymology ... revised and corrected by Joseph Nicol Scott, M.D.",15501-a new universal etymological english dictionary containing not only explanations of words in english language,1772,English,London,"scott, joseph nicol, 1703-1769"
170,33,"l such complex *Ideas,* which however compounded, contain not in them the supposition of subsisting by themselves, but are considered as Dependences on, or Affections of Substances; su",53700200,"lnity to the Conceptions, excite in others the fame Conceptions. I have added
Affnity, because we find that the Parts or Adjunas of Things are apt to excite in us
the Ideas of the Things themselves. So that it may be a ltanding Rule in this Art,
that the Figures, which are related to the Things by Metonymies and Synecdoches,
are as apt to represent the Things, as those which are",22767,23148,0.788,Topical,T92070,religion,"A perpetual commentary on the Revelation of St. John. Wherein is contain'd, I. The original sacred text, and the English translation, laid down and compared together; and their true Literal and Mystical Sense opened and explained. II. The nature of the prophetick stile, and the Use of Symbolical and Mystick Terms is shewed and illustrated from numerous Instances drawn from Christian and Pagan Antiquities. III. The history of the church of Christ in the several great Periods of its Militant State here upon Earth, is set forth; the whole Series of the more extraordinary Events, and all its more distinguish'd Epocha's, marked out and explained. With a Preliminary Discourse, Concerning The Certainty of the Principles upon which the Revelation of St. John is to be understood. By Charles Daubuz, M. A. Late Vicar of Brotherton in Yorkshire.",X-a perpetual commentary on the revelation of st. john,1720,English,London,
171,33,"l such complex *Ideas,* which however compounded, contain not in them the supposition of subsisting by themselves, but are considered as Dependences on, or Affections of Substances; su",489100300,";Experiencethat simple Ideas have a much
easier Accbfs than compound; and. the more
lDidfiulty the less Pleasure; yet the more easy

-(...;: '-are

are not always the most agreeable; for as we
have no Pleasure in what falls confusedly on the
Senses, and wearies the Mind with the mani-
fold axd perplex'd Relations of its-Parts; nei",164935,165267,0.788,Meaning Match,T100676,literature_and_arts,"A treatise of musick, speculative, practical and historical. Containing an explication of the philosophical and rational grounds and principles thereof; The Nature and Office of the Scale of Musick; The whole Art of Writing Notes; And the General Rules of Composition. With A Particular Account of the Antient Musick, and a Comparison thereof with the Modern. By Alexander Malcolm, A. M.",9170-treatise of musick,1730,English,London,"malcolm, alexander, 1685-1763"
172,33,"l such complex *Ideas,* which however compounded, contain not in them the supposition of subsisting by themselves, but are considered as Dependences on, or Affections of Substances; su",881600202,"xrasol (pu'aOiv arorTEaiitvuv. But if we
should chufe to define the peculiar charaSter of IDEAS by
things more known to us than themselves, let us a]ume
fr*om NATURAL PRINCIPLES THE POWER OF ES-
SECTING, MERELY BY EXISTING, all the things that
they effecl andfrom ARTIFICIAL PRINCIPLES TIHE
POWER OF COMPRE",444817,445123,0.787,Meaning Match,T149757,unknown,Miscellanies by Iames Harris ...,14360-miscellanies by iames harris,1787,English,London,"harris, james, 1709-1780"
173,33,"l such complex *Ideas,* which however compounded, contain not in them the supposition of subsisting by themselves, but are considered as Dependences on, or Affections of Substances; su",32200201,"ant en
eux-mêmes repréfentatifs d'aucune idée réelle, n'ayant qu'une
signification locale, & n'exprimant enfin que le rapport des
objets entr'eux, rappelleraient cependant à leur efprit des
idées diftin&es au moment même, où ces mêmes mots fe-
roient unis aux objets dont ils délignent les rapports.

petitcife, grandeur. &c. Ces mots",209942,210276,0.787,Meaning Match,T101308,education,"De l'homme, de ses facultés intellectuelles et de son éducation. Ouvrage posthume de M. Helvetius. ...",2256-de lhomme de ses facultes intellectuelles et de son education ouvrage posthume de m,1773,French,The Hague,"helvetius, 1715-1771"
174,33,"l such complex *Ideas,* which however compounded, contain not in them the supposition of subsisting by themselves, but are considered as Dependences on, or Affections of Substances; su",1458800300,"s vary, and with idea's names.

Things may be diminished, enlarged, or colleaed;
both qualities and asaions may be colle'ively abthrac-
ted, and aaions necessarily suppose their agents.

Noun fubilantive admits therefore fix formative

cla{1es: diminutives, augmentatives, colledlives, abflras,
aiions, and agents; or, as the seven parts of",183297,183637,0.787,Topical,T78161,philosophy,"The principles of the English language, digested for the use of schools. By James Elphinston",114439-principles of english language digested for use of schools by james elphinston,1766,English,London,"elphinston, james, 1721-1809"
175,33,"l such complex *Ideas,* which however compounded, contain not in them the supposition of subsisting by themselves, but are considered as Dependences on, or Affections of Substances; su",900700102,"s,
inflections, and arrangements of those words, to all the varie-
ties and niceties of human thought. It is only the most com-
mon and familiar thoughts or notions that have particular
words in all common languages to denote them, and only the
familiar and fiequent combinations of thoughts that have ap-
propriated phrases to express them. New notions require new
words to denote them, as new combinations of thoughts, of
which the variety",1019390,1019831,0.787,Meaning Match,T145936,science,Transactions of the Royal Society of Edinburgh. Vol.II.,13074-transactions of royal society of edinburgh vol,1790,English,Edinburgh,
176,33,"l such complex *Ideas,* which however compounded, contain not in them the supposition of subsisting by themselves, but are considered as Dependences on, or Affections of Substances; su",224200401,"ings
or Words, endeavour to aJociate and conned
theln with fame Words or Things which you
have well known before, and which arefixed
and eflablilhed in your Memory. This Affocia-
tion of Ideas is of great Importance and
Force, and may be of excellent Use in many
Intances of human Life. One Idea which
is familiar to the Mind connected with others
which are new and strange, will bring those
new Ideas",357019,357420,0.787,Topical,T121455,education,"The improvement of the mind: or, a supplement to the art of logick: containing a variety of remarks and rules for the attainment and communication of useful knowledge, in religion, in the sciences, and in common life. By I. Watts, D.D.",608-improvement of mind,1753,English,London,"watts, isaac, 1674-1748"
177,33,"l such complex *Ideas,* which however compounded, contain not in them the supposition of subsisting by themselves, but are considered as Dependences on, or Affections of Substances; su",763301100,"; in the
fame manner as, if there were no letters, there
could be no words, or if there were no simple
and undefinable ideas, there could be no com.
plex ideas. - I might mention some infrances
of things, that are discernible no other way
than intuitively, which learned men have
firangely confounded and obscured, by treat.
ing them as fubjecs of reasoning and deduziioli,
One of the most important",223668,224067,0.787,Meaning Match,T12993,philosophy,"A review of the principal questions and difficulties in morals; particularly those relating to the original of our ideas of virtue, its nature, foundation, reference to the Deity, obligation, subject-matter, and sanctions. By Richard Price.",24408-a review of principal questions and difficulties in morals particularly those relating to original of our ideas of virtue its nature foundation reference to deity obligation subject-matter and sanctions,1758,English,London,"price, richard, 1723-1791"
178,33,"l such complex *Ideas,* which however compounded, contain not in them the supposition of subsisting by themselves, but are considered as Dependences on, or Affections of Substances; su",942400400,", nor
no Relations at all. And so when we talk
of the Difference of Substances, we mean
only that one Substance is made up of more
or different kinds of Nothings. If there he
no Ideatn, nothing without us to anlfwcvr the
Ideas or Notions in our Minds, then we may
put one Relation or one Property for an-
other; and we may affirm in all Propriety
of Speech, that two",3125,3491,0.786,Meaning Match,T88445,religion,A second defence of Dr. Clarke's demonstration of the being and attributes of God; in answer to the postscript published in the second edition of Mr. Law's translation of Dr. King's origin of evil. By the author of the first defence.,144928-a second defence of dr clarkes demonstration of being and attributes of god in answer to postscript published in second edition of mr,1733,English,London,"clarke, john, 1682-1757"
179,33,"l such complex *Ideas,* which however compounded, contain not in them the supposition of subsisting by themselves, but are considered as Dependences on, or Affections of Substances; su",1480100300,"n to the MLind, as pres~enting it with no Ideas :--
~Mathematical Figures, their Parts, and their~ Mutual Relations; Ideas
also, the General as well as the Specific, excepting those of the Highest
Genus; in thort, all Things known to the Mind thro her Faculty of
Reasoning :-l-aitly, the most General Ideas, essential to all Mind ;
Ideas, fundamental",108788,109138,0.786,Meaning Match,N67676,philosophy,"Meno, a dialogue concerning virtue",154112-meno,1769,English,London,plato
180,33,"l such complex *Ideas,* which however compounded, contain not in them the supposition of subsisting by themselves, but are considered as Dependences on, or Affections of Substances; su",25900700,"them all, * then
this simple Idea is most evidently complex; or
compounded; and thus the ContradifTibn arising
from an Idea compounded and not compounded at
the fame time is unhappily loft. - And if we
are to underfhand the uniting in one Idea all the
Powers and Quali/ies observed in the Particulars of
every Kind, t this would flill be as far from a
Jimpie Idea, as the other:",87458,87836,0.786,Meaning Match,T4944,philosophy,"A vindication of Mr. Locke, from the charge of giving encouragement to scepticism, and infidelity, and from several other mistakes and objections of the learned author of The procedure, extent and limits of human understanding. In six dialogues. Wherein is likewise Enquired, Whether Mr. Locke's True Opinion of the Soul's Immateriality was not mistaken by the late Learned Mons. Leibnitz. By Vin. Perronet, A. M. Vicar of Shoreham in Kent, and Chaplain to the Right Honourable Earl Stanhope.",39738-a vindication of mr locke from charge of giving encouragement to scepticism and infidelity and from several other mistakes and objections of learned author of procedure extent and limits of human understanding,1736,English,London,"perronet, vincent, 1693-1785"
181,33,"l such complex *Ideas,* which however compounded, contain not in them the supposition of subsisting by themselves, but are considered as Dependences on, or Affections of Substances; su",32000100,"general, all the Ideas we
"" have of particular difiinE Subfiances, are no-

thing but several Combinations of single Ideas,
co-existing in such, tho' unknown, Cause of
(L their Union, as makes the whole fubift of it

self. 'Tis by such Corrbinations of siple Ideas,
' and nothing else, that we represent particular
"" Subflances to our selves; such are",77549,77900,0.786,Meaning Match,T101291,philosophy,"A dissertation upon the tenth chapter of the fourth book of Mr. Locke's Essay, concerning humane understanding. Wherein that author's endeavours to establish Spinoza's atheistical hypothesis, more especially in that tenth chapter, are discover'd and confuted. To which is subjoyn'd; A Short Account of the Sense wherein the Titles of, and the Reasonings in the following Pernicious Books, are to be understood, viz. The Reasonableness of Christianity. Christianity not Mysterious. The Rights of the Christian Church, &c. As also, how that Sense and those Reasonings are bottom'd, upon the Hypothesis establish'd in the said Essay of Humane Understanding. By William Carroll.",61337-a dissertation upon tenth chapter of fourth book of mr lockes essay concerning humane understanding wherein that authors endeavours to establish spinozas atheistical hypothesis more especially in that tenth chapter are discoverd and confuted to which is subjoynd short account of sense wherein titles of and reasonings in following pernicious books are to be understood viz reasonableness of christianity christianity not mysterious rights of christian church as also how that sense and those reasonings are bottomd upon hypothesis establishd in said essay of humane understanding by william carroll,1706,English,London,"carroll, william"
182,33,"l such complex *Ideas,* which however compounded, contain not in them the supposition of subsisting by themselves, but are considered as Dependences on, or Affections of Substances; su",295500103,"things in such formidable ideas,:Ithat.T:find'my-.
self difpoft A to share in their affli&ions ; although
I know them to be groundless anid imaginary,
or, which is worse, purely affe&ed. -To` offer;
them comfort one by one, would'be not only: n-
endless, but a difobliging talk.. Some of them,;
1 am convinced, would be",4531,4850,0.786,Topical,T141030,ephemera-practical,"The works of Jonathan Swift, D.D: D.S.P.D. with notes historical and critical, by J. Hawkesworth, L.L.D. and others. Vol. I.",61-works,1778,English,Edinburgh,"Swift, Jonathan, 1667-1745."
183,33,"l such complex *Ideas,* which however compounded, contain not in them the supposition of subsisting by themselves, but are considered as Dependences on, or Affections of Substances; su",371401500,"c. font é-
videntes par elles-mêmes, quoiqu'on ne puiffe
les définir; maisles mots qui défignent des idées
complexes, c'eft à dire, un affemblage d'idées
évidentesconfidéré comme une feule chofe, font
les vrais objets de la définition; parce que les
différents termes qui répréfentent ces idées,
quand ils font réunis, montrent la liaifon,",152567,152906,0.786,Meaning Match,T125931,philosophy,"Les progrès de la raison, dans la recherche du vrai. Ouvrage posthume de Mr. Helvétius.",99129-les progrès de la raison dans la recherche du vrai,1775,French,The Hague,"helvetius, 1715-1771"
184,33,"l such complex *Ideas,* which however compounded, contain not in them the supposition of subsisting by themselves, but are considered as Dependences on, or Affections of Substances; su",1644400104,"Par exemple , on connoit
exadement quelles idées on a attachées
.de pius as mot or , qu'à celui de tom-
bac; mais on ne peut pas mefuirer la
-diffJr'ence de la codleur de ces mitaux,
parce que la perception en eft simple &
ind ivif ible.

Les iddes simples &r les idd=es com.

plexes conviennent en ce",185772,186073,0.786,Meaning Match,N47462,education,"Cours d'étude pour l'instruction du prince de Parme, Aujourd'hui S.A.R. l'infant D. Ferdinand, duc de Parme, Plaisance, Guastalle, &c. &c. &c. par M. l'abbé de Condillac, de l'académie francoise & de celled de Berlin, de l'arme & de Lyon; ancien Précepteur de S.A.R. Tome premier. Grammaire",160151-cours detude pour linstruction du prince de parme aujourdhui s,1776,French,A Londres,"condillac, etienne bonnot de, 1714-1780"
185,33,"l such complex *Ideas,* which however compounded, contain not in them the supposition of subsisting by themselves, but are considered as Dependences on, or Affections of Substances; su",814200300,"and vices (for inifance) and to all
the forts of objects, whereof the conceptions are usually called
abstract ideas. But the mind, for its own convenience, con-
fiders each of these objeCts, when denoted by a substantive
name, as having a principle of exigence- incommunicable to
any other object; as animals, vegetables, and other external
material objects are observed to have. Hence these ab",90255,90649,0.786,Topical,T114406,education,"An essay on grammar, as it may be applied to the English language. In Two Treatises. The one Speculative, being an Attempt to investigate proper Principles. The other Practical, containing Definitions and Rules deduced from the Principles, and illustrated by a Variety of Examples from the most approved Writers. By William Ward, A. M. Master of the Grammar-School at Beverley in the County of York.",56935-an essay on grammar as it may be applied to english language in two treatises one speculative being attempt to investigate proper principles,1765,English,London,"ward, william, 1708 or 1709-1772"
186,33,"l such complex *Ideas,* which however compounded, contain not in them the supposition of subsisting by themselves, but are considered as Dependences on, or Affections of Substances; su",680001301,"ideas
might arise, equally diversified, and yet mutually
related.

I do not fay, that, of any number offucceffive
ideas, there is always a mutual affinity between
those which are next to each other. Fancy often
is capricious, and presents combinations, that are
unaccountably extravagant. And we may, no
doubt, exchange any one thought for almost any
other; even as, by a sudden turn, we may",159107,159498,0.786,Meaning Match,T139207,philosophy,"Dissertations moral and critical. In two volumes. On memory and imagination. ... Illustrations on sublimity. By James Beattie, ...",148446-dissertations moral and critical in two volumes,1783,English,Dublin,"beattie, james, 1735-1803"
187,33,"l such complex *Ideas,* which however compounded, contain not in them the supposition of subsisting by themselves, but are considered as Dependences on, or Affections of Substances; su",365000300,"that a thing may be said
to be possible Abfolzutely and' Negatively, from
the habitude of the Jimple Idea's themselves,
as well as from relation to any Power which
may so denominate it. My meaning is, That
there are some Idea's whose habitude is such
to one another, that they may admit of
Composition: There are others, again, whore
habitude is such that they cannot admit of
Composition, but stand necessarily divided.",107646,108066,0.786,Meaning Match,T76115,philosophy,"Reason and religion: or, the grounds and measures of devotion, consider'd from the nature of God, and the nature of man, In several Contemplations. With Exercises of Devotion apply'd to every Contemplation. By John Norris, M.A.",24394-reason and religion or grounds and measures of devotion considerd from nature of god and nature of man,1724,English,London,"Norris, John, 1657-1711"
188,33,"l such complex *Ideas,* which however compounded, contain not in them the supposition of subsisting by themselves, but are considered as Dependences on, or Affections of Substances; su",1682500500,"of acquiring any ideas of invisible obje~ts, or of
very abffradt: or complex ideas*; owing, pro-
bably, to their want of the power of articula-
tion, or sp~eech. They can express their Jenfa-
tions, their joys and s~orrows, their hopes and
fe·ars, in the clearest manner; but they do not
jLrem to have any mode of expreml",107796,108117,0.786,Meaning Match,W28712,philosophy,"Observations on the increase of infidelity. By Joseph Priestley, L.L.D. F.R.S. &c. &c. To which are added, animadversions on the writings of several modern unbelievers, and especially the Ruins of Mr. Volney. [Three lines in French from Bonnet]",52769-observations on increase of infidelity by joseph priestley l,1797,English,Philadelphia,"priestley, joseph, 1733-1804"
189,33,"l such complex *Ideas,* which however compounded, contain not in them the supposition of subsisting by themselves, but are considered as Dependences on, or Affections of Substances; su",714000300,", un-
der their common Acceptation, are affix'd,
not to the real internal Conititution, or mor-
bifick State itself, but to the Complication of
Symptoms, or outward sensible Appearances;
which Complication of Symptoms, join'd to-

a 3 gether

gether under a common Name, conifitutes
the complex Idea, or nominal Essence of this
or the other particular Sort or Species of
Diseases.",27290,27670,0.786,Meaning Match,T98970,science,"Philosophical principles of medicine, in three parts. Containing, I. A demonstration of the general laws of gravity, with their Effects upon Animal Bodys. II. The more particular Laws which obtain in the Motion and Secretion of the vital Fluids, applied to the principal Diseases and Irregularitys of the Animal Machine. III. The primary and chief Intentions of Medicine in the Cure of Diseases, problematically propos'd and mechanically resolv'd. By Tho. Morgan, M.D.",56630-philosophical principles of medicine in three parts containing i demonstration of general laws of gravity with their effects upon animal bodys ii more particular laws which obtain in motion and secretion of vital fluids applied to principal diseases and irregularitys of animal machine iii primary and chief intentions of medicine in cure of diseases problematically proposd and mechanically resolvd by tho morgan md,1730,English,London,"morgan, thomas, -1743"
190,33,"l such complex *Ideas,* which however compounded, contain not in them the supposition of subsisting by themselves, but are considered as Dependences on, or Affections of Substances; su",51000300,"In like manner, betides those ideas an-
nexed to such words as God, religion, fu-
tllre life, &c. which can be communicated
to others by their definitions, there are
what are sometimes calledfecondary ideas,

or

orfeelings, which are aggregate sensations,
consisting of numberless other sensations
and ideas, which have been associated
with them, and which it is absolutely im-
possible for one person to c",109664,110071,0.786,Meaning Match,T39426,education,"Miscellaneous observations relating to education. More especially as it respects the conduct of the mind. The second edition. By Joseph Priestley, LL. D. F.R.S.",10319-miscellaneous observations relating to education more especially as it respects conduct of mind,1788,English,Birmingham,"priestley, joseph, 1733-1804"
191,33,"l such complex *Ideas,* which however compounded, contain not in them the supposition of subsisting by themselves, but are considered as Dependences on, or Affections of Substances; su",801700500,"their manner, these axioms be
preceded by definitions explaining the sense in which all the im-
·portant words which represent complex ideas are used. When,
in this manner, it is determined in what sense words are to be
used, and what are-the allowed uncontroverted principles we are
to go upon, they may be applied with great ease and certainty in
;the remainder of the discourse; and the demonstration in which
'the",83116,83533,0.785,Meaning Match,T34278,education,"A course of lectures on oratory and criticism. By Joseph Priestley, LL. D. F. R. S.",52753-a course of lectures on oratory and criticism by joseph priestley ll,1777,English,London,"priestley, joseph, 1733-1804"
192,33,"l such complex *Ideas,* which however compounded, contain not in them the supposition of subsisting by themselves, but are considered as Dependences on, or Affections of Substances; su",38200502,"tion upon this subied, namely : that words fland-
of words, to which we have never annexed any ing for complex ideas are all dfnable, but those by
ideas, and that of course can raise no perceptions which we denotefimple ideas are net. For the per-
in our minds. Now, to unveil this mystery, and ceptions of this latter clals, having no other
give ome little infight into the",868103,868477,0.785,Meaning Match,T61270,education,"A new universal history of arts and sciences, shewing their origin, progress, theory, use and practice, and exhibiting The Invention, Structure, Improvement, and Uses, Of the most considerable Instruments, Engines, and Machines, with Their Nature, Power, and Operation, decyphered in fifty two copper-plates. In two volumes.",X-a new universal history of arts and sciences,1759,English,London,
193,33,"l such complex *Ideas,* which however compounded, contain not in them the supposition of subsisting by themselves, but are considered as Dependences on, or Affections of Substances; su",578300500,"uch beings with regard
to the happincfs of eachl other. If there ideas are ap-
plied to acioiss, it is only so far as actions are a tel of
intentions; and thfe ideas arise as naturally, and as
rsecejrily from the consideration of these relations, as
the ideas of proportion between quantities, arise from
confidering the relations between corresponding mag-
nitudes; or as the ideas of equality",172436,172830,0.785,Topical,T124798,religion,"Six essays upon theological, to which are added two upon moral, subjects. I. Upon The Scripture Signification Of The Word Truth. II. Upon The Nature Of Revelation. III. Upon The Curse Mentioned Gal. III. 13. IV. Upon The Divine Nature. V. Upon The Mode Of Reasoning Adopted In DR. Knox's Christian Philosophy. VI. Upon The Effects Of The Fall. Vii. Upon The Difference Between The Powers And Dispositions Of The Human Mind. Viii. Upon The Nature And Grounds Of Moral Obligation. In this last Essay DR. Paley's Notions, Advanced Upon That Subject In His Moral Lectures, IS Fully Considered. By Thomas Ludlam, A. M. Rector Of Foston, Leicestershire.",58561-six essays upon theological to which are added two upon moral subjects i,1798,English,London,"ludlam, thomas, 1727-1811"
194,33,"l such complex *Ideas,* which however compounded, contain not in them the supposition of subsisting by themselves, but are considered as Dependences on, or Affections of Substances; su",488301000,"(hall be neceffary-to have recourfe-to-terms too complex in .their signification to exhi.
ING NOTE. bit the requisite ideas, without. the affifance of a greater or less quantity of matter of an-.

expository nature. Such terms) like the symbols used in algebraical notation, are' rather
substitutes and indexes to the terms capable of themselves of exhibiting ihe ideas.",814665,815035,0.785,Topical,T101752,philosophy,"An introduction to the principles of morals and legislation. Printed in the year 1780, and now first published. By Jeremy Bentham, of Lincoln's Inn, Esquire.",111255-an introduction to principles of morals and legislation printed in year 1780 and now first published by jeremy bentham of lincolns innuire,1789,English,London,"bentham, jeremy, 1748-1832"
195,33,"l such complex *Ideas,* which however compounded, contain not in them the supposition of subsisting by themselves, but are considered as Dependences on, or Affections of Substances; su",1134400601,"y they are Modifications. For besides that
a Modification of Substance cannot be a Repre-
fentative of a Substance, there being no manner
of Likeness between a Subitance and a Mode;
if an Idea be a Modification only it cannot subsist
by it self, but must be the Modification of lome
Substance or other, whereof also there may be
an Idea; which Idea being (as is supposed) only

a

a Mode, must have another",299431,299837,0.784,Paraphrase,T76765,religion,"Practical discourses upon the beatitudes of our Lord and Saviour Jesus Christ. ... . With three other volumes of Practical discourses upon several divine subjects. By John Norris, M. A. Rector of Bemerton near Sarum.",969-practical discourses,1728,English,London,"Norris, John, 1657-1711"
196,33,"l such complex *Ideas,* which however compounded, contain not in them the supposition of subsisting by themselves, but are considered as Dependences on, or Affections of Substances; su",1059101200,"by Dependence; thirdly by Re-
pugnance and Opposition or Suspension.

The CONSISTENCE of Notions with each other is
expressed by conjoining Particles; as,

i. Copulatives; as, and, aso, both, Jo as.
2. Concessives; as, altho' or although, albeit, at lea/l.
The DEPENDENCE of one Notion on another is ex-
prcffed",177963,178274,0.784,No Match,T62897,education,"The royal golden instructor for youth throughout the British-Dominions, in order to furnish them with a compleat knowledge of their mother-language: being a copious abridgment of the Royal universal British grammar and vocabulary; From which is drawn every Essential. The regular Words of each Part of Speech are separated from the Irregular. The Accidents (by which a Parallel is formed correspondent to the Latin, French, and other Tongues) are placed to an admirable Advantage. In this Work the Etymology of the English Language is amply illustrated: True Orthography or Spelling naturally follows, and the proper Accents accurately marked, &c. Lessons Are formed after all the Parts of Speech for parsing and challenging the foregoing Instructions. The Whole erects a Standard for the most easy and perfect Attainment and Understanding of the English-Language, with its grammatical Circumstances; and both Teacher and Learner will discover inexpressible Pleasure and Utility. Practice in Art removes Difficulty. By D. Farroe, M. D.",134600-royal golden instructor for youth throughout british-dominions in order to furnish them with compleat knowledge of their mother-language being copious abridgment of royal universal british grammar and vocabulary from which is drawn every essential,1775,English,Bristol,
197,33,"l such complex *Ideas,* which however compounded, contain not in them the supposition of subsisting by themselves, but are considered as Dependences on, or Affections of Substances; su",52600101,"ries after them. An intermedi.
ate Idea then which can make out an Agreement between
other Ideas, must be equivalent to, and yet diftintf fromn
those we compare by it. Where Ideas agree, it will not
be hard to find such an Equivalent, and if, after diligent
Search, we cannot meet with any, 'tis a pretty sure Sign
that they do not agree. It is not indeed necefliry that
our middle Idea be equivalent in ll",622546,622952,0.784,Meaning Match,T73546,education,The ladies library. |... Written by a lady. Published by Sir Richard Steele.,X-the ladies library,1722,English,London,
198,33,"l such complex *Ideas,* which however compounded, contain not in them the supposition of subsisting by themselves, but are considered as Dependences on, or Affections of Substances; su",433000102,"by them has not more than one appellation;
nor by paraphrase, because simple ideas cannot be
described. When the nature of things is unknown,
or the notion unsettled and indefinite, and various
in various minds, the words by which such notions
are conveyed, or such things denoted, will be am-

biguous

biguous and perplexed. And such is the fate of
haples lexicography, that not",83276,83656,0.784,Topical,T83955,literature_and_arts,"The works of Samuel Johnson, LL.D. A new edition, In twelve volumes. With an essay on his life and genius, by Arthur Murphy, Esq. Volume the First.",3329-works of samuel johnson ll,1792,English,London,"johnson, samuel, 1709-1784"
199,33,"l such complex *Ideas,* which however compounded, contain not in them the supposition of subsisting by themselves, but are considered as Dependences on, or Affections of Substances; su",656700200,"al-
though words are the symbols of particularideas only
secondarily, accidentally and mediately; yet are they the
symbols of general ideas primarily, eflfntially and imme-
diately. He then that knows molt words, will confe-
quently have molt ide:.: as on the contrary, he that is
confined to the knowledge of a few words, will produce
but few ideas. And this is fill more evident, when we
reflet",2820,3216,0.784,Topical,T129202,education,"Linguæ Britannicæ vera pronunciatio: or, a new English dictionary. Containing I. An explanation of all English words used by the best writers; the various Senses of each Word being distinctly pointed out by Figures 1, 2, 3, &c. II. The Language from which each Word is derived. III. The part of Speech to which it belongs. IV. A supplement of upwards of 4000 proper names. In Which Every Word has not only the common Accent to denote the Emphasis of the Voice, but, in order to a just Pronunciation, every Syllable is marked with a long or short Accent to determine its Quantity; and the quiescent Letters, various sounds of Vowess, &c. are so distinguished, that any Person, Native or Foreigner, who can but read, may speedily acquire an accurate Pronunciation of the English Language. To the whole is prefixed a dissertation on the species of sounds, &c. with practical Observations on the various Powers and Formations of the Letters. A work intirely new, and designed for the Use of Schools, and of Foreigners, as well as Natives who would speak, read, and write English with Propriety and Accuracy. By James Buchanan.",39455-linguae britannicae vera pronunciatio or new english dictionary,1757,English,London,"buchanan, james, active 1753-1773"