,quoteIndex,quoteText,hitDocId,hitText,hitStart,hitEnd,simScore,hitResult,estc_id,main_category,full_title,work_id,publication_year,language,publication_place,primary_author
0,464,"ing their Causes, or any otherwise. The *Atomists,* who define Motion to be *a passage from one place to another,* What do they more than put one synonymous Word for another? For what is *Passage* other than *Motion",126101600,"species of motion ihould be mentioned:
I answer this is absurd, since all motion is
no more than a passage from one place to
another, which can never produce thought;
for this motion, communicated to organized
matter does no more than displace and re-
place the molecules; which are moved. Now
let us conceive one of these small particles
to go from A to B, and from B to A. and
fee whether this has any thing in common
with the",12724,13152,0.836,Paraphrase,N6029,philosophy,"Man more than a machine. Wherein, I. The immateriality of the soul is demonstrated by invincible Arguments, which set this important Truth in a clear, new, and different Light. II. The objections against an immaterial principle, from the several Appearances, and from the Observations of Physicians, are examined, and evidently shewn to be fallacious. III. The analogy between man and brutes, is minutely considered; the specific Difference between them is proved not to consist in the Construction of their Bodies; and the different Phaenomena in Brutes are fully explained. IV. The impious consequences that flow from the opinion of the materialists are exposed and refuted; the Existence of a Deity is clearly and amply demonstrated; the Necessity, in fine, of a religious Worship is solidly established, and shewn to be essential to the Happiness of Man. In answer to a wicked and atheistical treatise, written by M. de la Mettrie, and intitled, Man a machine.",154303-man more than machine wherein i,1752,English,London,"luzac, elie, 1723-1796"
1,464,"ing their Causes, or any otherwise. The *Atomists,* who define Motion to be *a passage from one place to another,* What do they more than put one synonymous Word for another? For what is *Passage* other than *Motion",32300303,"finition. Is it more simple or more intelligible
than motion ? But, of all, the most remarkable
definition of motion is that of Aristotle, famous
'for its impenetrability, or rather absurdity, viz.
"" A&us entis in potentia,' quatenus in poten-
"" tia t.""

Extension enters into the conception of every
particle of matter; because every particle of
matter has length, breadth, and thickness.",316704,317093,0.833,Paraphrase,T70420,history,"Sketches of the history of man. In four volumes. By Henry Home, Lord Kaims, Author of Elements of Criticism, &c. ...",4864-sketches of history of man considerably enlarged,1774,English,Dublin,"Kames, Henry Home, Lord, 1696-1782"
2,464,"ing their Causes, or any otherwise. The *Atomists,* who define Motion to be *a passage from one place to another,* What do they more than put one synonymous Word for another? For what is *Passage* other than *Motion",950400202,"ciens définiffoient le mouvement comme les modernes, Définition
un changement de lieu (i), ou le paffage d'un lieu à un autre (2); ils u mouve-

ment; & fort
connoiffoient l'accélération de la defcente des corps dans leur chûte (3): accélération.
mais ils n'avoient pas fu, à la vérité, en déterminer les loix, quoiqu'ils
ne fuffent",174195,174527,0.825,Paraphrase,T137049,philosophy,Oeuvres de M. L. Dutens. ...,41147-oeuvres de m l dutens,1800,French,London,"dutens, l., 1730-1812., (louis)"
3,464,"ing their Causes, or any otherwise. The *Atomists,* who define Motion to be *a passage from one place to another,* What do they more than put one synonymous Word for another? For what is *Passage* other than *Motion",282500201,"definition of motion; yet they are a different
species of mstion, commonly expressed by the term adiont.

This leads me to inquire into the nature of this universal ac7ion,
-and its correfpondent,p/fln, which run through the whole of nature;
for every thing, as was said, is destined by nature to a or susser,
or both :; and, where there is an agent, there muff of necess",128827,129198,0.823,Meaning Match,T22180,philosophy,"Antient metaphysics: or, the science of universals. With an appendix, containing an examination of the principles of Sir Isaac Newton's philosophy. Volume first.",7522-antient metaphysics,1779,English,Edinburgh,"Monboddo, James Burnett, lord, 1714-1799"
4,464,"ing their Causes, or any otherwise. The *Atomists,* who define Motion to be *a passage from one place to another,* What do they more than put one synonymous Word for another? For what is *Passage* other than *Motion",330200902,"ascribes all Motion
to a primitive Impulse given by God, and the
Mechanical Affe&ions of Parts of Matter ; It
being the fame thing in assigning the Causes
of things to particular Motions, as Swift, Slow,
Uniform, &-c. whether the Parts of Matter
wed their Original Motions to Nature, or to
God; only it may be fiuppofed, that his infi-
nitely perfeE Knowledge might",334372,334737,0.822,Meaning Match,T80858,religion,"The theological works of the Honourable Robert Boyle, Esq; epitomiz'd. In three volumes. By Richard Boulton, late of Brazen-Nose College in Oxford.",22647-works of honourable robert boyle in six volumes,1715,English,London,"Boyle, Robert, 1627-1691."
5,464,"ing their Causes, or any otherwise. The *Atomists,* who define Motion to be *a passage from one place to another,* What do they more than put one synonymous Word for another? For what is *Passage* other than *Motion",444900700,"and determinate, than in
those heterogeneous Compositions which we are
acquainted withal.

CHAP. V.
Of MOBILITY of Matter, and the Na-

ture of MOTION and REST.
A R A Y what is meant by the Mobility

p of Matter ?
B. It is that essential Property, whereby any
Part of Matter is capable of Motion, or being
moved.

A. What is Motion ?
B. A continual and",59949,60301,0.818,Meaning Match,T25349,science,"The philosophical grammar; being a view of the present state of experimented physiology, or natural philosophy. In four parts. Part I. Somatology, treateth of the universal Nature and Properties of Matter, or Substance, and the specifick Qualities of natural Bodies. Part II. Cosmology, exhibiteth a general View of the Universe, and its great constituent Parts; the Sun, Moon, Planets, Comets, fixed Stars, &c. Part III. Aerology, compriseth the Philosophy of the Atmosphere, shewing the wonderful Nature and Properties of the Air, Wind, Meteors, and other Phaenomena therein. Part IV. Geology, containeth a Philosophical View of the terraqueous Globe, in all its Parts and Productions; as Minerals, Metals, Stones, &c. The Laws of Fluios; the Sea, its Tides, &c. Of Rivers, Springs, &c. Of Vegetation, and the Nature of Plants, Trees, &c. Of the Parts of animal Bodies 5 and a Survey of the Nature of Beasts, Birds, Fishes, Infects, Reptiles, Shell-Animals, &c. Illustrated with twenty-six copper-plates. By Benj. Martin, [greek text].",5103-philosophical grammar being view of present state of experimented physiology or natural philosophy,1748,English,London,"martin, benjamin, 1705-1782"
6,464,"ing their Causes, or any otherwise. The *Atomists,* who define Motion to be *a passage from one place to another,* What do they more than put one synonymous Word for another? For what is *Passage* other than *Motion",37700103,"motion are in_
volved the ideas of SPACE and TIME.

In treating of motion we have therefore to
confider, . The power or force which causes the
motion. 2. The substance moved. 3. The space
palted over by the moving body. 4. The time or
duration of the motion.

Space is the place of every exiflence; it is
dntihguifhed into absolute and relative, or place
and situation,

We do not perceive the absolute",174779,175181,0.816,Meaning Match,T88417,ephemera-practical,"Lectures on natural and experimental philosophy, considered in it's present state of improvement. Describing, in a familiar and easy manney, the principal philomena of nature; and shewing, that they all co-operate in displaying the goodness, wisdom, and power of God. By George Adams, mathematical instrument maker to His Majesty, and optician to His Royal Highness the Price of Wales. In five volumes. The fifth volume consisting of the plates and index. ...",19748-lectures on natural and experimental philosophy considered in its present state of improvement describing in familiar and easy manney principal philomena of nature and shewing that they all co operate in displaying goodness wisdom and power of god,1794,English,London,
7,464,"ing their Causes, or any otherwise. The *Atomists,* who define Motion to be *a passage from one place to another,* What do they more than put one synonymous Word for another? For what is *Passage* other than *Motion",1204402400,"a-

motion

,niotion somewhat declining from a right
line, and which gives to atoms the
,means of crossing and intercepting each
*other. Thus they turn them at their
pleasure, and just as their imagination
suggests the most plausible method of
coming to their point. But where are
they taught this declination of.atoms,
which comes in so opportunely to save
their system ? If a firait line in motion
be-effential",221712,222124,0.813,Meaning Match,N28834,philosophy,"A demonstration of the existence of God: deduced from the knowledge of nature, and more particularly from that of Man. By M. de la Mothe Fenelon, Archbishop of Cambray. Translated from the French, by Samuel Boyse, A.M.",4584-demonstration de lexistence de dieu,1769,English,London,"fenelon, francois de salignac de la mothe-, 1651-1715"
8,464,"ing their Causes, or any otherwise. The *Atomists,* who define Motion to be *a passage from one place to another,* What do they more than put one synonymous Word for another? For what is *Passage* other than *Motion",37500600,"the medium through
which it moves, and of the time it takes up in moving. For we can form no
compleat conception of motion abflra&ed from either of there.

To give a clear definition, therefore, or explain the nature and cause of
motion in general, it is necessary to illustrate the simple ideas, of which that
of motion is compounded.

Mvetaphyficians indeed have usually defined motion .,to be change of place,
or a passage",17046,17471,0.81,Meaning Match,T111674,science,A lecture on the perpetual motion. Part the First.,135028-a lecture on perpetual motion part first,1771,English,London,
9,464,"ing their Causes, or any otherwise. The *Atomists,* who define Motion to be *a passage from one place to another,* What do they more than put one synonymous Word for another? For what is *Passage* other than *Motion",371401500,"que tout ce que j'ai
dit, convaincra que le mouvement doit entrerdans
la définition de la matière, ainfi que fon étendue
& fa folidité. Si l'on me demande la définition
du mouvement lui-même, je dirai que ni moi
ni perfonne ne pouvons la donner. Ce n'elt pas
que nous le connoiffions moins pour cela; au
contraire nous le connoiffons beaucoup mieux
que",152085,152437,0.808,Meaning Match,T125931,philosophy,"Les progrès de la raison, dans la recherche du vrai. Ouvrage posthume de Mr. Helvétius.",99129-les progrès de la raison dans la recherche du vrai,1775,French,The Hague,"helvetius, 1715-1771"
10,464,"ing their Causes, or any otherwise. The *Atomists,* who define Motion to be *a passage from one place to another,* What do they more than put one synonymous Word for another? For what is *Passage* other than *Motion",254900101,"holds the ato.tvzcalphilofophy, or dotrine
of atoms.
The atomrnfs, who define motion to be a pas-
sage from one place to another, what do they more
than put one synonymous word for another ?

Loacd.
Now can judicious atomiifs conceive,
Chance to the fun could his just irmipulfe give ?

Blackmoil
A'TOM Y. n.J An obsolete word for atom.",1489335,1489671,0.807,Paraphrase,T116655,history,"A dictionary of the English language: in which the words are deduced from their originals, and illustrated in their different significations by examples from the best writers. ... By Samuel Johnson, ...",294-dictionary of english language,1785,English,London,"johnson, samuel, 1709-1784"
11,464,"ing their Causes, or any otherwise. The *Atomists,* who define Motion to be *a passage from one place to another,* What do they more than put one synonymous Word for another? For what is *Passage* other than *Motion",241200200,"movement? All that part of language which belongs. to
its utterance, is intirely. to be regulated- by the. ruls of music;.
that is, of melody and rhythmus: how then is it poflible, to bring
that part of it to the perfetion it may be capable of,, if our men
of letters are so ignorant. of. it, as to doubt.or deny its. existence?",253869,254197,0.807,No Match,T62224,education,An essay towards establishing the melody and measure of speech to be expressed and perpetuated by peculiar symbols.,19174-essay towards establishing melody and measure of speech,1775,English,London,"steele, joshua"
12,464,"ing their Causes, or any otherwise. The *Atomists,* who define Motion to be *a passage from one place to another,* What do they more than put one synonymous Word for another? For what is *Passage* other than *Motion",267400400,"er, by the
help of Motion only.

I think it, with Mr. L. of good use in

a Philosophy, to know what
c. 4i.. s4,c. Words can, and what cannot

be defin'd; and I am persuaded
also tlat, of the latter Sort only, are the
Names of our Simple Ideas, of which Motion
is one: If any Man shou'd ask me what
Motion is thebe",83288,83601,0.807,Paraphrase,T115365,philosophy,"Psychologia: or, an account of the nature of the rational soul. In two parts. The First; Being an Essay towards establishing the receiv'd Doctrine, of an Immaterial and consequently Immortal Substance, united to Human Body, upon sufficient Grounds of Reason. The Second, A Vindication of that receiv'd and establish'd Doctrine, against a late Book, call'd, Second Thoughts, &c. wherein all the Authors pretended Demonstrations to the Contrary, as well Philosophical and Rational, as Scriptural, are fully refuted; together with Occasional Remarks on his Way of Reasoning. To which is annex'd, A brief Confutation of his whole Hypothesis. By John Broughton, M. A. Chaplain to his Grace the Duke of Marlborough.",139831-psychologia or account of nature of rational soul,1703,English,London,"broughton, john, 1673 or 1674-1720"
13,464,"ing their Causes, or any otherwise. The *Atomists,* who define Motion to be *a passage from one place to another,* What do they more than put one synonymous Word for another? For what is *Passage* other than *Motion",1543000102,"force and neceflary motion;

and

and yet they convey no meaning. The idea of
motion is nothing more than the idea of pafling
from one place to another, nor can there be any
motion without some particular dire&ion ; for
no individual being can move several ways at
once. In what manner, then, is it that matter
necessarily moves ? Has all the matter of which
bodies are composed, a general and uniform
motion, or has each atom a particular motion",217998,218444,0.807,Meaning Match,T137824,philosophy,"Emilius; or, A treatise of education. Translated form the Frenceh of J.J. Rousseau, citizen of Geneva. In three volumes",1098-emile,1773,English,Edinburgh,"rousseau, jean-jacques, 1712-1778"
14,464,"ing their Causes, or any otherwise. The *Atomists,* who define Motion to be *a passage from one place to another,* What do they more than put one synonymous Word for another? For what is *Passage* other than *Motion",452600900,"vous alléguez vieennet de ce
que l'on confond la caufe avec l'effet ou
la force motrice avec le mouvement lo-
cal, & quand on croit avoir donné une
définition véritable du mouvement, il fe
trouve qu'on n'a rien dit finon que le
mouvement ejî le mouvement, en ne faifant
que changer un peu les termes. Quand
on voit rouler une boule fur la peloufe
& que l'on demande ce que",226162,226534,0.803,Paraphrase,T101601,philosophy,"Lettres philosophiques sur l'origine des préjugés, du dogme de l'immortalité de l'ame, ... Traduites de l'Anglois de J. Toland.",46477-letters to serena containing i,1768,French,Amsterdam,"toland, john, 1670-1722"
15,464,"ing their Causes, or any otherwise. The *Atomists,* who define Motion to be *a passage from one place to another,* What do they more than put one synonymous Word for another? For what is *Passage* other than *Motion",104000305,"by thelc vague
terms, universal force and ueceflhry motion;

and

and yet they convey no meaning. The idea of
motion is nothing more than the idea of passing
from one place to another, nor can there be any
motion without some particular direction; for
no individual being can move several ways at
once. In what manner, then, is it that matter
neceflarily moves ? Has all the matter of which
bodies are composed, a general and uniform",218661,219094,0.803,Paraphrase,T137825,literature_and_arts,The works of J. J. Rousseau. Translated from the French. In ten volumes. ...,18583-works,1773,English,Edinburgh,"rousseau, jean-jacques, 1712-1778"
16,464,"ing their Causes, or any otherwise. The *Atomists,* who define Motion to be *a passage from one place to another,* What do they more than put one synonymous Word for another? For what is *Passage* other than *Motion",403100201,"it;
aid for that motion, also, to have various tendencies.
i Motion, in many parts of matter, appears manifest to sense; but how it came Whence motion
by this motion, is disputed. The ancient corpufcularians, who.acknowledged roceeds.
no author of the universe, were reduced to make it inherent in matter; and,
confequenty, coeval therewith: but since local motion, or an endeavour",797902,798283,0.803,Meaning Match,N19966,science,"The philosophical works of the Honourable Robert Boyle Esq; abridged, methodized, and disposed under the general heads of physics, statics, pneumatics, Natural History, Chymistry, and Medicine. The whole illustrated with Notes, containing the Improvements made in the several Parts of natural and experimental Knowledge since his time. In three volumes. By Peter Shaw, M.D.",46286-philosophical works of honourable robert boyle abridged methodized and disposed under general heads of physics statics pneumatics natural history chymistry and medicine whole illustrated with notes containing improvements made in several parts of natural and experimental knowledge since his time in three volumes by peter shaw md,1738,English,London,"Boyle, Robert, 1627-1691."
17,464,"ing their Causes, or any otherwise. The *Atomists,* who define Motion to be *a passage from one place to another,* What do they more than put one synonymous Word for another? For what is *Passage* other than *Motion",179100400,"movens, in' this our
Number of
Atoms. corporeal Machine, from which the Motion of

the Body, Hand, or Finger, originally pro-
ceeds, was not one single Atom but a great
Number of Atoms, which began all at once
to move, or to move in a new Dire&ion, the
Difficulty will be the fame; for as no one of
these Atoms could, according.to the Suppofi-
tion, receive its Motion",84842,85210,0.802,Meaning Match,T57973,philosophy,"A new method of demonstrating from reason and philosophy the four fundamental points of religion, viz. I. The Existence and the Immateriality of the Spirit or Soul of Man. II. The Existence of the supreme Spirit, or God. III. The Immortality of the Soul of Man. And, IV. The Certainty of a Future State of eternal Happiness or Misery.",198935-a new method of demonstrating from reason and philosophy four fundamental points of religion viz,1756,English,London,gordon
18,464,"ing their Causes, or any otherwise. The *Atomists,* who define Motion to be *a passage from one place to another,* What do they more than put one synonymous Word for another? For what is *Passage* other than *Motion",464004600,". Si l'on demande
d'où et venu le mouvement dans la matiere? Nous ré-
pondrons que par la m.me raifon elle a dû fe mouvoir
de toute éternité, vu que le mouvement eft une fuite
néceTfaire de on exiftence, de fon eence & de fes
propriétés primitives , telles que fon étendue , fa pe.
lànreur, fon impénétrabilité",57056,57366,0.8,Meaning Match,N23261,philosophy,"Systême de la nature, ou des loix du monde physique & du monde moral.",1040-système de la nature,1777,French,Amsterdam,"holbach, paul henri thiry, baron d', 1723-1789"
19,464,"ing their Causes, or any otherwise. The *Atomists,* who define Motion to be *a passage from one place to another,* What do they more than put one synonymous Word for another? For what is *Passage* other than *Motion",317700100,"- ing the several Particulars which enter into our complex Sensation of it, which are
lerJ Idtthef recounted in §. 2. as Matter, Space, Place, and Time.
The Definition . 7. As for Motion abftra'ced from all it's Circumstances, it cannot be better de-
of Motion not fin'd than by naming it a continual Alteration or Change of Distance, altho' any
the Idea thi",196315,196673,0.8,Meaning Match,T113292,philosophy,"The principles of the philosophy of the expansive and contractive forces. Or an inquiry into the principles of the modern philosophy, that is, into the several chief rational sciences, which are extant. In seven books. By Robert Greene, M. A. and Fellow of Clare-Hall.",59899-principles of philosophy of expansive and contractive forces or inquiry into principles of modern philosophy that is into several chief rational sciences which are extant,1727,English,Cambridge,"greene, robert, 1678?-1730"
20,464,"ing their Causes, or any otherwise. The *Atomists,* who define Motion to be *a passage from one place to another,* What do they more than put one synonymous Word for another? For what is *Passage* other than *Motion",312200702,"é,
tendue, mais eft-ce au moyen de
l'étendue ? Non: puifque l'idée du
mouvement renferme celle de l'éten-
due. Qui dit mouvement,. dit donc
plus qu'étendue; ce n'eft donc pas
l'étendue qui donne l'idée du mou-
vement & le fait concevoir.
»J'entens, dit-il enfin, par Dieu,",163714,163986,0.8,Meaning Match,T72435,religion,"Lettres critiques, sur divers écrits de nos jours, contraires à la religion & aux mours. Par M. C***. Premiere Partie.",142939-lettres critiques sur divers ecrits de nos jours contraires la religion and aux moeurs par m c--- premiere partie,1751,French,Paris,charpentier
21,464,"ing their Causes, or any otherwise. The *Atomists,* who define Motion to be *a passage from one place to another,* What do they more than put one synonymous Word for another? For what is *Passage* other than *Motion",371600101,"to move,
because they change distance with his feet ? To me it seems, that though
motion includes a relation of one thing to another, yet it is not ncceflary
that each term of the relation be denominated from it. As a man may
think of somewhat which doth not think, so a body may be moved to
or from another body, which is not therefore itself in motion.

CXIV. As the place happens to be variously defined, the motion
which is",344759,345186,0.8,Meaning Match,T142562,philosophy,"The works of George Berkeley, D.D. late Bishop of Cloyne in Ireland. To which is added, an account of his life, and several of his letters to Thomas Prior, Esq. Dean Gervais, and Mr. Pope, &c. &c. in two volumes. ...",54118-works of george berkeley,1784,English,Dublin,"berkeley, george, 1685-1753"
22,464,"ing their Causes, or any otherwise. The *Atomists,* who define Motion to be *a passage from one place to another,* What do they more than put one synonymous Word for another? For what is *Passage* other than *Motion",1001400200,"Mover, who gives the Motion, and continues it according to the
Laws by him established: For Motion is not essential to Matter, or to the least Atoms there-
of; they are ifidifferent either to Motion or Reft, till some Cause put them in Motion. Be-
fidesj these Paits of Matter have no Power to continue that Motion, far less to move in such
a manner, as is necessary to form the Universe. Who can imagine that",44916,45325,0.8,Meaning Match,T129555,history,"The history of the Church under the Old Testament, from the creation of the world: Wherein Also The Affairs and Learning of Heathen Nations before the Birth of Christ, and the State of the Jews from the Babylonish Captivity to the present Time, are particularly considered. To which is subjoined, A discourse to promote the conversion of the Jews to Christianity. By Mr. Robert Millar Minister of the Gospel in Paisley.",97705-history of church under old testament from creation of world wherein also affairs and learning of heathen nations before birth of christ and state of jews from babylonish captivity to present time are particularly considered,1730,English,Edinburgh,"Millar, Robert, 1672-1752"
23,464,"ing their Causes, or any otherwise. The *Atomists,* who define Motion to be *a passage from one place to another,* What do they more than put one synonymous Word for another? For what is *Passage* other than *Motion",208300801,", and without a reference
to some other objet. The idea of motion
necessarily supposes that of a body moving.
Now what is our idea of the moving body,
without which motion is incomprehensible ?
It must resolve itself into the idea of ex-
tension or of solidity; and consequently
the reality of motion depends upon that of
these other qualities.

T H I S opinion, which is universally ac-
knowledg'd concerning motion, I have

prov",505000,505430,0.799,Meaning Match,T4002,philosophy,A treatise of human nature: being an attempt to introduce the experimental method of reasoning into moral subjects. ... . of the understanding.,52050-treatise of human nature,1739,English,London,"hume, david, 1711-1776"
24,464,"ing their Causes, or any otherwise. The *Atomists,* who define Motion to be *a passage from one place to another,* What do they more than put one synonymous Word for another? For what is *Passage* other than *Motion",580800401,"s them in motion, follows from the very na-
ture of matter. For whatever is capable of moving itielf, must be called
by some other name, since it is a part of the essence of matter not only
to be inaaive or unable to produce motion in itself, but even to make
a refiftanct to motion,. when communicated to it by any external cause.
It will be as easy to prove the second part of this law to",85381,85771,0.799,Meaning Match,T150276,science,"A system of natural philosophy, being a course of lectures in mechanics, optics, hydrostatics, and astronomy; Which are read in St Johns College Cambridge, by T. Rutherforth D.D. F.R.S. Chaplain to his Royal Highness the Prince of Wales. In two volumes. ...",152100-a system of natural philosophy being course of lectures in mechanics optics hydrostatics and astronomy which are read in st johns college cambridge by t,1748,English,Cambridge,"Rutherforth, Thomas, 1712-1771"
25,464,"ing their Causes, or any otherwise. The *Atomists,* who define Motion to be *a passage from one place to another,* What do they more than put one synonymous Word for another? For what is *Passage* other than *Motion",1751300202,"liindt Notion of either, the first regards a Motion of
the whole Body of the Atmosphere, or any Part thereof from
one Place to another; but the Second refpeas the Motion of the
Particles of Air in themselves simply considered, and is not so
much a local Motion, from one Place to another, as a pulfive
or vibrating Motion, which carries the Particles forward and
backward, through the very fame Space. Do you think you",753770,754188,0.799,Meaning Match,T25359,science,"The young gentleman and lady's philosophy, in a continued survey of the works of nature and art; by way of dialogue. ... Illustrated by ... Copper-plates. By Benjamin Martin",16004-young gentleman and ladys philosophy in continued survey of works of nature and art by way of dialogue,1759,English,London,
26,464,"ing their Causes, or any otherwise. The *Atomists,* who define Motion to be *a passage from one place to another,* What do they more than put one synonymous Word for another? For what is *Passage* other than *Motion",1292200900,"motion ? IThen each atom,
Affeiiing it's intdifputable right
~'o dance, would sorn a unive:fe of dut.:
Has matter none'? Then when:ce theie glorious

forms,
And boundless fliEiglts, from flalnrle;s. and repos'd?
Has matter more than motion ? Has it thought,
Judgment, and genius ? Is it deepo:",185741,186034,0.798,Topical,T204167,literature_and_arts,"Beauties in prose and verse: or, the new, pleasing, and entertaining collection, selected from the most eminent English authors. To which is added, a practical English grammar; or, an easy introduction to Speaking and Writing The English language with Propriety and Elegance. By the Rev. J. Ireland, Curate of Tynemouth, and Master of a Grammar School, North Shields.",199915-beauties in prose and verse or new pleasing and entertaining collection selected from most eminent english authors,1784,English,Newcastle upon Tyne,"ireland, j"
27,464,"ing their Causes, or any otherwise. The *Atomists,* who define Motion to be *a passage from one place to another,* What do they more than put one synonymous Word for another? For what is *Passage* other than *Motion",619400501,"motion to be "" a passage
"" from one place to another:"" And he
might as well have defined it to be motion
from one place to another; because passage
in this sentence means nothing different
from motion. Sturmeus defines motion
to be ""JficceJiva rez motae in diverfis locis
' exi;'entia;"" which is juflly blamed by
Leibnitz as describing the effedt of motion,
rather than the formal nature of",12791,13181,0.798,Meaning Match,T136788,science,"Essays and observations, physical and literary. Read before the Philosophical Society in Edinburgh, and published by them. Volume I.",10564-essays,1771,English,Edinburgh,
28,464,"ing their Causes, or any otherwise. The *Atomists,* who define Motion to be *a passage from one place to another,* What do they more than put one synonymous Word for another? For what is *Passage* other than *Motion",282700600,"in other magnitudes.

8. Motion is the change of place; that is, of the part of
space which the body occupies, or in which it is extended.
The motion is real or absolute, when the body changes its place
in absolute space. It is called: relative, when the body changes
its place with relation only to ambient bodies ;. and it is appa-
rent motion, when the body changes its situation with refpet
to other bodies that appear to us",292018,292446,0.798,Meaning Match,T81914,science,"An account of Sir Isaac Newton's philosophical discoveries, in four books. By Colin Maclaurin, A. M. Late Fellow of the Royal Society, Professor of Mathematics in the University of Edinburgh, and Secretary to the Philosophical Society there. Published from the author's manuscript papers, by Patrick Murdoch, M. A. and F. R. S.",22697-an account of sir isaac newtons philosophical discoveries in four books,1748,English,London,"maclaurin, colin, 1698-1746"
29,464,"ing their Causes, or any otherwise. The *Atomists,* who define Motion to be *a passage from one place to another,* What do they more than put one synonymous Word for another? For what is *Passage* other than *Motion",489200102,"motion, is defined to be the application
of a body to different parts of abfolutc, that is, of infinite
and immoveable/pace. See PLACE, MOTION and Ras'i'.
The Cartesians, who make extension the essence of matter,
afl~ert, that the /,~acc any body takes up, is the rame thing
with the body itself; and that there is no fuels thing as mere
space",6604798,6605141,0.798,Meaning Match,T136232,history,"Cyclopædia: or, an universal dictionary of arts and sciences; ... By E. Chambers, F.R.S.",658-cyclopaedia,1738,English,London,"chambers, ephraim, approximately 1680-1740"
30,464,"ing their Causes, or any otherwise. The *Atomists,* who define Motion to be *a passage from one place to another,* What do they more than put one synonymous Word for another? For what is *Passage* other than *Motion",35201000,"every Man of common Sense knows
what it is, as well as the best Philosopher:
Now I ask any one, whether in his Sense
of Motion as he walks along the Streets,
the Stones he passes over may be said to
move, because they change Distance with
his.Feet? To me it seems, that though
Motion includes a Relation of one thing
to another, yet it is not neceflary that
each Term of the Relation be denominated
*",157481,157881,0.797,Meaning Match,T73934,philosophy,"A treatise concerning the principles of human knowledge. Wherein the chief causes of error and difficulty in the sciences, with the grounds of scepticism, atheism, and irreligion, are inquired into. First printed in the year 1710. To which are added three dialogues between Hylas and Philonous, in opposition to scepticks and atheists. First printed in the year 1713. Both written by George Berkeley, M. A. Fellow of Trinity-College, Dublin.",25255-a treatise concerning principles of human knowlege part i,1734,English,London,"berkeley, george, 1685-1753"
31,464,"ing their Causes, or any otherwise. The *Atomists,* who define Motion to be *a passage from one place to another,* What do they more than put one synonymous Word for another? For what is *Passage* other than *Motion",127601700,"efpèce de mouvement, là où
tout mouvement neft qu'un paffage
d'un endroit à l'autre: quelle abfur-
dité de dire que le changement de
lieu puiffe produire la penfée. Car
.ce mouvement, concilié à la matière
organifée, ne fait autre chofe, que
de deplacer & replacer les molécu-
.les, qui fe remuent. Or concevons
une de",14240,14558,0.796,Meaning Match,N8346,literature_and_arts,L'homme plus que machine.,187956-lhomme plus que machine,1748,French,London,"la mettrie, julien offrey de, 1709-1751"
32,464,"ing their Causes, or any otherwise. The *Atomists,* who define Motion to be *a passage from one place to another,* What do they more than put one synonymous Word for another? For what is *Passage* other than *Motion",365200101,"the Atoms. They are, of their own Nature, indifferent'
either to Motion or Stillneisi they would have continued'
such eternally, had not some Cause put them' into Moti-
on; they cannot give themselves Motion;: and therefore
they nimuf have receiv'd It from rome otherCaufe -If we
would suppose that the Parts -of-Matter, or the'Atoms,'
are in Motion from all Eternity",10419,10786,0.795,Meaning Match,T126792,history,"A compendious history of the church, from the beginning of the world to this present time. Written in French by Lewis Ellis Dupin, Doctor of Sorbonne, and Regius-Professor of Divinity at Paris. ...",24155-histoire de leglise en abrege,1713,English,London,"du pin, louis ellies, 1657-1719"
33,464,"ing their Causes, or any otherwise. The *Atomists,* who define Motion to be *a passage from one place to another,* What do they more than put one synonymous Word for another? For what is *Passage* other than *Motion",479700301,"are we to think of
fpontaneous.Motion, or concerning the Movers
that excite it ?

M. This seems to me another easy Confe-
quence from the Inaftivity of Matter: For if
mechanical. Motion be above the .Power of
Matter, fpontaneousMotion, which rifes above
the Laws of Mechanism, is a Degree higher
above the P.ower and Genius of Matter,",462442,462776,0.795,Meaning Match,T132102,science,"Matho: or, the cosmotheoria puerilis; a dialogue. In which the first principles of philosophy and astronomy are accomodated to the capacity of young persons, ... Translated, and enlarged by the author. In two volumes. ...",4753-matho,1754,English,Dublin,"baxter, andrew, 1686?-1750"
34,464,"ing their Causes, or any otherwise. The *Atomists,* who define Motion to be *a passage from one place to another,* What do they more than put one synonymous Word for another? For what is *Passage* other than *Motion",718400200,"Energy, or power to move themselves, and to which is Migration from place to place, which
a&, consisting of the vigours of each several for the molt part it called Lation, and tranfi-
Atom, but varioufy modifi'd; as Come of them ent Motion, and local Motion. For thus they,
mutually entangling one another are carried hi- name it in Diflinaion from that Motion, whichi
ther, others",3269789,3270170,0.795,Meaning Match,T102824,history,"The history of philosophy: containing the lives, opinions, actions and discourses of the philosophers of every sect. Illustrated with the effigies of divers of them. By Thomas Stanley, Esq;",4216-history of philosophy,1701,English,London,"Stanley, Thomas, 1625-1678"
35,464,"ing their Causes, or any otherwise. The *Atomists,* who define Motion to be *a passage from one place to another,* What do they more than put one synonymous Word for another? For what is *Passage* other than *Motion",1181600116,"be said by the Newtonians,
if one alk a fufcient reason why the atom A, is in
one place, and the atom B, exatly finilar, is in ano-
ther, the reason lies in the motion which impels them ;
and if we alk the reason of this motion, you muff
either fay, that this motion is necessary, or own that
God- began it. In fine, if it ihould be asked,",147991,148330,0.794,Paraphrase,N25878,literature_and_arts,"The works of M. de Voltaire. Translated from the French. With notes, historical and critical. By T. Smollett, M.D. T. Francklin, M.A. and others. In twenty-four volumes. ...",574-works of m de voltaire translated from french,1772,English,Dublin,"voltaire, 1694-1778"
36,464,"ing their Causes, or any otherwise. The *Atomists,* who define Motion to be *a passage from one place to another,* What do they more than put one synonymous Word for another? For what is *Passage* other than *Motion",962600400,", or motion of it: because bodies by the alteration of these only becomegrea-
ter or less ; round or square, &c. rare, or dense ; translated from one place to another
with this or that new direction, or velocity; or the like: all which ideas are quite
different from that of thinking; there can be no relation between them a. These
modifications and affetions of matter are so far from being principles or causes
of",565579,565994,0.794,Meaning Match,T113242,religion,"The religion of nature delineated. The sixth edition. To which is added a preface, containing a general account of the life, character, and writings of the author.",1475-religion of nature delineated,1738,English,London,"wollaston, william, 1660-1724"
37,464,"ing their Causes, or any otherwise. The *Atomists,* who define Motion to be *a passage from one place to another,* What do they more than put one synonymous Word for another? For what is *Passage* other than *Motion",621600104,"WHAT. adv. (Obs.) V.
MOSTLY. MOTÁTION. s. A& of moving.
Movimiento, el afo de mover 6
moverse.
MOTE. s. A fmall particle of mat-
ter, any thing proverbially little.
Mota, átomo, qualquiera cosa
sumamente pequena.
MOTE. (Obs.) V. MIGHT.
MOTH. s. A fmall",555667,555919,0.794,Topical,T145296,education,"Diccionario nuevo de las dos lenguas espanola é inglesa en quatro tomos. ... Compuesto por los RR. PP. MM. Fr. Tomas Connelly, ... y Fr. Tomas Higgins, ...",27144-diccionario nuevo de las dos lenguas espa⁻nola e inglesa en quatro tomos,1797,Spanish,Madrid,"connelly, thomas"
38,464,"ing their Causes, or any otherwise. The *Atomists,* who define Motion to be *a passage from one place to another,* What do they more than put one synonymous Word for another? For what is *Passage* other than *Motion",409602100,"mou-
vemens des corps que j'ai fouvent
vas fe mouvoir ; d'où il eft arrivé que
mon Entendement féparant le mou-
vement de la chofe mobile, s'eft for-
mé une certaine Idée du mouvement;
non pas une Idée claire, nette, & ex-
preffe du mouvement; mais informe
& confufe.

Ils demandent d'où m'eft venue
cette notion, que deux",231754,232076,0.794,Meaning Match,T114368,philosophy,"Traité philosophique de la foiblesse de l'esprit humain, par feu monsieur Huet, ...",3970-traite philosophique de la foiblesse de lesprit humain,1741,French,London|Trevoux.,"huet, pierre-daniel, 1630-1721"
39,464,"ing their Causes, or any otherwise. The *Atomists,* who define Motion to be *a passage from one place to another,* What do they more than put one synonymous Word for another? For what is *Passage* other than *Motion",434700900,"move them-
selves, no power to produce motion in other
bodies; had no power to flop motion or re-
bound it; nor to continue it when imprest:
but were of themselves mere unaAive mat-
ter. Each of these atoms must be supposed
to have a determinate shape and size, and
were capable of being moved. And by the
way, this is all that revelation seems to take
for granted; namely, that matter is in it",109461,109855,0.793,Meaning Match,T80749,philosophy,"Philosophia sacra: or, the principles of natural philosophy. Extracted from divine revelation. By Samuel Pike.",48052-philosophia sacra or principles of natural philosophy extracted from divine revelation by samuel pike,1753,English,London,
40,464,"ing their Causes, or any otherwise. The *Atomists,* who define Motion to be *a passage from one place to another,* What do they more than put one synonymous Word for another? For what is *Passage* other than *Motion",477200503,"liber-
té, & le mouvement quel qu'il puifle
être d'un atome, qui ne fait, ni où il
eft, ni qu'il exifle. Quelle confé-
quence y a-t-il entre ces deux pro-
poLitions, rame de fhomme' eft cOipo-
tfe d'atomes, qui en fe mouvant nécef-
'fairenmeit par des lignes droite, déc",525253,525523,0.793,No Match,T144350,religion,"Analyse raisonnée de Bayle, ou abrégé méthodique de ses ouvrages, particulierement de son dictionnaire historique et critique, dont les remarques ont été fondues dans le texte, pour former un corps instructif & agréable de lectures suivies...",25602-analyse raisonnee de bayle ou abrege methodique de ses ouvrages particulierement de son dictionnaire historique et critique dont les remarques ont ete fondues dans le texte pour former un corps instructif and agreable de lectures suivies,1755,French,London|Paris.,"bayle, pierre, 1647-1706"
41,464,"ing their Causes, or any otherwise. The *Atomists,* who define Motion to be *a passage from one place to another,* What do they more than put one synonymous Word for another? For what is *Passage* other than *Motion",455900400,"attended with no advantages. The beginning
of motion in matter itself is as conceivable a pri-
ori as its communication from mind and intelii.
gence.

Besides; why may not motion have been pro-
pagated by impulse through all eternity, and the
fame stock of it, or nearly the fame, be still up-
held in the universe ? As much as is loft by the
composition of motion, as much is gained by its
resolution. And whatever",118606,119021,0.793,Meaning Match,T143297,philosophy,"Dialogues concerning natural religion. By David Hume, Esq;",7831-dialogues concerning natural religion,1779,English,London,"hume, david, 1711-1776"
42,464,"ing their Causes, or any otherwise. The *Atomists,* who define Motion to be *a passage from one place to another,* What do they more than put one synonymous Word for another? For what is *Passage* other than *Motion",342100600,"of motion in any two
moving bodies, is defined to be mean:, the joint ratios of
the velocities and quantities of matter contained in the
bodies: it is therefore impoflible to mistake what is meant
by the expreflion, quantity of motion, according to this de-
scription; and this is the only objec of the definition :-
the fame may be applied to any other definition of the
moments of bodies.

[ 36I ]
it into",633276,633683,0.792,Meaning Match,T89110,science,"A treatise on the rectilinear motion and rotation of bodies; with a description of original experiments relative to the subject. By G. Atwood, M. A. F. R. S. Late Fellow of Trinity College, Cambridge.",107923-a treatise on rectilinear motion and rotation of bodies with description of original experiments relative to subject by g atwood m a f r s fellow of trinity college cambridge,1784,English,Cambridge,"Atwood, George, 1746-1807"
43,464,"ing their Causes, or any otherwise. The *Atomists,* who define Motion to be *a passage from one place to another,* What do they more than put one synonymous Word for another? For what is *Passage* other than *Motion",881600203,"thing not imple,
but complicated with many other Things
-it's Definition or DeScription taken
from the Peripatetics-the Accounts
given of it by Pythagoras and Plato
analogous to that of Arifotle, and why.
A LL MOTION iseitherPHysICAL,or CXVI.

NOT PHYSICAL. As by MOTION -'-
PHYSICAL I mean that, which is obvious
to the Senses,",368602,368930,0.792,Meaning Match,T149757,unknown,Miscellanies by Iames Harris ...,14360-miscellanies by iames harris,1787,English,London,"harris, james, 1709-1780"
44,464,"ing their Causes, or any otherwise. The *Atomists,* who define Motion to be *a passage from one place to another,* What do they more than put one synonymous Word for another? For what is *Passage* other than *Motion",555300101,"to the mover; generalname, under which all mutual tendencies, where no
a ACTION and RE-ACTION are always equal, and contrary; it physical impulse appears, and which cannot, therefore, be ac-
hillows, that, in all aonroainin, the mover is drawn towards the counted for from any known laws of nature, maybe arranged.
mnoeable, as much as the moveable towards the mover. And Hence arise",4210877,4211260,0.792,Topical,N41809,education,"The new encyclopædia; or, modern universal dictionary of arts and sciences, on a new and improved plan. ... In three volumes. By William Henry Hall, Esquire. The third edition. Revised, corrected, and enlarged, with considerable additions, improvements and modern discoveries, by Thomas Augustus Lloyd, ... Illustrated with upwards of one hundred and fifty large superb copper-plates, ...",10576-new royal encyclopaedia,1797,English,London,"hall, william henry, -1807"
45,464,"ing their Causes, or any otherwise. The *Atomists,* who define Motion to be *a passage from one place to another,* What do they more than put one synonymous Word for another? For what is *Passage* other than *Motion",265701200,", and.is the real

but

but universal Cause of all the Motions of
every Atom in the Universe : And though.
the particular Motions are attributed some-
times to Bodies, by Way of Attraction or Im-
pulfion, and sometimes to Minds, or Spirits,
as the Effects of their Volition, yet it is real-
ly owing to the infinite and 'dl-pervading Effi-
cienly of the great God",218575,218938,0.791,Meaning Match,T81760,religion,"Dissertations relating to the Christian doctrine of the Trinity, the second part (viz.) IV. The Sentiments of the ancient Jews and Christians concerning the Logos or Word, compar'd with Scripture. V. A Discourse of the Holy Spirit. VI. The Use of the Term Person in this Controversy. Vii. The Distinction of Persons in the Godhead: Or, An humble Essay to illustrate the Doctrine of the Sacred Three. By I. Watts.",22409-three dissertations,1725,English,London,"watts, isaac, 1674-1748"
46,464,"ing their Causes, or any otherwise. The *Atomists,* who define Motion to be *a passage from one place to another,* What do they more than put one synonymous Word for another? For what is *Passage* other than *Motion",302600400,"motion ? Then each atom,
Aflerting its indisputable right
To dance, would form an universe of dull:
Has matter none ? Then whence there glorious forms,
And boundless flights, from shapeless, and repos'd ?
Has matter more than motion ? Has it thought,
Judgment, and genius ? It is deeply learn'd
In Mathematics ? Has it fram'd such laws,
Which, but to guess,",230662,231019,0.791,Topical,N24070,literature_and_arts,"The speaker: or, miscellaneous pieces, selected from the best English writers, and disposed under proper heads, with a view to facilitate the improvement of youth in reading and speaking. To which is prefixed an essay on elocution. By William Enfield, LL. D. lecturer on the belles lettres in the academy at warrington.",X-the speaker,1786,English,London,
47,464,"ing their Causes, or any otherwise. The *Atomists,* who define Motion to be *a passage from one place to another,* What do they more than put one synonymous Word for another? For what is *Passage* other than *Motion",667300100,"over a greater or less space in a certain
time, suppose a second.

6. Motion, is a continual and successive change of place;
if the body moves equally, it is called equable or uniform
motion; if it increases or decreases, it is called accelerated
or retarded motion; when it is compared with a body
at reft, it is called absolute motion; but when compared
with a body in motion, it is called relative motion.

7. Direction of motion",15584,16016,0.791,Meaning Match,T55151,science,"The school of arts; or, an introduction to useful knowledge, being a compilation of real experiments and improvements, in several pleasing branches of science, on the following subjects, viz. Mechanics, Electricity, Pneumatics, Hydrostatics and Hydraulics, Optics, Clock and Watch-Making, and Astronomy. The Miscellaneous Articles contain the most approved Art of Drawing, Etching, Engraving, Mezzotinto Scraping, Aquatinta, Crayon Painting, Gilding on Glass, Pots, &c. Silvering Looking Glasses, &c. Lackering, Varnishing, Soldering, Casting in Plaster, &c. Cements, Glues, Metals for Speculums, with the whole Process of grinding, &c. Staining Wood, A Composition for Ornaments, Objects for the Microscope, &c. &c. &c. &c. The second edition, with very considerable additions. By John Imison.",7367-school of arts or introduction to useful knowledge being compilation of real experiments and improvements in several pleasing branches of science,1790,English,London,
48,464,"ing their Causes, or any otherwise. The *Atomists,* who define Motion to be *a passage from one place to another,* What do they more than put one synonymous Word for another? For what is *Passage* other than *Motion",797400101,"es
have their Motion from themselves, and that there
exist acive Atoms, from whole fortuitous or sudden
Concourse all created Beings were produced; which
Atoms, though edged in by others, are nevertheless
in a perpetual Agitation, to disengage themselves.
For if an Atom has a natural Motion, I ask to which
Part that Motion inclines most; for it cannot strive
in every Part ? And if it is supposed to incline more",2237018,2237432,0.791,Meaning Match,T138709,education,"An universal history of arts and sciences: ... The whole extracted from the best authors in all languages, ... By ... Dennis De Coetlogon, ...",77963-an universal history of arts and sciences,1745,English,London,"de coetlogon, dennis, -1749"
49,464,"ing their Causes, or any otherwise. The *Atomists,* who define Motion to be *a passage from one place to another,* What do they more than put one synonymous Word for another? For what is *Passage* other than *Motion",587300404,"matériel; dans un tout
dcnt les parties font effentiellement en mouvement,il
n'efi pas beoin d'un moteur distingué de lui-mime;
par (a propr2 énergie, le tout doit être dans unmou.
vement perpétuel. Le mouvement général , comme on
l'a prouvé ailleurs, naît de tous les mouvements par-
ticuliers que les êtres fe communiquent fans inter",886130,886465,0.79,Meaning Match,T99067,philosophy,Ouvres completes de M. Helvétius.,4791-oeuvres complettes de m helvetius nouvelle edition corrigee et augmentee sur les manuscrits de lauteur avec sa vie et son portrait,1777,French,London|Paris.,"helvetius, 1715-1771"
50,464,"ing their Causes, or any otherwise. The *Atomists,* who define Motion to be *a passage from one place to another,* What do they more than put one synonymous Word for another? For what is *Passage* other than *Motion",35700103,"is the natural Motion of Atoms, that of
Descent or Ascent, that of Expansion and Contraction, that of Expulsion
and Connexion, that of Rotation, or any other Motion of the larger Bodies,
limply. Yet in the Bodies of there Atoms are the Elements of all Bodies;
and, in their Motion and Virtue, reside the Beginnings of all Motions and
Virtues. But here, in the Motion of",1762029,1762398,0.79,Meaning Match,T89045,history,"The philosophical works of Francis Bacon, Baron of Verulam, Viscount St. Albans, and Lord High-Chancellor of England; methodized, and made English, from the originals, with Occasional Notes, to Explain what is Obscure; And shew how far the several Plans of the Author, for the Advancement of all the Parts of Knowledge, have been executed to the present Time. In three volumes. By Peter Shaw, M. D.",3291-works of francis bacon baron of verulam,1733,English,London,"Bacon, Francis, 1561-1626."
51,464,"ing their Causes, or any otherwise. The *Atomists,* who define Motion to be *a passage from one place to another,* What do they more than put one synonymous Word for another? For what is *Passage* other than *Motion",127600300,"attempts to describe by it's
Motion. For tho' it runs through a Space, which
besides it's Length has the other Dimensions which
it has itself; yet, as if it's Matter were reduced to a
Point, in it's Diretion nothing else is confidered but
the Path described by this Point alone. Therefore

by

by naming only two Terms, we {hew without any
Equivocation, in what Manner a moving thing is
directed",247856,248251,0.79,Meaning Match,N11829,science,"Lectures in experimental philosophy. By Mr L'Abbé Nollet, Member of the Royal Academy of Sciences at Paris. And Fellow of the Royal Society at London. Translated from the French by John Colson, A.M. F.R.S. And Professor of Mathematicks in the University of Cambridge.",55904-lecons de physique experimentale,1748,English,London,"nollet, abbe, 1700-1770., (jean antoine)"
52,464,"ing their Causes, or any otherwise. The *Atomists,* who define Motion to be *a passage from one place to another,* What do they more than put one synonymous Word for another? For what is *Passage* other than *Motion",825700105,"a mover diftin& from matter. ibid.
a. B. 595. a. b. There has not been a right defi-
nition of it as yet. 610. a. b. Reflexions upon the
incomprehensibility of motion. 614. a. b. A
proof from the impoflibility of a vacuum, that there
is no real motion. 617. a. b.
Mlotive: those who despise riche",7739000,7739296,0.789,Meaning Match,T143097,history,"The dictionary historical and critical of Mr Peter Bayle. The second edition, Carefully collated with the several Editions of the Original; in which many Passages are restored, and the whole greatly augmented, particularly with a Translation of the Quotations from eminent Writers in various Languages. To which is prefixed, the life of the author, revised, corrected, and enlarged, by Mr Des Maizeaux, Fellow of the Royal Society.",6137-dictionaire historique et critique,1734,English,London,"bayle, pierre, 1647-1706"
53,464,"ing their Causes, or any otherwise. The *Atomists,* who define Motion to be *a passage from one place to another,* What do they more than put one synonymous Word for another? For what is *Passage* other than *Motion",867100600,"simple and easy to
be shewn, than to those that are more compounded,
and difficult to be performed.

L A S T L Y, We ought to inquire with the antient
Atomists, and the Followers of the new Philosophy,
what are the Phenomena that may be explained by
Matter and Motion, and the known and cftablifhed
Laws of Mechanicks.

B T that we may proceed in this Affair with the
greater",25858,26233,0.789,Meaning Match,T26558,science,"An introduction to natural philosophy: or, philosophical lectures read in the University of Oxford, Anno Dom 1700. To which are added, the demonstrations of Monsieur Huygens's theorems, concerning the centrifugal force and circular motion. By John Keill M. D. Savilian Professor of Astronomy. F.R.S. Translated from the last ediion of the Latin.",1027-introductio ad veram astronomiam,1733,English,London,"keill, john, 1671-1721"
54,464,"ing their Causes, or any otherwise. The *Atomists,* who define Motion to be *a passage from one place to another,* What do they more than put one synonymous Word for another? For what is *Passage* other than *Motion",202901302,".By Motion I do not mean the Force or
Moment wherewith a Body is moved, and
which may be confidered as the Caunf of its
Motion. This is indeed frequently meant by
the Term Motion, and is always as a, Redtangle,

or

or Produ& under' the Quantity of Matter and
Velocity of the moving Body; but by the
Word Motion we here understand that con-
tinual and successive Change of Place, where-
by the moving Body",564049,564454,0.789,Meaning Match,T60564,science,"A treatise on the eye, The Manner and Phaenomena of Vision. In two volumes. By William Porterfield, M. D. Fellow of the Royal College of Physicians at Edinburgh. ...",190429-a treatise on eye manner and phaenomena of vision,1759,English,Edinburgh,"porterfield, william, 1695-1771"
55,464,"ing their Causes, or any otherwise. The *Atomists,* who define Motion to be *a passage from one place to another,* What do they more than put one synonymous Word for another? For what is *Passage* other than *Motion",293701200,"which a moving
Body changes its Place; and may always be known by the space
that the Body goes through in a given Time.

5. THE Quantity of Motion may be increas'd; either by.increaf-
ingthe Quantity of Matter, which is mov'd with a determinate
Velocity; or keeping the fame Quantity of Matter, and increasing
the Velocity; or by increasing both.-And in the three Cafes it is
done by",126308,126691,0.789,Meaning Match,T135355,science,"A course of experimental philosophy. By J. T. Desaguliers, L L. D. F. R. S. Chaplain to his Grace the Duke of Chandos. Vol. I. Adorn'd with thirty-two copper-plates.",4228-a course of experimental philosophy,1745,English,London,"desaguliers, j. t., 1683-1744., (john theophilus)"
56,464,"ing their Causes, or any otherwise. The *Atomists,* who define Motion to be *a passage from one place to another,* What do they more than put one synonymous Word for another? For what is *Passage* other than *Motion",207901000,"motion may be the fame. 3dy. Motion is
the action of a body, by which it changes place.

3. Aristotle's definition of motion, viz. "" The
energy of what exiits in power, confidered as To ex-
ifing,"" sig;nifies, "" The a&ual exercise of the ca-
pacity which a being has of becoming an agent,
confidered as rendering that being an agent in fat,
which before had simply",18341,18705,0.789,Paraphrase,T78095,philosophy,"An analysis of the principles of natural philosophy, by Matthew Young, D.D.S.F.T.C.D. Now Bishop of Clonfert.",106562-an analysis of principles of natural philosophy by matthew young,1800,English,Dublin,"young, matthew, bishop of clonfert, 1750-1800"
57,464,"ing their Causes, or any otherwise. The *Atomists,* who define Motion to be *a passage from one place to another,* What do they more than put one synonymous Word for another? For what is *Passage* other than *Motion",1641100100,"no local Motion as to its Duration, Impetus, In-
tention, Dire&ion, and all kinds of Differences
can be otherwise estimated in itself, or compared
with another Motion, but from the Spaces (i. . the
Right or Circular Lines) it palres through, there-

fore

/ 4

fore most Parts of Physics, and all their kindred
Arts universally wherein local Motion principally
obtains, are to be",96664,97043,0.788,Meaning Match,T92650,philosophy,"The usefulness of mathematical learning explained and demonstrated: Being mathematical lectures read in the publick schools at the University of Cambridge. By Isaac Barrow, D.D. professor of the mathematics, and master of Trinity-College, &c. to which is prefixed, the oratorical preface of our learned author, spoke before the university on his being elected lucasian professor of the mathematics. Translated by the Revd. Mr. John Kirkby, of Egremond in Cumberland",62582-usefulness of mathematical learning explained and demonstrated being mathematical lectures read in publick schools at university of cambridge,1734,English,London,"barrow, isaac, 1630-1677"
58,464,"ing their Causes, or any otherwise. The *Atomists,* who define Motion to be *a passage from one place to another,* What do they more than put one synonymous Word for another? For what is *Passage* other than *Motion",631100401,"pourquoi le mouvement n'eft jamais fi
puiffant que dans les corps qui approchent
de l'organifation élémentaire: qui fait même
fi dans la langue philofophique le mot de
mouvement n'eft pas fynonyme à celui d'élé-
mens de la matiere?

Une des modifications du monvement
eft la force qui fait graviter les corps les
uns vers les autres en raifon direde des
maffes, & in",89382,89748,0.788,Meaning Match,T122004,philosophy,"De la philosophie de la nature, ou traité de morale pour l'espèce humaine ...",23752-de la philosophie de la nature ou traite de morale pour lespece humaine tire de la philosophie and fonde sur la nature,1777,French,London,"sales, j. de, 1741-1816., (jean)"
59,464,"ing their Causes, or any otherwise. The *Atomists,* who define Motion to be *a passage from one place to another,* What do they more than put one synonymous Word for another? For what is *Passage* other than *Motion",234800201,"without diffiiing
Motion; or that Motion could enfuWe, without
Activity and Change, in all the exterior Parts of
the Chaos ? And thus from the sacred Writings,
we acquire the first Idea of Motion,, from whose
Original, all the other Principles of xAttraction
and Repulsion, with their subordinate Modes of
Uirty and. Division, arose: And hence it follows,
that Matter and Motion, with their",183304,183694,0.788,Meaning Match,T99756,philosophy,"The christian philosopher; or, a divine essay on the principles of man's universal redemption, in Two Volumes. ... . Book I. Containing, The Cosmogony of Moses, or a Divine Essay on the Principles, and Causes, employed by Almighty God in the Creation of the World, and Formation of our Earth; demonstrating all along the Necessity of a divine Hand, both to adjust the Principles, actuate the Causes, and accelerate the Motions, that gave Being, Order, and Harmony to the six Days Work. To which are added, Remarks upon divers modern Philosophers, who, from their own unreasonable Notions, have laboured to undermine the Mosaick Plan of Creation. By Nicholas Robinson, M. D. A Member of the Royal College of Physicians, and Physician to Christ's-Hospital, London.",16068-christian philosopher or divine essay on principles of mans universal redemption,1757,English,London,"robinson, nicholas, 1697?-1775"
60,464,"ing their Causes, or any otherwise. The *Atomists,* who define Motion to be *a passage from one place to another,* What do they more than put one synonymous Word for another? For what is *Passage* other than *Motion",876700200,"--

"" Who, motion, foreign to the fmallelt grain,
"" Shot' through vast mafl'es of enormous weight ?'
"" Who bid brute matter's restive lump afl'ume
"" Such various forms, and gave it wings to fly !
"" Has matter innate motion ? then each atom,
"" Asserting its indisputable right
"" To dance, would form an universe of dullt.
"" Has matter none ?",404755,405095,0.788,Topical,T187556,philosophy,"The complaint; or night-thoughts on life, death, and immortality. To which are added, some thoughts on the late rebellion, and a paraphrase on part of the Book of Job.",29-complaint or night-thoughts,1769,English,Edinburgh,"young, edward, 1683-1765"
61,464,"ing their Causes, or any otherwise. The *Atomists,* who define Motion to be *a passage from one place to another,* What do they more than put one synonymous Word for another? For what is *Passage* other than *Motion",37900800,"was discovered,
by means of the ele&rical Apparatus, to be a
permanent, durable Principle.

B. How do modern Philosophers account
for the Cause of Motion ?

Dr. Keil, In the 6th Lecture of his Tntro-
duction to natural Philosophy, p. 68. Edi. 2d.
when speaking of motion calls it "" the noblest

4 fecin n that Body is endued with; fa)",213545,213879,0.788,Meaning Match,T113678,science,"The electrical philosopher. Containing a new system of physics founded upon the principle of an universal plenum of elementary fire, wherein the nature of elementary fire is explain'd, ... To which is subjoin'd a postcript [sic]. ... By R. Lovett, ...",48641-electrical philosopher containing new system of physics founded upon principle of universal plenum of elementary fire wherein nature of elementary fire is explaind,1774,English,Worcester,
62,464,"ing their Causes, or any otherwise. The *Atomists,* who define Motion to be *a passage from one place to another,* What do they more than put one synonymous Word for another? For what is *Passage* other than *Motion",1028900100,"a motion or vibration which may be of
great intensity and yet not evidclt?--a motion

F

. A)~~~~~~~~~~~~~~^

[ 84 ]
which acts in defiance of all the laws of moving
bodies ?-a motion which is capable of being
increased in proportion to the quantum of resis-
tance; and which does not cease till it becomes
destitute of proper matter to dissipate in atoms;
--a motion",32800,33167,0.788,Meaning Match,T202053,science,The sceptic.,184004-sceptic,1800,English,Retford,sceptic
63,464,"ing their Causes, or any otherwise. The *Atomists,* who define Motion to be *a passage from one place to another,* What do they more than put one synonymous Word for another? For what is *Passage* other than *Motion",1015000300,"of Motion is meant the Swiftness of any thing
moving fron one Place to another. .

The Consideration of these, according as they may be proposed, are
the SubjeEts of the Mathematicks, but chiefiy that of MIatter.

Now the Consideration of /atter, with refpct to it's Quantity,
Form, andPofition, which may either be Natural, Accidental, or
Designed, will admit of infinite",12000,12372,0.788,Meaning Match,T177804,ephemera-practical,"The young mathematician's guide: being a plain and easy introduction to the mathematicks. In five parts. Viz. I. Arithmetick, Vulgar and Decimal, with all the useful Rules; And a General Method of Extracting the Roots of all Single Powers. II. Algebra, or Arithmetick in Species; wherein the Method of Raising and Resolving Equations is rendered Easy; and illustrated with Variety of Examples, and Numerical Questions. Also the whole Business of Interest and Annuities, &c. performed by the Pen. III. The Elements of Geometry contracted, and Analytically demonstrated; with a New and easy Method of finding the Circle's Periphery and Area to any assigned Exactness, by one Equation only: Also a New Way of making Sines and Tangents. IV. Cortick Sections, wherein the chief Properties, &c. of the Ellipsis, Parabola, and Hyperbola, are clearly demonstrated. V. The Arithmetick of Infinites explained, and rendered Easy; with it's Application to superficial and solid Geometry. With an appendix of practical gauging. By John Ward. The eighth edition, carefully corrected. To which is now first added, a supplement, containing the history of logarithms, and an index to the whole Work.",1302-young mathematicians guide being plain and easy introduction to mathematicks,1747,English,London,"ward, john, active 1698-1709"
64,464,"ing their Causes, or any otherwise. The *Atomists,* who define Motion to be *a passage from one place to another,* What do they more than put one synonymous Word for another? For what is *Passage* other than *Motion",537600102,"motion derived to matter from a first intelligent cause,
who must be the beginner of motion, which experience
teaches is not essential to matter, and the author of life,
sense, and intelligence; which are things we could not
poflibly conceive to arise from any modifications of mat-
ter, even though motion were eflential to it. After having
said this, I need not be reserved in explaining to you, and
developing of its emblematical dress the",510579,511021,0.788,Topical,T84383,literature_and_arts,"Athenian letters: or, the epistolary correspondence of an agent of the King of Persia, residing at Athens during the Peloponnesian war. Containing the history of the times, in dispatches to the ministers of state at the Persian court. Besides letters on various subjects between him and his friends. ...",X-athenian letters,1792,English,Dublin,
65,464,"ing their Causes, or any otherwise. The *Atomists,* who define Motion to be *a passage from one place to another,* What do they more than put one synonymous Word for another? For what is *Passage* other than *Motion",820100101,"the
Schools speak. And indeed, Motion taken in this Sense, not for a Translation of
Body from one Place to another, but for the acive Cause of Motion, may be very
well said to be incorporeal, or the Deity itself. But how came this Motion into
Matter at first? And which Way did Matter attain this Divine AElivity, or God-
like Energy? Here they must assert one of these three Things; either, I.",1612458,1612852,0.787,Meaning Match,T127878,philosophy,"A defence of natural and revealed religion: being a collection of the sermons preached at the lecture founded by the Honourable Robert Boyle, Esq; (from the year 1691 to the year 1732.) ... In three volumes. ...",X-a defence of natural and revealed religion,1739,English,London,
66,464,"ing their Causes, or any otherwise. The *Atomists,* who define Motion to be *a passage from one place to another,* What do they more than put one synonymous Word for another? For what is *Passage* other than *Motion",25900400,"the latter.

( '4 )
agent, nor felf-mover in the universe, but an eter,
nal chain of effets without any cause, which is a
:manifest contradiction. "" For the beginning of
*"" motion must be from some thing which is self-

.moved'; since othenvife all nature must sand still,
"" without any force or energy to put it in mo-
-"" tion."" And if there must",17801,18148,0.787,Meaning Match,T72233,philosophy,"An essay on liberty and necessity: in answer to Augustus Toplady's tract, on (what he calls) ""christian and philosophical necessity asserted."" in which John Wesley's ""thoughts on necessity"" are examined and defended; the Difficulties of these Subjects rendered plain and easy to common Readers; and Human Liberty fully proved. By Philaretus.",69783-an essay on liberty and necessity in answer to augustus topladys tract on what he calls &quot christian and philosophical necessity asserted&quot in which john wesleys &quot thoughts on necessity&quot are examined and defended difficulties of these subjects rendered plain and easy to common readers and human liberty fully proved by philaretus,1775,English,London,"whitehead, john, 1740?-1804"
67,464,"ing their Causes, or any otherwise. The *Atomists,* who define Motion to be *a passage from one place to another,* What do they more than put one synonymous Word for another? For what is *Passage* other than *Motion",161902500,". It is a motion of the particles of fen-
forial power. And what is motion, or to
what has it any similitude ? It will be impof-
fible to invent an answer, from which a que-
stion may not be extracted, if we resolve, in
the true spirit of scepticism, to understand no-
thing. When the Newtonian is able to in-
form us, what he means, when he uses the
term attraction,",136830,137197,0.787,Topical,T113782,science,"Observations on the zoonomia of Erasmus Darwin, M.D. By Thomas Brown, Esq.",179321-observations on zoonomia of erasmus darwin md by thomas brown,1798,English,Edinburgh,"brown, thomas, 1778-1820"
68,464,"ing their Causes, or any otherwise. The *Atomists,* who define Motion to be *a passage from one place to another,* What do they more than put one synonymous Word for another? For what is *Passage* other than *Motion",329700301,"tendency
to move every way, it is evident it can move no way, feeing the endeavour towards motion,
would then be perfetly equal on all rifes of it ; and no reason could be given why it should de-
termine itself one way rather than another.

That motion is not essential to matter, appears farther from hence, that the idea of matter is
not inseparably united with that of motion. Solidity, extension, and figure, are properties",174675,175102,0.787,Meaning Match,T130958,religion,"Theologia speculativa: or, the first part of a body of divinity under that title. Wherein are explain'd the principles of natural and reveal'd religion. By Richard Fiddes, ...",22435-theologia speculativa or first part of body of divinity under that title,1718,English,Dublin,
69,464,"ing their Causes, or any otherwise. The *Atomists,* who define Motion to be *a passage from one place to another,* What do they more than put one synonymous Word for another? For what is *Passage* other than *Motion",629900108,"a ds
Motion, we inut underitand by just Definitions, what Ideas
we are to fix to that Word. For the Word Motion is become anm-
biguous, and is used in afimple andcomplex Senife. Motion, in is
simple Acceptation, is only a.Change ofPlace in Bodies. But in the
romplex, or pyfical Senfie, it implies all the Change that is made in
the State",13050,13388,0.787,Meaning Match,P2572,literature_and_arts,"The general magazine of Arts and Sciences, philosophical, philological, mathematical, and mechanical ... By Benjamin Martin.",X-the general magazine of arts and sciences,1755,English,London,
70,464,"ing their Causes, or any otherwise. The *Atomists,* who define Motion to be *a passage from one place to another,* What do they more than put one synonymous Word for another? For what is *Passage* other than *Motion",537500200,". A mover.
MOITORY, mb'-tiBr-r?. a. Giving motion.
MOTTO, mot'-tb. f. A entience added to
a device, or prsfixed to any thing written.
[1] To

To MOVE,. no'v. v. a. To plt out of MOULDWARP, mi'd-w;,rp.f.
one place into another, to put in notion",1936051,1936294,0.786,Topical,T154433,philosophy,"A general dictionary of the English language. One main object of which, is, to establish a plain and permanent standard of pronunciation. To which is prefixed A rhetorical grammar. By Thomas Sheridan, A.M. Dedicated to the volunteers of Ireland.",13180-a general dictionary of english language one main object of which is to establish plain and permanent standard of pronunciation,1784,English,Dublin,"Sheridan, Thomas, 1719-1788"
71,464,"ing their Causes, or any otherwise. The *Atomists,* who define Motion to be *a passage from one place to another,* What do they more than put one synonymous Word for another? For what is *Passage* other than *Motion",1742200112,"ftinftions of motion into different kinds have
tionsormo- been no less various, and no less insignificant, than the
111 into, several definitions of it. , The moderns who reje&
kinds infi the peripatetic divifon. of motion into four classes, yet
mircant. - confider it themselves as either absolute or relative. Thus

we are told, that. "" absolute motion is the change of ab-
solute place,",2507628,2508017,0.786,Meaning Match,N6642,history,"Encyclopædia Britannica; or, a dictionary of arts, sciences, and miscellaneous literature; ... The third edition, in eighteen volumes, greatly improved. Illustrated with five hundred and forty-two copperplates. ...",X-encyclopædia britannica,1797,English,Edinburgh,
72,464,"ing their Causes, or any otherwise. The *Atomists,* who define Motion to be *a passage from one place to another,* What do they more than put one synonymous Word for another? For what is *Passage* other than *Motion",885600700,", the a&ion and force of
moving bodies; and the conftruEtion and cf-
feds of all those. machines and engines which
go by the name of mechanic powers.

9. What is motion ?
A. A continual and fuccefllve change of
place.

Z. What is ret ?
A. The continuance of a body in the fame
place for any time.

Q Pray'explain what is meant by a me-
chanic",48816,49158,0.785,Meaning Match,T129294,religion,"An easy introduction to the arts and sciences: being a short, but comprehensive system of useful and polite learning. Divided Into Lessons. Illustrated with Cuts, and adapted to the Use of Schools and Academies. By R. Turner, jun. LL.D. Late Of Magdalen-Hall, Oxford: Author of an Easy Introduction to Geography, &c.",5082-an easy introduction to arts and sciences being short but comprehensive system of useful and polite learning,1787,English,London,"turner, r., 1753-1788., (richard)"
73,464,"ing their Causes, or any otherwise. The *Atomists,* who define Motion to be *a passage from one place to another,* What do they more than put one synonymous Word for another? For what is *Passage* other than *Motion",539900900,"ation and Motion of
insensible Particles of that Matter which exists in the World, that there-
fore this whole Matter was produc'd by the casual occurfions of these
Atoms ? It will ask more Time and Pains than is usually taken by the
Philosophers either ancient or modern, to prove that those things what-
soever they are, whether Elements or Particles, out of which Bodies are
fuppos'd to be compound",1083496,1083897,0.784,Meaning Match,T101210,philosophy,"Origines sacræ: or, a rational account of the grounds of natural and reveal'd religion. The eighth edition. To which is now added part of another book upon the same subject, Written A. D. MDCXCVII. Publish'd from the Author's Own Manuscript. By the Right Reverend Father in God, Edward Stillingfleet, D. D. Late Lord Bishop of Worcester.",9060-origines sacrae or rational account of grounds of natural and reveald religion eighth edition,1709,English,London,"Stillingfleet, Edward, 1635-1699."
74,464,"ing their Causes, or any otherwise. The *Atomists,* who define Motion to be *a passage from one place to another,* What do they more than put one synonymous Word for another? For what is *Passage* other than *Motion",275100302,"ProclusinEuclid. lib. II. p. 16.atBafil in 1533.

THE

THE idea of motion, and -its affetion velocity,
are very dillin& from the ideas either of time or
space; for both of there may be present to the mind
without the other. True it is, that different degrees
of velocity in the motion of any body are in the
fame proportion to each other, as the spaces, which
would be described by",610557,610938,0.784,Meaning Match,T81183,science,"Mathematical tracts of the late Benjamin Robins, Esq; Fellow of the Royal Society, and Engineer General to the Honourable the East India Company. In two volumes. ... . Containing his New Principles of Gunnery, with several subsequent Discourses on the same Subject, the greatest Part never before printed. Published by James Wilson, M.D.",84447-mathematical tracts of benjamin robins fellow of royal society and engineer general to honourable east india company in two volumes containing his new principles of gunnery with several subsequent discourses on same subject greatest part never before printed published by james wilson md,1761,English,London,"robins, benjamin, 1707-1751"
75,464,"ing their Causes, or any otherwise. The *Atomists,* who define Motion to be *a passage from one place to another,* What do they more than put one synonymous Word for another? For what is *Passage* other than *Motion",451900300,"'Univers de la.
manière fuivante. De l'action oppofée de la
qualité créatrice & de la qualité deftru&ive
dans la matière, naquit d'abord le mouve.
ment (2). Le mouvement fut de trois efpèces,
mouvement ou force plaffique (3), mouvement
ou force de défunion (4), mouvement ou force
d'inertie (y). Alors le choc des impulfions con-
traires produi",118359,118703,0.784,Topical,T99172,religion,"Le Bhaguat-geeta, ou dialogues de Kreeshna et d'Arjoon; contenant un précis de la religion & de la morale des Indiens. Tradiut du Samscrit, ... par M. Charles Wilkins; ...","X-le bhaguat-geeta, ou dialogues de kreeshna et d'arjoon; contenant un précis de la religion & de la morale des indiens.",1787,French,Paris,
76,464,"ing their Causes, or any otherwise. The *Atomists,* who define Motion to be *a passage from one place to another,* What do they more than put one synonymous Word for another? For what is *Passage* other than *Motion",518000300,"of Motion, seems to me to be a
.latter entirely unlknown. Nevertheless,
Ice it is a certain Phenomenon, it is to
hee accounted a Law of Nature.

LAW- 2.
The Change of Motion is always Propor- X 5
tional to the impressed motive Force, and is
always made according to. the Riglt Line in
which that Force is impvrejed.

When another Force is superadded to
a Body in Motion,",98529,98899,0.784,Meaning Match,T120694,science,"Mathematical elements of physicks, prov'd by experiments: being an introduction to Sir Isaac Newton's philosophy. By Dr. Wm. James 's Gravesande, Professor of Mathematicks and Astronomy in the University of Leyden, and Fellow of the Royal Society of London. Made English, and illustrated with 33 copper-plates. Revis'd and corrected, by Dr. John Keill, F. R. S. Professor of Astronomy in Oxford.",3889-physices elementa mathematica experimentis confirmata,1720,English,London,"gravesande, willem jacob 's, 1688-1742"
77,464,"ing their Causes, or any otherwise. The *Atomists,* who define Motion to be *a passage from one place to another,* What do they more than put one synonymous Word for another? For what is *Passage* other than *Motion",38000100,"about motion, as strange at the former, is
this, if there be two contiguous Bodies, A and
B; and if B, were carried towards C, by the
very fame A&ion A is transferred from B; so
that there is an equal quantity of motion, and
a&ion, in both, tho' to all men's senses, the
body A seems not to be moved at all. Another
law of motion, as contrary to sense as",17285,17639,0.784,Meaning Match,T122602,science,"An examination of Dr. Burnet's Theory of the earth: with some remarks on Mr. Whiston's New theory of the earth. Also an examination of the reflections on the theory of the earth; And A Defence of the Remarks on Mr. Whiston's New Theory. By J. Keill, A. M. of Balliol College, Oxon. The second edition corrected, and all the Figures (25 in Number) Engraved on Copper Plates. To the whole is annexed a dissertatio on the different figures of the colestial bodies, &c. With a Summary Exposition of the Cartesian and Newtonian Systems. By Mons. de Maupertuis, Fellow of the Royal Society, and of the Royal Academy in Paris.",19782-an examination of burnets theory of earth together with some remarks on mr,1734,English,Oxford,"keill, john, 1671-1721"
78,464,"ing their Causes, or any otherwise. The *Atomists,* who define Motion to be *a passage from one place to another,* What do they more than put one synonymous Word for another? For what is *Passage* other than *Motion",546900103,"motion, as we fee by many accidents in
common life : the matter therefore of the old heaven
and old earth will remain, to an atom, after the fire
has had its will of it; of which God will form the
new. Nor does the word create forbid such a notion;
for though it properly signifies "" making Something
[tobe, that had no existence before,]"" yet in the
writings of the prophets and apolffes it often signifies",417530,417937,0.784,Topical,T116227,religion,"A course of lectures, on the prophecies that remain to be fulfilled. Delivered in the borough of Southwark, as also, at the chapel in Glasshouse-Yard, in the year 1789. By Elhanan Winchester. Repent; For The Kingdom Of Heaven IS At Hand. ...",45166-a course of lectures on prophecies that remain to be fulfilled delivered in borough of southwark as also at chapel in glasshouse-yard london,1789,English,London,"winchester, elhanan, 1751-1797"
79,464,"ing their Causes, or any otherwise. The *Atomists,* who define Motion to be *a passage from one place to another,* What do they more than put one synonymous Word for another? For what is *Passage* other than *Motion",62900401,". They who define Motion by
c-nparing theThing whichis moved,
not with theBjdies that encampafsit,
b.t only with Space which is im-
moveib!e and infinite, can never
know or un'detiland, whether any
B..dy at all rels, ror what theabfj-
lute Celerity of thoe B..dies that are
moved is; for btfles,",142782,143077,0.784,Meaning Match,T114004,science,"Rohault's system of natural philosophy, illustrated with Dr. Samuel Clarke's notes taken mostly out of Sir Isaac Newton's philosophy. Illustrated with Dr. Samuel Clarke's Notes Taken mostly out of Sir Isaac Newton's Philosophy. ... . Done into English by John Clarke, D. D. Dean of Sarum.",2143-traite de physique,1735,English,London,"rohault, jacques, 1618-1672"
80,464,"ing their Causes, or any otherwise. The *Atomists,* who define Motion to be *a passage from one place to another,* What do they more than put one synonymous Word for another? For what is *Passage* other than *Motion",1109800203,"motion ? then each atom,

Afierting its indisputable right
"" To dance, would form an universe ofduft:
"" Has matter none P then whence these glorious

forms, D d 2

"" And boundlefsflights, fromi7ape/efI, and repos'dP
"" Has matter more than motion ? has it thought,
"" Judgment, and genius ? is it deeply learn'd
"" In mathematics",399131,399457,0.784,Topical,N25939,literature_and_arts,"The works of the Reverend Edward Young, LL. D. Rector of Wellwyn in Hertfordshire, and Chaplain in Ordinary to His Majesty. In four volumes. ...",438-works of author of night thoughts volume fifth,1765,English,London,"young, edward, 1683-1765"
81,464,"ing their Causes, or any otherwise. The *Atomists,* who define Motion to be *a passage from one place to another,* What do they more than put one synonymous Word for another? For what is *Passage* other than *Motion",634401400,"and the moveable
- parts, consisting of certain globular atoms apt
i for motion, they are thereby, and by the mo-
, bility of the globular atoms, put into motion.
A third, finding fault with the two former,
( because these motions are so regular, and
"" do express the various plenomena of the
(, distribution of time, and of the heavenly
"" motions; therefore it seems to him, that this
s'",580674,581062,0.784,Meaning Match,T94177,education,"Rhetoric; or, a view of its principal tropes and figures, in their origin and powers: with a Variety of Rules to escape Errors and Blemishes, and Attain Propriety and Elegance in Composition. By Thomas Gibbons, D.D.",59577-rhetoric or view of its principal tropes and figures in their origin and powers with variety of rules to escape errors and blemishes and attain propriety and elegance in composition by thomas gibbons dd,1767,English,London,"gibbons, thomas, 1720-1785"
82,464,"ing their Causes, or any otherwise. The *Atomists,* who define Motion to be *a passage from one place to another,* What do they more than put one synonymous Word for another? For what is *Passage* other than *Motion",493700101,", at the
beginning of the dispute, the meaning of terms. By the
term motion they seem more commonly to have meant
ch!lnge of nature, than change of place.
The notion ascribed to Xenophanes concerning the
nature and origin of the celeffial bodies, as meteors
daily renewed, is so absurd, that we are inclined to
think it muff have been defectively or unfairly flated.
It is not un",934982,935361,0.784,Meaning Match,T109659,philosophy,"The history of philosophy, from the earliest times to the beginning of the present century; drawn up from Brucker's Historia critica philosophiæ. By William Enfield, LL.D. In two volumes. ...",53115-historia critica philosophiae,1792,English,Dublin,"brucker, johann jakob, 1696-1770"
83,464,"ing their Causes, or any otherwise. The *Atomists,* who define Motion to be *a passage from one place to another,* What do they more than put one synonymous Word for another? For what is *Passage* other than *Motion",184200300,"atom,
Aferting it's indisputable right
To dance, vould form an universe of dull:
Has matter none ? Then whence these glorious forms,
And boundless flight~, from fllapelefs, and repos'd .
Has matter more than motion ? Has it thought,
judgement, and genius? Is it deeply learn'd
lu mathematics f -Has it fram'd fluh laws,
Which,",335506,335832,0.784,Topical,T90314,literature_and_arts,"A collection of English prose and verse, for the use of schools, selected from different authors. By Alexander Barrie, Teacher of English in Edinburgh.",X-a collection of english prose and verse,1781,English,Edinburgh,
84,464,"ing their Causes, or any otherwise. The *Atomists,* who define Motion to be *a passage from one place to another,* What do they more than put one synonymous Word for another? For what is *Passage* other than *Motion",1301100100,"matter innate motion ? Then each atom,
Aflerting its indisputable right
To dance, would form an universe of dult:
Has matter none ? Then whence these glorious forms,
And boundless flights, from thapelefs, and repos'd

i

Has matter more than motion ? Has it thought,
Judgment, and genius ? Is it deeply learn'd
In Mathematics ? Has it fram'd fach laws,
Which,",230182,230541,0.783,Topical,T207884,literature_and_arts,"The Speaker: or, Miscellaneous pieces, selected from the best English writers. And disposed under proper heads, with a view to facilitate the improvement of youth, in reading and speaking. To which is prefixed an essay on elocution. By William Enfield, L.L.D. lecturer on the belles lettres in the academy at Warrington",1247-speaker or miscellaneous pieces selected from best english writers and disposed under proper heads with view to facilitate improvement of youth in reading and speaking,1777,English,London,"enfield, william, 1741-1797"
85,464,"ing their Causes, or any otherwise. The *Atomists,* who define Motion to be *a passage from one place to another,* What do they more than put one synonymous Word for another? For what is *Passage* other than *Motion",1752100201,"into motion, and therefore to furnish this motion,
"" there is a certain materia Jubtilis that pervades this

C 3 "" engine,

"" engine, and the moveable parts, consisting of several
Sglobular atoms apt for motion, they are thereby, and
"" by the mobility of the globular atoms put into motion.""
A third finding fault with the two former, because "" those
"" motions are so regular, and do express the various
a ph",105035,105443,0.782,Meaning Match,N32125,religion,"Contemplations moral and divine. In two volumes. By Sir Matthew Hale, ... To which is prefixed, an account of his life and death. By ... Dr. Gilbert Burnet, ... The fifth edition, corrected. ...",201-contemplations moral and divine,1792,English,London,"Hale, Matthew, 1609-1676"
86,464,"ing their Causes, or any otherwise. The *Atomists,* who define Motion to be *a passage from one place to another,* What do they more than put one synonymous Word for another? For what is *Passage* other than *Motion",879800801,"Motion it is; for Motion
of what Sort soever can never be confious,
nor represent Things as our Thoughts do. I have
noted thus much in general, only to ihew the

diffcrcnt

different Nature of Motion and Cogitation, that
we may be the more sensible that they have no
mutual Connexion in us, nor in any other Crea-
ture, from their Essence or essential Properties,
but by a supervenient Power from the Author",653132,653539,0.782,Meaning Match,N21363,science,"The sacred theory of the earth: containing an account of the original of the earth, And of all the General Changes which it hath already undergone, or is to undergo, till the Consummation of all Things. In four books. I. Concerning the deluge, II. Concerning paradise, III. The burning of the world. IV. The new heavens and new earth. With a review of the theory, and of its proofs; especially in reference to scripture. As also the author's defence of the work, from the exceptions of Mr. Warren, and the examination of Mr. Keil. And an ode to the author by Mr. Addison. ...",2059-telluris theoria sacra,1734,English,London,"burnet, thomas, 1635?-1715"
87,464,"ing their Causes, or any otherwise. The *Atomists,* who define Motion to be *a passage from one place to another,* What do they more than put one synonymous Word for another? For what is *Passage* other than *Motion",1116300115,"of motion, the notion
'*~^^ of which inclides the notions of space and duration

(two mathematical quantities), and no other. It does
not therefore express a mathematical quantity itself, but
; relation, a combination of two mathematical quanti-
ties of different kinds; and as it is measurable in the
quantities si combined, its measure must be a unit of its
own kind, that is, an unit of space as",4823883,4824281,0.782,Topical,W31873,education,"Encyclopaedia; or, A dictionary of arts, sciences, and miscellaneous literature ... Compiled from the writings of the best authors, in several languages ... Illustrated with five hundred and forty-two copperplates. ...","X-encyclopaedia; or, a dictionary of arts, sciences, and miscellaneous literature .",1798,English,Philadelphia,
88,464,"ing their Causes, or any otherwise. The *Atomists,* who define Motion to be *a passage from one place to another,* What do they more than put one synonymous Word for another? For what is *Passage* other than *Motion",196700104,", that
something betides motion may give begin-
ning to motion; and by parity of reason,
an immaterial being may move matter; for
where's the mighty difference between mo-
tion's being produc'd by an immaterial be-
ing, and its being generated by a material
being in motion, not as a material being,
nor as a material being in motion, but as a
material being endued with reason ? When a
rational being is determin'd",141000,141415,0.781,Meaning Match,T106237,religion,"Sermons and tracts: being the posthumous works of the late reverend Mr. Henry Grove, of Taunton. Published from the author's manuscript. In four volumes.",50572-sermons and tracts being posthumous works of reverend mr,1740,English,London,"grove, henry, 1684-1738"
89,464,"ing their Causes, or any otherwise. The *Atomists,* who define Motion to be *a passage from one place to another,* What do they more than put one synonymous Word for another? For what is *Passage* other than *Motion",522200700,"Motion is something added to the or'igi,
.al, and essential Qualities of Matter;
owes it's.q pacity of extting, to it,and can-
not exif, without it: and yet 'tis plain,
that Motion is no Modification, or effet of
Solidity, Extenflon, or Figure; which are
every thing, that we conceive in Matter,
before Motion is added to it; but is some",97619,97956,0.781,Meaning Match,T104920,religion,"The certainty and necessity of religion in general: or, the first grounds and principles of humane duty establish'd; in eight sermons preach'd at S. Martins in the Fields at the lecture for the year 1697, founded by the Honourable Robert Boyle, Esquire. By Francis Gastrell, D. D. Canon of Christ-Church, and Preacher to the Honourable Society of Lincolns-Inn.",49077-certainty and necessity of religion in general or first grounds and principles of humane duty establishd in eight sermons preachd at s,1703,English,London,"gastrell, francis, 1662-1725"
90,464,"ing their Causes, or any otherwise. The *Atomists,* who define Motion to be *a passage from one place to another,* What do they more than put one synonymous Word for another? For what is *Passage* other than *Motion",869700100,"(with Philosophers) is
the changing of the absolute place, of any
body that moves; so chat the swiftness of
its motion will be measured by the quantity
of the absolute space, which the moving
bpdy has run through.

Simple MOTION, one that is produced
fron some one power.

Compound MOTION, is one produced by
several conspiring powers.
Relative MOTION (with Philsfophers) is
a change of",1691838,1692224,0.781,Meaning Match,T87973,philosophy,"The new universal etymological English dictionary: Containing An Additional Collection of Words (not in the First Volume) with their Explications and Etymologies from the Original Languages, each in its proper Character. Also An Explication of Hard and Technical Words, or Terms, in all Arts and Sciences, properly Accented. Illustrated With Two Hundred and Sixty Cuts. To which is added, a dictionary of cant words. By N. Bailey.",155-dictionarium britannicum or more compleat universal etymological english dictionary than any extant,1760,English,London,"Bailey, N. (Nathan), -1742"
91,464,"ing their Causes, or any otherwise. The *Atomists,* who define Motion to be *a passage from one place to another,* What do they more than put one synonymous Word for another? For what is *Passage* other than *Motion",505201100,"?

Do they mean, that Motion is Na-
tural to all Matter . Then must all
Matter be naturally and coniantly. in
Motion, and so there would, never be
any Reft in any Parts of Matter,: and
consequently there could be no Produ-
dions in Nature, nor any fixed State
of Material Things.

Do

Do they mean, that Motion is Na-
tural to some Parts of Matter; as for
instance, to",126084,126452,0.781,Meaning Match,T101648,religion,"Arguments to prove the being of God. With objections against it, answer'd. Being several sermons preach'd at the Cathedral-Church of St. Paul, in the year 1706. on account of the lecture founded by the Honourable Robert Boyle, Esq; By John Hancock, D. D. Rector of St. Margaret's Lothbury, London; and Chaplain to his Grace the Duke of Bedford.",74697-arguments to prove being of god with objections against it answerd,1707,English,London,"hancocke, john, -1728"
92,464,"ing their Causes, or any otherwise. The *Atomists,* who define Motion to be *a passage from one place to another,* What do they more than put one synonymous Word for another? For what is *Passage* other than *Motion",605101800,"Motion. t
I PRESUME it is allowed that Motion is that

Power which all Bodies have, of moving
or of being moved from one Place to another;
and I believe it will be granted that Matter
could not give itself Motion; therefore we must
seek its Origin somewhere else, and can we do
better than place it in God; by whom it and
Matter were begun, and are by him preserved?
:- I suppose (fays Voltaire) it is",357355,357756,0.781,Meaning Match,T112366,science,"The beauties of nature, displayed in a sentimental ramble through her luxuriant fields; with a retrospective view of her, and that Great Almighty being who gave Her Birth. To which is added, a choice collection of thoughts: concluded with poems on various occasions. By W. Jackson, of Lichfield Close.",163059-beauties of nature displayed in sentimental ramble through her luxuriant fields with retrospective view of her and that great almighty being who gave her birth,1769,English,Birmingham,
93,464,"ing their Causes, or any otherwise. The *Atomists,* who define Motion to be *a passage from one place to another,* What do they more than put one synonymous Word for another? For what is *Passage* other than *Motion",208400300,"ously, I cannot.
Phil. Can you even separate the Ideas of
Extension and Motion, from the Ideas of
Light and Colours, hard and soft, hot and
cold, with the reft of those Qualities which
they who make the Difindion, term Secona.
dary.

Wr..z.

(41)
HIyl. What ! Is it not an easy Matter, to
confider Extension and Motion by themselves,
abstracted from all other sensible Qualities a
Pra",58944,59328,0.78,Meaning Match,T77983,philosophy,"Three dialogues between Hylas and Philonous. The design of which is plainly to demonstrate the reality and perfection of humane knowlege, the incorporeal nature of the soul, and the immediate providence of a deity: in opposition to sceptics and atheists. Also, to open a method for rendering the sciences more easy, useful, and compendious. By George Berkeley, M. A. Fellow of Trinity-College, Dublin.",54116-three dialogues between hylas and philonous design of which is plainly to demonstrate reality and perfection of humane knowlege incorporeal nature of soul and immediate providence of deity in opposition to sceptics and atheists,1713,English,London,"berkeley, george, 1685-1753"
94,464,"ing their Causes, or any otherwise. The *Atomists,* who define Motion to be *a passage from one place to another,* What do they more than put one synonymous Word for another? For what is *Passage* other than *Motion",532101200,"as well as extension and soli-
dity. If I am asked the definition of

movement

C[ 93 ]
movement itself, I shall fay, that nei-
ther I nor any one else can give it. Not
that we know it the less on that ac-
count; on the contrary, we know it
much better than we do many things
which may be defined. Simple ideas,
such as those of movement, ofextenfion,
of colour, of found, &",156150,156524,0.78,Meaning Match,T109902,philosophy,The progress of reason in the search of truth. Translated from the French.,160143-triomphe de la raison sur les prejuges,1785,English,London,"bignicourt, simon de, 1709-1775"
95,464,"ing their Causes, or any otherwise. The *Atomists,* who define Motion to be *a passage from one place to another,* What do they more than put one synonymous Word for another? For what is *Passage* other than *Motion",1691200119,"every thing is composed of
atoms, differing in lhape, but each indi-
vilible, and poffeffing a natural tendency
to unite, the exertion of which is the pri-
nary cause of motion in the whole system
of nature, and of the firit formation of
all bodies. That matter enables us to
conceive an idea of certain portions of
space, as different events do of time ; but
it is impofllible",1688073,1688450,0.78,Meaning Match,P1934,literature_and_arts,"The European magazine, and London review; containing the literature, history, politics, arts, manners and amusements of the age. By the Philological Society of London",193315-european magazine and london review containing literature history politics arts manners and amusements of age,1782,English,London [England],"brewer, george"
96,464,"ing their Causes, or any otherwise. The *Atomists,* who define Motion to be *a passage from one place to another,* What do they more than put one synonymous Word for another? For what is *Passage* other than *Motion",81500124,"absurdly supposed to
move the swiftest. His assertion, that some primirire
atoms have a direet, and others an inclining motion,

implies

implies a contradiction. Lucretius's explanation
of this inclining motion of some first atoms not in-
telliible. The inexplicable difficulty of flopping
the atoms in their flight, and causing them to fettle
in a formed world. The ponderous earth not",166354,166741,0.78,Meaning Match,T92171,literature_and_arts,"The works of the English poets. With prefaces, biographical and critical, by Samuel Johnson. ...",X-the works of the english poets,1779,English,London,
97,464,"ing their Causes, or any otherwise. The *Atomists,* who define Motion to be *a passage from one place to another,* What do they more than put one synonymous Word for another? For what is *Passage* other than *Motion",594101801,".
MOVEABLENESS, Sub. bevægelig-

hed, rarlighed, flyttelighed.
M VE, Sub. Jlytning i bræt-fpil.
MOVEABLES, SIu6. los-re.
MOV ED, Adj. bevæged; flytted.
MOVEMENT, Sub. becægelfe; fi- t

ning. MOVING, Adj. be'vægende; ft-

tende; kraftig, beevæg",1499460,1499703,0.78,Topical,T143281,education,"An English and Danish dictionary: containing the genuine words of both languages with their proper and figurative meanings; interspersed with a large variety of phrases, idioms, terms of art and proverbial sayings, collected from the most aproved [sic] writers, by Andrea Berthelson ... Vol.I.",183241-an english and danish dictionary containing genuine words of both languages with their proper and figurative meanings interspersed with large variety of phrases idioms terms of art and proverbial sayings collected from most aproved sic writers by andrea berthelson cand,1754,Danish,London,
98,464,"ing their Causes, or any otherwise. The *Atomists,* who define Motion to be *a passage from one place to another,* What do they more than put one synonymous Word for another? For what is *Passage* other than *Motion",769900101,"of it, which
|by Philosophers is thus expressed, Motion is the
.l4nion of a Body at Reft, or Exercief of a Be-
itng capable of receiving Motion; and thus ends
,the Metaphysical Consideration of Motion, where

b we

A General Introduzion.
we confider its Nature or Essence only. Second-
ly, We view Motion Physically, or Motion in
Concreto ; and in",49652,49999,0.78,Meaning Match,N34976,science,"Materia medica: or, a new description of the virtues and effects of all drugs, or Simple Medicines Now in Use: Where from their Principles, these Virtues both Common and Specifick are shewn, with the Preparations of Each; and Prescriptions: As also Judicious Remarks are every where interspers'd. Done from the Latin dictates of a physician, who was a register'd pupil of Dr. Paul Herman, late Professor of Botany in Leyden. To which is prefix'd, a general introduction containing a Mechanical Account of the Operations of all Medicines upon Human Bodies. Also critical observations are added to each Simple thro' the Whole, wherever it was found Necessary. The second edition. By Edward Strother M. D. Coll. Med. Lond. Reg. Colleg. In two volumes.",43591-materia medica or new description of virtues and effects of all drugs or simple medicines now in use where from their principles these virtues both common and specifick are shewn with preparations of each and prescriptions as also judicious remarks are every where interspersd,1729,English,London,"hermann, paul, 1646?-1695"
99,464,"ing their Causes, or any otherwise. The *Atomists,* who define Motion to be *a passage from one place to another,* What do they more than put one synonymous Word for another? For what is *Passage* other than *Motion",1744600100,"in Motion
at first, talks a great deal of a certainfubtile Matter, that pervades it, and gives
Motion to its moveable Parts, which confifft of certain globular Atoms, apt for Mo-
tion. A third, finding Fault with the two former, tells them immediately, that-
he has a more evident Solution of the Phenomenon, viz. the universal Soul of the
World, that, having formed so many Sorts",851955,852335,0.78,Meaning Match,T100422,religion,"A complete body of speculative and practical divinity, consisting of five parts: I. of the being, nature, and attributes of God, and of the evidences of divine revelation. ... To which are added, two tables: I. An alphabetical table of the chief matters. 2. A table of texts of scripture explain'd, ... By Thomas Stackhouse, ...",3078-complete body of divinity,1734,English,London,"Stackhouse, Thomas, 1677-1752"
100,464,"ing their Causes, or any otherwise. The *Atomists,* who define Motion to be *a passage from one place to another,* What do they more than put one synonymous Word for another? For what is *Passage* other than *Motion",275100500,".

But let us now go on with the Treatise, where the
Author endeavours to lead us to the Contemplation and
Inveftigaion of the Impetus of the Moveable, whilst it is
mov'd with a Motion compounded of two Motions: And
first of that compounded of two equable Motions; the one
horizontal and the other perpendicular.

PRO P. II. THEO R. II.
If a Moveable be moved",502932,503291,0.779,Meaning Match,T101451,science,"Mathematical discourses concerning two new sciences relating to mechanicks and local motion, in four dialogues. I. Of the Resistance of Solids against Fraction. II. Of the Cause of their Coherence. III. Of Local Motion, viz. Equable, and naturally Accelerate. IV. Of Violent Motion, or of Projects. By Galileo Galilei, Chief Philosopher and Mathematician to the Grand Duke of Tuscany. With an appendix concerning the center of gravity of solid bodies. Done into English from the Italian, by Tho. Weston, late Master, and now publish'd by John Weston, present Master, of the Academy at Greenwich.",35347-discorsi e dimostrazioni matematichè intorno due nuove scienze,1730,English,London,"galilei, galileo, 1564-1642"
101,464,"ing their Causes, or any otherwise. The *Atomists,* who define Motion to be *a passage from one place to another,* What do they more than put one synonymous Word for another? For what is *Passage* other than *Motion",472800600,"racted from that of Moti-
on. Wherefore Motion is something else besides Body; and something,
without which, a Body may be conceiv'd to Exist. If then Body could
move it self, it would have the Power of Making Something of Nothing.
' And one single Atom, by multiplying its own Motion Infinitely, would
have been able in time to make all the Motion in the World. But, to
fuppofe-Body to be",74296,74685,0.779,Meaning Match,T121994,religion,"Cosmologia sacra: or a discourse of the universe as it is the creature and kingdom of God. Chiefly written, to demonstrate the truth and Excellency of the Bible; which contains the Laws of his Kingdom in this Lower World. In five books. By Dr. Nehemiah Grew, Fellow of the College of Physicians, and of the Royal Society.",84349-cosmologia sacra or discourse of universe as it is creature and kingdom of god,1701,English,London,"grew, nehemiah, 1641-1712"
102,464,"ing their Causes, or any otherwise. The *Atomists,* who define Motion to be *a passage from one place to another,* What do they more than put one synonymous Word for another? For what is *Passage* other than *Motion",1358700500,"&rc. ne sont pas du mênme genre que les af·ctions
du mouvement, si on? peat parler ainsi, on que les attributs de
la matiire. Quelqu'un peut-il dire, quelle est la coulear, la
masse, on la figure d'une penisde, d'une idée, d'une notion
abstraite ? quel degré de ve1ocitt, quielle direaion est néces-
saire",331743,332048,0.779,Topical,T226876,religion,"Essai, en forme de discours, Sur la conduite à tenir par le clergé fidéle, dans les principaux points du ministére qu'il aura à exercer lors de sa rentrée en France. Par M. Vasse, docteur et professeur de théologie en L'Université de caen, et curé de ***",186070-essai en forme de discours sur la conduite tenir par le clerge fidele dans les principaux points du ministere quil aura exercer lors de sa rentree en france,1800,French,Londres,"vasse, m"
103,464,"ing their Causes, or any otherwise. The *Atomists,* who define Motion to be *a passage from one place to another,* What do they more than put one synonymous Word for another? For what is *Passage* other than *Motion",220200700,"kind, which what it is, I am at a
loss to comprehend. ButI can clearly com-
prehend that, if we admit Motion without
Space, then Sir Isaac Newtons Account of it
mufft be wrong: For'place by which he defines
Motion is, according to him,. a part of Space.
And if so, then this notable Defender hath
cut out new .Work ;for himifelf to defend and
explain. But about this, if I.mi",6508,6883,0.778,Meaning Match,T68812,politics,Reasons for not replying to Mr. Walton's full answer in a letter to P.T.P. By the author of The minute philosopher.,147273-reasons for not replying to mr waltons full answer in letter to ptp by author of minute philosopher,1735,English,Dublin,"berkeley, george, 1685-1753"
104,464,"ing their Causes, or any otherwise. The *Atomists,* who define Motion to be *a passage from one place to another,* What do they more than put one synonymous Word for another? For what is *Passage* other than *Motion",384900201,",) r. H-ence appears the miflake of certain metaphysicians, who maintain,
that the idea of motion neccllarily includes relation that, to conceive motion,

we

effeAs, and apparent differences; and, on the contrary, from Definitions.
motions, either true or apparent, to colle& their causes and es-
feats, hall be explained more at large hereafter. For to this
end I composed the following treat",149162,149556,0.778,Meaning Match,T18605,science,"Mathematical principles of natural philosophy. By Sir Isaac Newton, Knight. Translated into English, and illustrated with a commentary, By Robert Thorp, M. A. Volume the first.",14359-principia,1777,English,London,"newton, isaac, sir, 1642-1727"
105,464,"ing their Causes, or any otherwise. The *Atomists,* who define Motion to be *a passage from one place to another,* What do they more than put one synonymous Word for another? For what is *Passage* other than *Motion",508100600,"mover ; that motion is not diminish.
i ) It is to be minded here, that force, or moment, is made up both of matter and celerity.

1 2 ed.

ed, but may be multiplied by the aftion of particles among themselves;
and that there are several inherent, eternal propensities in the particle,
to be moved, or rather to move themselves, in certain circumstances, I
mark this opposition, that we may bear it in",201867,202267,0.778,Meaning Match,T32759,philosophy,An enquiry into the nature of the human soul; wherein the immateriality of the soul is evinced from the principles of reason and philosophy.,21407-an enquiry into nature of human soul wherein immateriality of soul is evinced from principles of reason and philosophy,1733,English,London,
106,464,"ing their Causes, or any otherwise. The *Atomists,* who define Motion to be *a passage from one place to another,* What do they more than put one synonymous Word for another? For what is *Passage* other than *Motion",1410500200,"more than a con-

tinual change of place, (abftra6ed from every consideration of matter in
the moving body.) But in its complex or phyical sense, it implies all the
change, both in its quantity of matter and motion, and this is usually called
its MOMENTUM, or quantity of motion. InfRead therefore of using
motion in its simple meaning, I shall hereafter make use of velocity as
its substitute, and for the",583618,584024,0.778,Meaning Match,N19061,science,"Logarithmic tables, Containing the logarithms of all numbers from 1 to 10,000. Together with the logarithms of the sines and tangents of every degree and minute of the quadrant. To which is added a table of natural sines of the same extent, the radius being unity, or I. With an abstract of the arithmetic of logarithms, and their application to the general mensuration of bodies. To which is also added, an appendix of projectiles in a non-resisting medium. Printed for the use of the gentlemen of the Military and Marine Academy, Belmont, Summer-hill, Dublin. By David Bates, principal",X-logarithmic tables,1781,English,Dublin,"bates, david, active 1784"
107,464,"ing their Causes, or any otherwise. The *Atomists,* who define Motion to be *a passage from one place to another,* What do they more than put one synonymous Word for another? For what is *Passage* other than *Motion",541600600,"motion was yet necef-

fary to produce the forms of beings, such as they
are. Motion, in the original element, was a
physical power, an agency capable of producing
new forms of existence; it was the aaive prin-
ciple of creative life, the embryo of the future
world. But it was power without direction,
agency without order, acivity to no end. What-
ever exiftenccs its unguided",278919,279297,0.778,Meaning Match,T78101,science,"An essay on the powers and mechanism of nature; intended, by a deeper analysis of physical principles, to extend, improve, and more firmly establish, the grand superstructure of the Newtonian system. By Robert Young.",62033-an essay on powers and mechanism of nature intended by deeper analysis of physical principles to extend improve and more firmly establish grand superstructure of newtonian system by robert young,1788,English,London,
108,464,"ing their Causes, or any otherwise. The *Atomists,* who define Motion to be *a passage from one place to another,* What do they more than put one synonymous Word for another? For what is *Passage* other than *Motion",460300101,"es them. Other modern philosophers have attempted to
define motion by change of place orfitualion. But that is
no more than the esec7 of motion; and it still remains to
be inquired, what fort of thing it is that produces this es-
sec. Besides, ifit were a good definition, it is not gene-
ral enough, comprehending only one kind of motion,
viz, that fiom place to place; whereas Ar",30951,31332,0.778,Paraphrase,T42127,philosophy,Of the origin and progress of language. |...,X-T42127,1773,English,Edinburgh,"Monboddo, James Burnett, lord, 1714-1799"
109,464,"ing their Causes, or any otherwise. The *Atomists,* who define Motion to be *a passage from one place to another,* What do they more than put one synonymous Word for another? For what is *Passage* other than *Motion",1272000200,"One Consideration. The
essential Tendency to Motion, of every one, or of
any one Particle of Matter in this Author's, ima-
ginary infinite Plenum, must be either a tendency
to move some one determinate way at once, or to
move every way at once. A lendency to move
Iome one determinate way, cannot be essential to
any Particle of Matter, but muff arise from
rome External Cause",73043,73419,0.778,Meaning Match,N562,philosophy,"A discourse concerning the being and attributes of God, the obligations of natural religion, and the truth and certainty of the Christian revelation. In Answer to Mr Hobbs, Spinoza, the Author of the Oracle, of Reason, and other Deniers of Natural and Revealed Religion. Being sixteen Sermons, Preach'd in the Cathedral Church of St Paul, in the Years 1704, and 1705, at the Lecture Founded by the Honourable Robert Boyle, Esq; By Samuel Clarke, D. D. Rector of St. James's Westminster. The seventh edition, corrected. There is inserted in this edition, A discourse concerning the Connexion of the Prophesies in the Old Testament, and the Application of them to Christ. There is als added, An answer to a seventh letter, concerning the Argument ? priori, in Proof of the Being of God.",1716-a discourse concerning being and attributes of god obligations of natural religion and truth and certainty of christian revelation,1728,English,London,"clarke, samuel, 1675-1729"
110,464,"ing their Causes, or any otherwise. The *Atomists,* who define Motion to be *a passage from one place to another,* What do they more than put one synonymous Word for another? For what is *Passage* other than *Motion",1036000701,".

§. I 14. Hence therefore some Philosophers have
loft their labour, endeavouring to prove there is
no such thing as motion, by using such fophifical
arguments as these. First, if there were motion,
it tnuft be either in the moving thing, or in the
thing to be moved, or in both. It is not in the
moving thing, for when a stone is thrown, motion
cannot be said to be in the cause projecting",122757,123148,0.778,Meaning Match,T153928,science,"The elements of natural philosophy. Chiefly intended for the use of students in universities. By Peter van Musschenbroek, M.D. Professor of Mathematicks and Philosophy in the University of Leyden. Translated from the Latin by John Colson, M. A. and F. R. S. Lucasian Professor of Mathematicks in the University of Cambridge. ...",163984-epitome elementorum physico-mathematicorum,1744,English,London,"musschenbroek, petrus van, 1692-1761"
111,464,"ing their Causes, or any otherwise. The *Atomists,* who define Motion to be *a passage from one place to another,* What do they more than put one synonymous Word for another? For what is *Passage* other than *Motion",1192500200,"mover.
Motion, 'will, or accord, movimiento, vo-

luntad.
Motion, orpropofal, propoficion, avifo.
Motion, or requefl, folicitacion, inftancia.
To MOTION a thing, v. a. to propo~e it,

proponer una cosa.
Motioned, p. p. propuelto.
MOTIONER, f. el que propone la cosa.
MOTIONLESS, adj.",4410461,4410744,0.778,Topical,T83917,education,"A dictionary, Spanish and English, and English and Spanish: containing the signification of words, and their different uses; Together with The Terms of Arts, Sciences, and Trades; and The Spanish Words accented and spelled according to the Regulation of the Royal Spanish Academy of Madrid. A new edition, corrected and greatly enlarged, by Joseph Baretti, Secretary for Foreign Correspondence to the Royal Academy of Painting, Sculpture, and Architecture.",22074-a dictionary spanish and english and english and spanish containing signification of words and their different uses together with terms of arts sciences and trades and spanish words accented and spelled according to regulation of royal spanish academy of madrid,1800,English,London,"baretti, giuseppe, 1719-1789"
112,464,"ing their Causes, or any otherwise. The *Atomists,* who define Motion to be *a passage from one place to another,* What do they more than put one synonymous Word for another? For what is *Passage* other than *Motion",1347300200,"of motion, by which a body passes

over a certain space in a given time. The velocity is said to be
greater or lesser, according as the body passes over a greater or
lesser space in the fame time.

6. Motion is a continual and fuccernve change of place. If a

body moves through equal spaces in equal times, it is called
equable motion. If its velocity continually increases, it is called
accelerated motion;",23227,23635,0.777,Meaning Match,T77167,science,"The principles of mechanics. Explaining and demonstrating the general laws of motion, the laws of gravity, motion of descending bodies, projectiles, mechanic powers, pendulums, centers of gravity, &c. strength and stress of timber, hydrostatics, and construction of machines. A work very necessary to be known by all gentlemen and others that desire to have an insight into the works of nature and art: and extremely useful to all sorts of artificers; particularly to architects, engineers, shipwrights, millwright's, watchmakers, &c. or any that work in a mechanical way",7670-principles of mechanics,1794,English,London,"emerson, william, 1701-1782"
113,464,"ing their Causes, or any otherwise. The *Atomists,* who define Motion to be *a passage from one place to another,* What do they more than put one synonymous Word for another? For what is *Passage* other than *Motion",260300303,"we yet perceive nuthing but motion? The
truth is, we have-the knowledge of many things,
which have no affinity with motion. Motion
can give us no idea of magnitude. Nor can
motion give us any idea of elementary principles.
Is it not too chimerical to say, that the bare
putting together atoms which are dead and
sc:sLiess, is the cause why the compound be-
cuncs endued with all the power",94871,95259,0.777,Meaning Match,T100109,religion,"A view of nature, in letters to a traveller among the Alps. With reflections on Atheistical philosophy, now exemplified in France. By Richard Joseph Sulivan, ...",192095-a view of nature in letters to traveller among alps with reflections on atheistical philosophy now exemplified in france,1794,English,London,"sulivan, richard joseph, sie, 1752-1806"
114,464,"ing their Causes, or any otherwise. The *Atomists,* who define Motion to be *a passage from one place to another,* What do they more than put one synonymous Word for another? For what is *Passage* other than *Motion",208300200,"pure quantum, according to its composition, without
any quality of that which is moveable, and hence may be called
PHORONOMY ; in thefecond, motion is inveltigated in its relation to
the quantity of matter, under the name of an originally moving
power, and is therefore called DYNAMICS ; in the :-.'t, matter is
examined in reciprocal relation to this quantity, by its peculiar
motion, and appears under the title",215032,215445,0.777,Meaning Match,T94613,philosophy,"Elements of the critical philosophy: containing a concise account of its origin and tendency; a view of all the works published by its founder, Professor Immanuel Kant; and a glossary for the Explanation of Terms and Phrases. To which are added: Three philological essays; chiefly translated from the German of John Christopher Adelung; Aulic Counsellor and First Librarian to the Elector of Saxony. By A. F. M. Willich, M.D.",39405-elements of critical philosophy containing concise account of its origin and tendency view of all works published by its founder professor immanuel kant and glossary for explanation of terms and phrases,1798,English,London,"willich, a. f. m., active 1776., (anthony florian madinger)"
115,464,"ing their Causes, or any otherwise. The *Atomists,* who define Motion to be *a passage from one place to another,* What do they more than put one synonymous Word for another? For what is *Passage* other than *Motion",717900700,"to Thinking, or the liberty of
the Will more than another. No such
circular motion of Atoms can be all Exi-
fient at once; of neceflity it must be made
by degrees, and fucceflively both as to
Place and Time; for Material Man cannot
at the fame Instant be in more Places than
one. So that at any instant of time the
moving Atom is but in one single Point
of the Line; therefore all its motion but",98341,98736,0.777,Meaning Match,T101615,religion,"An antidote against infidelity. In answer to a book, intituled, Second thoughts concerning human soul. Wherein the author's arguments are refuted, ... With a full and clear proof of the soul's immortality, ... By a prebyter [sic] of the Church of England.",93937-an antidote against infidelity in answer to book intituled second thoughts concerning human soul,1702,English,London,"hole, matthew, 1639 or 1640-1730"
116,464,"ing their Causes, or any otherwise. The *Atomists,* who define Motion to be *a passage from one place to another,* What do they more than put one synonymous Word for another? For what is *Passage* other than *Motion",1194101100,"left to go on. according to the
,laws of motion among themselves. Hence it is
spoken of as if it were a principle of motion en-
tirely diflin& from nature, and properly set in op-
position to it. Names being commonly given..to

things

things, according to what is most obvious, and is -
fuggeffed. by what appears to the senses without
refleition and research.'

3. It must be observe",74418,74803,0.777,Meaning Match,N3249,philosophy,"A careful and strict enquiry into the modern prevailing notions of that freedom of will, which is supposed to be essential to moral agency, virtue and vice, reward and punishment, praise and blame. By Jonathan Edwards, A.M.",4674-a careful and strict enquiry into modern prevailing notions of that freedom of will which is supposed to be essential to moral agency virtue and vice reward and punishment praise and blame,1775,English,London,"edwards, jonathan, 1703-1758"
117,464,"ing their Causes, or any otherwise. The *Atomists,* who define Motion to be *a passage from one place to another,* What do they more than put one synonymous Word for another? For what is *Passage* other than *Motion",452400900,"fould give Thought and Knowledge to them.

2. If Thinking was any Mode or Species
of Motion, it would follow that All Motion
would be Come degree or kind of Think-
ing. For Motion, in the thing Moved,
excepting only the difference of degrees of
its Swiftness or Slowners, is a Similar
Quiality, and has no variety in it: All its
different Deterninations, or those which
you call its Modes and Species, being nothing",52967,53382,0.777,Topical,T144611,religion,"A third defense of an argument made use of in a letter to Mr Dodwel, to prove the immateriality and natural immortality of the soul. In a letter to the author of the reflexions on Mr Clarke's Second defense, &c.",4199-a defense of argument made use of in letter to dodwel to prove immateriality and natural immortality of soul,1708,English,London,"clarke, samuel, 1675-1729"
118,464,"ing their Causes, or any otherwise. The *Atomists,* who define Motion to be *a passage from one place to another,* What do they more than put one synonymous Word for another? For what is *Passage* other than *Motion",153501100,"their
Effe&s.

§. 21. What Motion is, we describe
There are two Sorts of MOTIONS performed
in an human living Body, viz.

§. 22. I. The-inceant, or fpontanecuts, which
includes the Actions of the Heart, Arteries, and

Lungs

Lungs; and all the Motions produced by Means
of those Ations.

§. 23. All which are vital and incessant, while
Life subsists.

§",31140,31493,0.776,Meaning Match,T58017,science,"A compendium of the practice of physick: or the heads of a system of Practical Physick, Contained in Twenty-Four lectures On the following plan, viz. That Diseases are produced, either, 1. by an Excess in the Quantity of the animal Fluids. Or, 2. by a wrong Quality. Or, 3. by a Deficiency in them; singly, or in some Combination. And therefore I. That Diseases produced by Excess are to be cured by proper Evacuation: And II. Those, which arise from a wrong Quality by alterative Medicines. III. That Distempers resulting from Deficiencies are to be healed by Restoratives. And IV. That Diseases, which are the Effects of combined Causes, are to be removed by combined Remedies. Together with An Account of the Principles, or Rules of Practice recommended in the Lectures; and of Things to be avoided, as prejudicial to the Sick. Whereunto is added, A Letter, shewing what is the proper Preparation of Persons for Inoculation, and for having the Small Pox favourably in the natural Way; and that there are Medicines, which have proved effectual to preserve Persons from the Distemper, tho they had much of the Infection at the Time of their taking them. Published, not only for the Use of those Gentlemen, who may attend the Lectures, but for the Advantage of any, who practice Physick; and also of those, who would not be mismanaged in the Time of Sickness. By Theophilus Lobb, M. D. Member of the College of Physicians, and Fellow of the Royal Society of London.",108018-a compendium of practice of physick or heads of system of practical physick contained in twenty-four lectures on following plan viz,1747,English,London,"lobb, theophilus, 1678-1763"
119,464,"ing their Causes, or any otherwise. The *Atomists,* who define Motion to be *a passage from one place to another,* What do they more than put one synonymous Word for another? For what is *Passage* other than *Motion",252000303,"a
better. If they will define, the definition will either
be grounded upon a hypothesis, or it will darken
the fubjeci rather than throw light upon it.

The Aristotelian definition of motion, that it is
"" iczs cnztis in potentia, quatenus in potentia,"" has been
justly censured by modern Philosophers; yet I think
it is matched by what a celebrated modern Fhilofo-
pher has given us,",7804,8187,0.776,Paraphrase,N8392,philosophy,"Essays on the intellectual and active powers of man. By Thomas Reid, ... In three volumes. ...",7107-essays on active powers of man,1790,English,Dublin,"reid, thomas, 1710-1796"
120,464,"ing their Causes, or any otherwise. The *Atomists,* who define Motion to be *a passage from one place to another,* What do they more than put one synonymous Word for another? For what is *Passage* other than *Motion",219701200,"of Motion;
because the Idea of Thinking and the Idea of
_Motion or any of its Modes, have not the leafi
Likeness or Affinity between them. This, you
fay, proves nothing; because My Idea of
Thinking, is a mere Chimera; but Your Idea
of it, is the fame as your Idea of some lNl-
merical Mode of Motion. I reply; If thisproves
nothing, then neither can any Argument in",441184,441549,0.776,Meaning Match,T38165,philosophy,"A letter to Mr. Dodwell; wherein all arguments in his Epistolary discourse against the immortality of the soul are particularly answered, and the Judgment of the Fathers concerning that Matter truly represented. Together with a defence of an argument made use of in the above-mentioned letter to Mr. Dodwell, to prove the Immateriality and Natural Immortality of the Soul. In four letters to the autho r of Some remarks, &c. To which is added, Some reflections on that part of a book called Amyntor, which relates to the Writings of the Primitive Fathers, and the Canon of the New Testament. By Samuel Clarke, D. D. late Rector of St. James's Westminster.",6127-a letter to dodwell wherein all arguments in his epistolary discourse against immortality of soul are particularly answered and judgment of fathers concerning that matter truly represented,1731,English,London,"clarke, samuel, 1675-1729"
121,464,"ing their Causes, or any otherwise. The *Atomists,* who define Motion to be *a passage from one place to another,* What do they more than put one synonymous Word for another? For what is *Passage* other than *Motion",519300302,"idée de la matière ne ren
fermant pas celle la de force, le mouvement n,
peut pas être une de fes propriétés. Il faut
par conféquent, difoit-il, chercher ailleun
la caufe de fon aétivité. Or , ce princip'
aétif, en tant que caufe du mouvement, i
i'appelloit l'ame, parce qu'il anime l'univers [a],

2. Il diflinguoit entre",354657,354979,0.776,Meaning Match,T139657,literature_and_arts,"La nouvelle cyropédie, ou les voyages de Cyrus. Avec un discours sur la théologie & la mythologie des anciens. Par M. Ramsay. En françois et anglois. ...",238-voyages de cyrus,1786,French,Saint-Malo,"ramsay, chevalier, 1686-1743., (andrew michael)"
122,464,"ing their Causes, or any otherwise. The *Atomists,* who define Motion to be *a passage from one place to another,* What do they more than put one synonymous Word for another? For what is *Passage* other than *Motion",1175500200,"motion; of its bounds,
figure, dimensions and extension.

D E F I N I T I O N VIII.
Extension of a body is that propertyi
whereby it occupies space; whence its mag-

nitude,

nitude, dimensions, limits, and figure; its
divisibility and parts; their quantity, &c.
which are modes of being depending on
matter.

DEFINITION IX.
Inative matter (by its title)",37001,37355,0.776,Meaning Match,N31268,philosophy,An essay on the investigation of the first principles of nature: together with the application thereof to solve the phænomena of the physical system. Part I. Containing a new philosophical theory; ... By Felix O'Gallagher.,15329-essay on investigation of first principles of nature,1784,English,London,"o'gallagher, felix"
123,464,"ing their Causes, or any otherwise. The *Atomists,* who define Motion to be *a passage from one place to another,* What do they more than put one synonymous Word for another? For what is *Passage* other than *Motion",535200104,"most men speak of the proposed diftintion of
motion in so obscure or lo uncertain a way,
that it is not easy to know, what they mean
by either of the members of it. But yet
some there are, who endeavour to speak in-
telligibly, (and for that are to be commend-
ed) and define natural motion to be that,
whose principle is within the moving body
itself; and violent motion that, which bodies
are put",2131714,2132112,0.775,Meaning Match,T4460,science,The works of the Honourable Robert Boyle. In five volumes. To which is prefixed the life of the author. ...,110819-works of honourable robert boyle in five volumes,1744,English,London,"Boyle, Robert, 1627-1691."
124,464,"ing their Causes, or any otherwise. The *Atomists,* who define Motion to be *a passage from one place to another,* What do they more than put one synonymous Word for another? For what is *Passage* other than *Motion",556500601,"Motion, or the
Degrees of Force, which are found in the
Body.

Arift. I perfectly apprehend your Meaning.
The Determination of Motion is its Direction
towards one Part rather than towards another.
The Velocity of Motion is its Relation to the

greater

4- .2~ ~ P
~~~~iU~i

-""-.-A **~---~~

I--

t~~~~·-

greater or smaller Length, both of the Time
and of",111671,112026,0.775,Meaning Match,T109105,science,"Philosophical conversations: or, a new system of physics, by way of dialogue. With eighty nine copper plates. Written in French by Father Regnault of the Society of Jesus Translated into English and illustrated with Notes by Thomas Dale, M. D. In Three Volumes. ...",184420-entretiens physiques dariste et deudoxe,1731,English,London,"regnault, pere, 1683-1762., (noel)"
125,464,"ing their Causes, or any otherwise. The *Atomists,* who define Motion to be *a passage from one place to another,* What do they more than put one synonymous Word for another? For what is *Passage* other than *Motion",1375400200,"or motion~s, which they com-
alnumcate to our organs.

40. You fee, that all is aaion in nature, and

yet pretend that nature, by itse~lf, is dead and
without power. Youjmagine, that this all, es.

feantially

£entially adi~ng, needs ·a mover )· What then is
this mover ? It is a [pirit ; a being a~bolutely inc
comprehensible and",42586,42916,0.775,Topical,W30577,religion,"Common sense: or, natural ideas opposed to supernatural. [Two lines in Latin from Petronius] Translated from the French",2462-bon-sens,1795,English,[New York],"holbach, paul henri thiry, baron d', 1723-1789"
126,464,"ing their Causes, or any otherwise. The *Atomists,* who define Motion to be *a passage from one place to another,* What do they more than put one synonymous Word for another? For what is *Passage* other than *Motion",1127400400,"Atom
cannot think, nor is acted upon by other
Matter mechanically, how can it either
move itself, or know the Proportions
there is in other Parcels of Matter, at
immense Difiances, and the proportions
of the Diflances to steer always a proper
Course ?

They also tell us, that one solid Sub-
stance, or mass of Substances, being by
Chance, or any way, for they tell us
not how, moving,",106553,106938,0.775,Topical,T170232,philosophy,"Moses's principia. Part II. Of the Circulation of the Heavens. Of the Cause of the Motion and Course of the Earth, Moon, &c. Of the Religion, Philosophy, and Emblems of the Heathens before Moses writ, And of the Jews after. In Confirmation of the Natural History of the Bible. With notes. By J. H.",4980-mosess principia,1727,English,London,"hutchinson, john, 1674-1737"
127,464,"ing their Causes, or any otherwise. The *Atomists,* who define Motion to be *a passage from one place to another,* What do they more than put one synonymous Word for another? For what is *Passage* other than *Motion",109000501,"phenomenon of
motion can any where exifr where there is not
thought. Motion may be distributed into four
ciafies; the simpler motions .which result from
what are called the essential properties of matter
and the laws of impulse; the more complex ones
which cannot be accounted for by the assumption
of these laws, such as gravitation, elasticity,
electricity and magnetism; and the motions of
the vegetable and animal systems. Each of these",498767,499207,0.775,Meaning Match,N6481,philosophy,"An enquiry concerning political justice, and its influence on general virtue and happiness, by William Godwin. In two volumes. ...",10279-enquiry concerning political justice and its influence on morals and happiness,1793,English,Dublin,"Godwin, William, 1756-1836."
128,464,"ing their Causes, or any otherwise. The *Atomists,* who define Motion to be *a passage from one place to another,* What do they more than put one synonymous Word for another? For what is *Passage* other than *Motion",1168000500,"several Quantities, and

ualities of all Things. Now these last
are ADJECTIVES; those which denote
Motions, or their Privation, are either
VERBS or PARTICIPLES.

AND this Circumstance leads to a far-
ther DiffinEion, which may be explained
as follows. That all Motion is in Time,
and therefore, wherever it exists, implies
Time as its concomitant, is evident to all",101644,102009,0.775,Meaning Match,T146749,philosophy,Hermes or a philosophical inqviry concerning vniversal grammar by Iames Harris Esq.,7465-hermes or philosophical inqviry concerning vniversal grammar,1771,English,London,"harris, james, 1709-1780"
129,464,"ing their Causes, or any otherwise. The *Atomists,* who define Motion to be *a passage from one place to another,* What do they more than put one synonymous Word for another? For what is *Passage* other than *Motion",1665300112,"pretend to de- definuuots
fine motion, by calling it a passage or removal of one of.
part of matter, out of the neighbourhood of tho'e
parts to which it is immediately contiguous, into the
neighbourhood of others. Borelli defines motion to
be the successive pafflage of a body from place to place.
Others fay that it is the applicationgof a body to dif-
ferent parts of infinite andlim",2542266,2542651,0.775,Meaning Match,T197400,education,"Encyclopaedia Britannica; or, a dictionary of arts, sciences, and miscellaneous literature on a plan entirely new. ...","X-encyclopaedia britannica; or, a dictionary of arts, sciences, and miscellaneous literature on a plan entirely new. .",1790,English,Dublin,
130,464,"ing their Causes, or any otherwise. The *Atomists,* who define Motion to be *a passage from one place to another,* What do they more than put one synonymous Word for another? For what is *Passage* other than *Motion",62800800,"Definition of Motion, that
it is a 2ranJlatioi of Bodies from /lace to
Place; for Motion runs thro' Bodies, and
prosecutes its Course, where the Bcdies 'tis
imprefs'd upon, are themselves fixed and un-
moveable, and without any fuchTranflation
either of the whole Body, or Alteration of
the Body's Constitution by Cession of the
Particles inward: As for Example,",98913,99275,0.775,Meaning Match,T112146,religion,"The doctrine of light, sight, and colours, and our notions of the nature of them reform'd. Or, an essay to solve and explain the phenomena of vision, by a new hypothesis; and to shew, that light is not by any rays or emanations from the sun. By Mr. Place. ...",104927-doctrine of light sight and colours and our notions of nature of them reformd or essay to solve and explain phenomena of vision by new hypothesis and to shew that light is not by any rays or emanations from sun by mr place,1738,English,London,
131,464,"ing their Causes, or any otherwise. The *Atomists,* who define Motion to be *a passage from one place to another,* What do they more than put one synonymous Word for another? For what is *Passage* other than *Motion",818000104,"This definition is incumbered with greater
difficulties than the antecedent ones. All the
modern philosophers oppose it, although for
diftin& and contrary reasons. Gaffendo, father
Maignan, and the other atomists, attribute
motion ab intrinfico to atoms, from which dog-
ma it will follow, that motion ab intrinfico, is
not diftintly peculiar to living animals. The
Cartesians are very positive in maintaining,",107340,107750,0.775,Meaning Match,T131931,unknown,"Essays, or discourses, selected from the works of Feyjoo, and translated from the Spanish, by John Brett, Esq. ...",126552-essays or discourses selected from works of feyjoo and translated from spanish by john brett,1780,English,London,"feijoo y montenegro, benito jeronimo, 1676-1764"
132,464,"ing their Causes, or any otherwise. The *Atomists,* who define Motion to be *a passage from one place to another,* What do they more than put one synonymous Word for another? For what is *Passage* other than *Motion",178700200,"d it is air. Nor do any of these philofo-
phers seem to have been aware of this question,
Who is the author of motion, orfrom whence did
motion take its rie ? But other philosophers, who
professed one cause not sufficient to the produc-
tion and formation of the universe, introduced
some of them two causes; and others, four:
and in this view of things, they attribute the
effciency, or the power",457915,458312,0.775,Meaning Match,T73542,religion,"The necessity of revelation: or an enquiry into the extent of human powers with respect to matters of religion; Especially those two fundamental Articles, The Being of God, and The Immortality of the Soul. By Archibald Campbell, D. D. Regius Professor of Divinity and Ecclesiastical History in the University of St. Andrews.",147678-necessity of revelation or enquiry into extent of human powers with respect to matters of religion especially those two fundamental articles being of god and immortality of soul by archibald campbell d d regius professor of divinity and ecclesiastical history in university of st andrews,1739,English,London,"campbell, archibald, 1691-1756"
133,464,"ing their Causes, or any otherwise. The *Atomists,* who define Motion to be *a passage from one place to another,* What do they more than put one synonymous Word for another? For what is *Passage* other than *Motion",1268700600,"our, but the Principles of
Body will be never a whit the less noble.

You tell me my Definition of Motion is
very faulty, because it only agrees with local
* Motion. And suppose I be minded to define
only Local Motion, or to call nothing Motion
but what is Local, what ill Consequence can
you infer from hence ? Consequence ! Why,
mercy upon us ! at this rate Generation, Cor-
ruption, Augment",227695,228088,0.774,Meaning Match,T183770,philosophy,"A discourse of logomachys, or controversys about words, so common among learned men. To which is added, a dissertation concerning meteors of stile, or false sublimity. Both written in Latin, by Samuel Werenfelsius of Basil, and translated into English.",53623-dissertatio de logomachiis,1711,English,London,"werenfels, samuel, 1657-1740"
134,464,"ing their Causes, or any otherwise. The *Atomists,* who define Motion to be *a passage from one place to another,* What do they more than put one synonymous Word for another? For what is *Passage* other than *Motion",963200102,"Motion, That whatsoever is mov'd, is mov'd
by some other thing, or that nothing can move it self;

it

it thence unavoidably follows, that there is no eternal
ftnmov'd Mover: but on the contrary, there was an
eternal Moved; or that one thing was mov'd by ano-
ther from Eternity infinitely, without any fir/ Mover
or Cause",515554,515876,0.774,Meaning Match,T144036,philosophy,"An abridgment of Dr. Cudworth's True intellectual system of the universe. In which all the arguments for and against atheism are clearly stated and examined. To which is prefix'd, An Examination of what that learned Person advanc'd touching the Doctrine of a Trinity in Unity, and the Resurrection of the Body. In two volumes.",5577-true intellectual system of universe,1732,English,London,"cudworth, ralph, 1617-1688"
135,464,"ing their Causes, or any otherwise. The *Atomists,* who define Motion to be *a passage from one place to another,* What do they more than put one synonymous Word for another? For what is *Passage* other than *Motion",37300100,"which bodies move, are diredly as
the spaces they describe, and inversely as the times in which'they describe
these spaces.
It is manifest, that the degree of velocity increases as the space a body passes over in a
given time increases, and as the time in which it passes over a given space decreases; and the
reverse. For example; If. one ball A move over fix feet, and another ball B over three feet",47429,47830,0.774,Topical,T105930,science,"Institutes of natural philosophy, theoretical and experimental. By William Enfield, LL.D.",25105-institutes of natural philosophy theoretical and experimental by william enfield ll,1799,English,London,"enfield, william, 1741-1797"
136,464,"ing their Causes, or any otherwise. The *Atomists,* who define Motion to be *a passage from one place to another,* What do they more than put one synonymous Word for another? For what is *Passage* other than *Motion",679400500,"is, what is the Mover ?-On this Question
, our Philosophers are undetermined--dubious
f' till upon the Point, because ignorant of that
, mechanical Contrivance, by which one Part of
, the Creation is made to as upon, and give Mo-

,' ion to itself and the reft."" If I should fay that
one Wheel of a Clock moves another, and so on, I
do not",228192,228531,0.774,Topical,T64936,religion,"A defence of Mr. Hutchinson's tenets in philosophy and divinity, In Answer to the objections of Mr. Berington. By Julius Bate, M.A.",150768-a defence of mr hutchinsons tenets in philosophy and divinity in answer to objections of mr,1751,English,London,"bate, julius, 1711-1771"
137,464,"ing their Causes, or any otherwise. The *Atomists,* who define Motion to be *a passage from one place to another,* What do they more than put one synonymous Word for another? For what is *Passage* other than *Motion",88200107,"fc of atoms. They could never meet if they moved with equal speed. Pri-
mitive atoms, being the fmilllft parts of matter, would move more slowly than bodies of greater
bulk, which have more gravity; yet there are absurdly fuppofd to move the fwiftelt. His asser_
tion, that fame primitive atoms have a dirci', and others an inclining motion, implies a contra.
!if",2719490,2719853,0.774,Topical,T2891,literature_and_arts,A complete edition of the poets of Great Britain. ...,X-a complete edition of the poets of great britain. .,1795,English,London,
138,464,"ing their Causes, or any otherwise. The *Atomists,* who define Motion to be *a passage from one place to another,* What do they more than put one synonymous Word for another? For what is *Passage* other than *Motion",184800900,"less you suppose it to have been
eternal) must have derived its origin from an.
immaterial agent. Nor is this all. Some of
the most illustrious disciples of the Newto-
nian school contend farther, that not only
the origin of motion, but the continuance of
it also, requires the perpetual agency of some-
thing different from, and superior to, matter.
They think it clear to demonstration, that all
the great movements of the",127711,128135,0.774,Topical,T81989,religion,"Sermons on several subjects. By the Right Reverend Beilby Porteus, D. D. Bishop of Chester.",1857-sermons on several subjects,1783,English,London,"porteus, beilby, lord bishop, 1731-1809"
139,464,"ing their Causes, or any otherwise. The *Atomists,* who define Motion to be *a passage from one place to another,* What do they more than put one synonymous Word for another? For what is *Passage* other than *Motion",1166800100,"or
Motion, were other than jaft what they
are ; or to fnppofe more or fewer Plants
or Animals upon this Earth, or of other

Sizes

Sizes or Shapes, than what they are
The Author uses the fame way and man-
ner of Reasoning as to Motion, and re.
futes, in few Words, those who pretend,
that if Motion is not essential to Matter.,
it at leaR includes a certain coI",16607,16968,0.773,Topical,T26518,religion,"An abstract and judgment of Dr. Clark's (rector of St. James's) polemical or controversial writings against I. The atheists. II. The Deists. III. His controversy with Mr. Dodwell and Mr. Collins, about the Spirituality and Natural Immortality of Humane Souls. Together with his several Answers, Defences, and Replies to Mr. Collins. IV. And Lastly, His Opinion and Judgment of the Dr's last Famous Book, concerning the Scripture Doctrine of the Trinity. By Mr. Le Clerc, Professor of Ecclesiastical History at Amsterdam. Translated from the French, of the 3d article of 2 part of the 26th tome of his Bibl. Choisie. Under Ten Heads, or Sections.",83000-bibliothèque choisie,1713,English,London,"le clerc, jean, 1657-1736"
140,464,"ing their Causes, or any otherwise. The *Atomists,* who define Motion to be *a passage from one place to another,* What do they more than put one synonymous Word for another? For what is *Passage* other than *Motion",32000200,"kind of motion which we have
been speaking of, has a general, a total, or what may be
called it's compound motion; a motion in which all it's
parts unite.-This motion liows us that the universe is not
comprised in the globe; for this motion mufl have the fame
kind of relation to, and dependence on, some other body,
that the motions of our bodies have to the globe.

Besides, the",48116,48496,0.773,Meaning Match,W31979,philosophy,An essay on matter. In five chapters. [Eight lines from Pope].,111886-an essay on matter in five chapters,1784,English,Philadelphia,
141,464,"ing their Causes, or any otherwise. The *Atomists,* who define Motion to be *a passage from one place to another,* What do they more than put one synonymous Word for another? For what is *Passage* other than *Motion",1739500100,"the motion of atoms doth
tend to some center; and whether it be continuant or interrupted and, lJaftly,
whether it be perpendicular or horizontal, parallel or declined, right or parabolical,
or circular.

In order to solve this dimiiculty, I suppose that atoms may be considered in a double

state: the first Rate is before the compolition of the bodies which are made of them,
and may be called the state of",72026,72434,0.773,Topical,T155164,science,"A key to physic, and the occult sciences. Opening to mental view, the system and order of the interior and exterior heavens; the analogy betwixt angels, and spirits of men; and the sympathy between celestial and terrestrial bodies. From whence is deduced, an obvious discrimination of future events, in the motions and positions of the luminaries, planets, and stars; the universal spirit and economy of nature, in the production of all things; the principles of etherial, and atmospherical influx, in constituting the proper recipient of life; the active and passive tinctures requisite in the generation of men and brutes; and the foundation and necessity of that invisible agitation of matter, which stimulates and impels every living creature to the act of begetting its like; the properties of vegetable, mineral, and animal magnetism: the fundamental causes and qualities, visible or occult, of all diseases, both of mind and body, and the simple modes prescribed by nature for their prevention and cure. To which are added, lunar tables, calculated from sidereal motion; exhibiting upon the most simple, yet unerring construction, the actual moment of the crisis of every disease, and the consequent termination thereof, whether for life or death. The whole forming an interesting supplement to culpeper's family physician, and display of the occult sciences; published for the good of all who search after truth and wisdom; to preserve to all the blessings of health and life; and to give to all the knowledge of primitive physic, and the art of healing. By E. Sibly, M.D. F.R.H.S. Illustrated with elegant copper plates",95713-a key to physic and occult sciences opening to mental view system and order of interior and exterior heavens analogy betwixt angels and spirits of men and sympathy between celestial and terrestrial bodies,1795,English,London,
142,464,"ing their Causes, or any otherwise. The *Atomists,* who define Motion to be *a passage from one place to another,* What do they more than put one synonymous Word for another? For what is *Passage* other than *Motion",303601302,"On
regardait donc le mouvement comme elfcntiel à
la matiére. Le cahos avait eté un mouvement
confus; & l'arrangement de l'univers un mou-
vement régulier imprimé à tous les corps par
Ic maître du inonde. Mais comment la matiére
aurait-elle le mouvement par elle-nmme? Com-
me elle a, felon tous les anciens, l'étenduië :
impénétrabilité.

Aa",115781,116122,0.773,Meaning Match,N28464,philosophy,"Dictionnaire philosophique, portatif. Tome Premier. A - G.",1152-dictionnaire philosophique portatif,1767,French,London,"voltaire, 1694-1778"
143,464,"ing their Causes, or any otherwise. The *Atomists,* who define Motion to be *a passage from one place to another,* What do they more than put one synonymous Word for another? For what is *Passage* other than *Motion",287500101,"Motion still: and
suppose what Contexture or Modifications you
will; what is Motion, under all Determinati-
ons, Collisions and Combinations, but change
of Place ? and, how can change of Place pro-
duce Thinking, under any variety of Contex-
ture in the Particles of Matter ? Free-will is
impossible to be accounted for by Matter and
Motion, as Epiciurns found, who, was therefore
forced to have recourse",43443,43847,0.773,Meaning Match,T138432,religion,"The reasonableness and certainty of the Christian religion. ... By Robert Jenkin, late Fellow of St. John's College in Cambridge.",5835-reasonableness and certainty of christian religion,1708,English,London,"jenkin, robert, 1656-1727"
144,464,"ing their Causes, or any otherwise. The *Atomists,* who define Motion to be *a passage from one place to another,* What do they more than put one synonymous Word for another? For what is *Passage* other than *Motion",282800700,"not to propose
the Principles of Motion above-mention'd, they
being of very general Extent, and leave their
Causes to be found out.

Now by the help of there Principles, all ma-
terial Things seem to have been compoied of

the

the hard and solid Particles above-tnention'd,
variously associated in the first Creation by the
Counfcl of an intelligent Agent. For it became
him who created them to set them",557144,557548,0.773,Meaning Match,T69138,science,"Opticks: or, a treatise of the reflections, refractions, inflections and colours of light. The fourth edition, corrected. By Sir Isaac Newton, Knt.",4841-opticks,1730,English,London,"newton, isaac, sir, 1642-1727"
145,464,"ing their Causes, or any otherwise. The *Atomists,* who define Motion to be *a passage from one place to another,* What do they more than put one synonymous Word for another? For what is *Passage* other than *Motion",53500101,"of Motion in us; for
several Inanimate Things impart Motion: So does
the Loadflone to the Iron ; the Amber to the
Straw; Medicines, and Drugs, and Roots of Trees,
when diy'd, and cut to pieces, draw and create
very firong Motions. Nor is it the Aft, Life, E-
nrj', or lef.ciita, (for lr'ifoilc's",152152,152447,0.772,Topical,T75071,philosophy,"Of wisdom. Three books. Written originally in French, by the Sieur de Charron. With an account of the author. Made English by George Stanhope, D.D. Dean of Canterbury, and Chaplain in Ordinary to Her Majesty.",1088-de la sagesse,1707,English,London,"charron, pierre, 1541-1603"
146,464,"ing their Causes, or any otherwise. The *Atomists,* who define Motion to be *a passage from one place to another,* What do they more than put one synonymous Word for another? For what is *Passage* other than *Motion",361000400,"that Substance. Motion
is the Mode of a Body; but'ihe Swiftness, or Slow-
n.ss of it, of its DiieSioti to the North oir Suth,

*."" * * '* are

are but Modes of Motion. Walking is the Mode
or Mannrer of a Man, or of a Beacft but Walking
gracefully implies a Manner or Mode superadded
to that Ation. All'comparative and",52238,52555,0.772,Meaning Match,T121802,philosophy,"Logick: or, the right use of reason in the inquiry after truth. With a variety of rules to guard against error, In The Affairs Of Religion And Human Life, As well as in the Sciences. By Isaac Watts, D.D.",468-logick or right use of reason in inquiry after truth,1782,English,London,"watts, isaac, 1674-1748"
147,464,"ing their Causes, or any otherwise. The *Atomists,* who define Motion to be *a passage from one place to another,* What do they more than put one synonymous Word for another? For what is *Passage* other than *Motion",303900101,"ritual. When one body moves another there flows some-
' thing or nothing out of the moving body to transport the
' body mov'd. If nothing, then how can nothing be a cause?
' if fomcthing,then this something is either material or fpiri-
tual; if material, what moves it? fincethe idea of matter does
not include that of force: if spiritual, then when one body
communicates a part of its motion to",424752,425147,0.772,Meaning Match,T68477,religion,The philosophical principles of natural and revealed religion. Unfolded in a geometrical order by the Chevalier Ramsay Author of the Travels of Cyrus.,50259-philosophical principles of natural and revealed religion unfolded in geometrical order by chevalier ramsay author of travels of cyrus,1748,English,Glasgow,"ramsay, chevalier, 1686-1743., (andrew michael)"
148,464,"ing their Causes, or any otherwise. The *Atomists,* who define Motion to be *a passage from one place to another,* What do they more than put one synonymous Word for another? For what is *Passage* other than *Motion",847500100,"these Atoms to be felf-exiftent,
felf-moving, and obliquely directed, and to meet
according to any Laws of Mechanism, yet they
Could only produce loose Heaps of Atoms, or
such moveable ones that arc altogether unlike
She solid Bodies we now behold. So that, to
account for the Production of this prefcnt
State of Things, beftdes their Matter and Mo-
tion, the",190882,191241,0.772,Meaning Match,T78567,religion,"Philosophical principles of religion. Natural and revealed. In two parts. Part I. Containing the Elements of Natural Philosophy, and the Proofs of Natural Religion arising from them. Part II. Containing the Nature and Kinds of Infinites, their Arithmetic and Uses; together with the Philosophic Principles of Revealed Religion. By George Cheyne, M. D. Fellow of the Royal Society.",3330-philosophical principles of religion natural and revealed,1736,English,London,"Cheyne, George, 1671 or 1672-1743"
149,464,"ing their Causes, or any otherwise. The *Atomists,* who define Motion to be *a passage from one place to another,* What do they more than put one synonymous Word for another? For what is *Passage* other than *Motion",1524900100,"Motions, all their Makes;
Design implies Intelligence, and Art:
That can't be from themfelvea-or Man; that Art:
Man scarce can comprehend, could Man bellow ?
And nothing greater, yet allow'd, than Man.-
Who, Motion, foreign to the smallest Grain,
Shot thro' vail Masses of enormous Weight ?
Who bid brute Matter's restive Lump assume
Such various Forms",69720,70072,0.772,Topical,T175833,education,"A Selection of prose and poetic lessons, on the most sublime and interesting subjects, proper to be impressed on the minds of youth","X-a selection of prose and poetic lessons, on the most sublime and interesting subjects, proper to be impressed on the",1789,English,Exeter,
150,464,"ing their Causes, or any otherwise. The *Atomists,* who define Motion to be *a passage from one place to another,* What do they more than put one synonymous Word for another? For what is *Passage* other than *Motion",35400100,"of Motion is
comprehended, in the relation of
Space and Duration.

Duration is measured by the re-
lation which it admits of with ex-
tension.

Measures of Duration :-

-Astronomical.
-Civil.
Our feelings of the elapse of

Time, are measured,-
-by the character of the ob-

jeds, which engage the at-
tention.
-by the character of our pas-

sions.

S E C T.",53801,54158,0.772,Meaning Match,T90729,philosophy,"First principles of philosophy, and their application to the subjects of taste, science, and history. By John Bruce, A. M. Professor of Philosophy in the University, and Fellow of the Royal Society of Edinburgh.",106414-first principles of philosophy and their application to subjects of taste science and history,1785,English,Edinburgh,"bruce, john, 1745-1826"
151,464,"ing their Causes, or any otherwise. The *Atomists,* who define Motion to be *a passage from one place to another,* What do they more than put one synonymous Word for another? For what is *Passage* other than *Motion",164300900,",

MOTION, the last relation common to every
being, ought to be considered as the mobility only,
or the faculty of being moved, which belongs to all
bodies,

FS And

And here we have to study two very dis-
tinA effects of Motion ; namely, the revolution of
the celefial Bodies, the Phenomena that belong
to the general System of the Universe; and the
motion of Bodies terrestial. In this study",35587,35980,0.772,Meaning Match,T108653,philosophy,"An essay on an analytical course of studies, containing a complete system of human knowledge, by J. B. Florian, A.M.",170214-an essay on analytical course of studies containing complete system of human knowledge by j b florian am,1796,English,London,
152,464,"ing their Causes, or any otherwise. The *Atomists,* who define Motion to be *a passage from one place to another,* What do they more than put one synonymous Word for another? For what is *Passage* other than *Motion",508800300,"que fon mouvement vient d'un autre
principe, qu'un bon efprit ne confondra jamais avec celui qui le
contient,je veux dire, avec la matière ou la fubftance des corps,
parce que l'idée de l'un, & l'idée de l'autre, forment deux
idées intelleEuelles, auffi différentes que l'alif& le palif. Si
donc il eft dans les corps un principe moteur, & qu'",216172,216515,0.772,Meaning Match,T100405,philosophy,Ouvres philosophiques.,124776-oeuvres philosophiques,1751,French,Berlin,"la mettrie, julien offray de, 1709-1751"
153,464,"ing their Causes, or any otherwise. The *Atomists,* who define Motion to be *a passage from one place to another,* What do they more than put one synonymous Word for another? For what is *Passage* other than *Motion",655600900,"seem obnoxious: for I fancy I have
' made it very clear, that Motion is but
' Matter under a certain Consideration,
'tho it does not imply or exhaust the
'whole Idea of Matter, no more than
' Extenjfon does.- Indeed it would
' be a Contradiaion that Motion was es-
' fential to Matter, and yet that only
' some parts of Matter, and on certain
' Occaions",100954,101307,0.772,Meaning Match,T130557,history,"An historical account of the life and writings of the late eminently famous Mr. John Toland. Containing, I. A faithful Extract of his Works, and an Account of his Travels in Germany, Holland, &c. II. An Account of the Controversies wherein he was engaged, and a particular Enquiry into his Principles; His Philosophick Resignation to the Divine Will, and his Notions of Futurity at the Time of his Decease. III. An exact Catalogue of his Writings, published both with, and without his Name, and of the Manuscripts he left behind him. By one of his most intimate friends. In a letter to the Lord ****",43527-life of mr john gay author of beggars-opera,1722,English,London,"Curll, Edmund, 1675-1747"
154,464,"ing their Causes, or any otherwise. The *Atomists,* who define Motion to be *a passage from one place to another,* What do they more than put one synonymous Word for another? For what is *Passage* other than *Motion",625800401,", Some have, even,
gone lb far as to dispute the very Existence of
Motion, how much more perplexing must it be
to form a Conception, not only, of the Velocity
of a Motion, but also in infinite Changes and As-
sections of It, in one and the fame Point, where
all the Orders of Fluxions are to be confidered ?

SE C I N the Notion of a Fluxion, according
to our",4185,4544,0.771,Meaning Match,T77585,science,"The doctrine and application of fluxions. Containing (besides what is common on the subject) a number of new improvements in the theory. and The Solution of a Variety of New, and very Interesting, Problems in different Branches of the Mathematicks. Part I. By Thomas Simpson, F.R.S.",56674-doctrine and application of fluxions containing besides what is common on subject number of new improvements in theory,1776,English,London,"simpson, thomas, 1710-1761"
155,464,"ing their Causes, or any otherwise. The *Atomists,* who define Motion to be *a passage from one place to another,* What do they more than put one synonymous Word for another? For what is *Passage* other than *Motion",1660900103,"motion, is
the motion changed ; the generation of
motion, is the motion produced ; and
the destroying of motion, is making a
thiingce.le to move..

7/llfl.3 Turn a coffee-mill, you ge-
nerate a motion; turn it back, you al-
rer the motion ; let it alone, and you
destroy the motion.

3. The a6tion and re-action between
two bodies are equal, and in contrary
dire",574260,574622,0.771,Meaning Match,P2253,literature_and_arts,The Edinburgh magazine,X-the edinburgh magazine,1762,English,Edinburgh [Scotland],
156,464,"ing their Causes, or any otherwise. The *Atomists,* who define Motion to be *a passage from one place to another,* What do they more than put one synonymous Word for another? For what is *Passage* other than *Motion",394700500,".
MOTION, is a Continual and
Succeflive Mutation of Place, and is
either Absolute or Relative.
i. Abfalute Motion, is the Change
of the Locus Abfolutus of any moving
Body, and therefore, its Celerity
will be measured by the Quantity
of the absolute Space, which the
moveable Body has run through.
But,
2. Relatilve Motion, is the Muta-
tion of the Relative or Vulgar Place
of",1079752,1080127,0.771,Meaning Match,T109457,science,"A new mathematical dictionary: wherein is contain'd, not only the explanation of the bare terms, But likewise an History of the rise, progress, State, Properties, &c. of things, both in pure mathematics, and natural philosophy, So far as these last come under a Mathematical Consideration. The second edition, with large additions. By E. Stone, F.R.S.",49776-a new mathematical dictionary wherein is containd not only explanation of bare terms but likewise history of rise progress state properties andc,1743,English,London,"stone, edmund, -1768"
157,464,"ing their Causes, or any otherwise. The *Atomists,* who define Motion to be *a passage from one place to another,* What do they more than put one synonymous Word for another? For what is *Passage* other than *Motion",734800400,"5. Velocity is a property of motion, by which a
body passes over a certain space in a certain time.
And is greater or leffir, as it panles over a greater
or lesser space in a certain time, as suppose a second.

6. Motion is a continual and fuccelfive change of
place. If the body moves equally, it is called
equable or uniform motion. If it increases, or decreases
it is called accelerated or",41532,41924,0.771,Meaning Match,T77186,science,"Tracts: containing I, Mechanics, or the doctrine of motion. II. The projection of the sphere. III. The laws of centripetal and centrifugal force. By William Emerson. A new edition. To which is prefixed, some account of the life and writings of the author, by the Rev. W. Bowe, Of Scorion, near Catterick, Yorkshire.",125414-tracts containing i mechanics or doctrine of motion,1793,English,London,"emerson, william, 1701-1782"
158,464,"ing their Causes, or any otherwise. The *Atomists,* who define Motion to be *a passage from one place to another,* What do they more than put one synonymous Word for another? For what is *Passage* other than *Motion",935301000,"ity through

which

which it is carried, why it should not move di-
realy; neither is there any Change made in the
Atom itself, that it -hould not retain the Mo-
tion natural to it, by Force of its Weight or
Gravity.

As for the whole Atomical Hypothesis, either
Epicurean or Democritick, I shall not, nor need
I, spend Time to confute it; this having been
already solidly and sufficiently",62633,63022,0.771,Meaning Match,T93659,religion,"The wisdom of God manifested in the works of the creation. In two parts. Viz. The Heavenly Bodies, Elements, Meteors, Fossils, Vegetables, Animals, (beasts, Birds, Fishes, and Insects) more particularly in the Body of the Earth, its Figure, Motion, and Consistency; and in the admirable Structure of the Bodies of Man and other Animals; as also in their Generation, &c. With answers to some objections. By John Ray. late Fellow of the Royal Society.",965-wisdom of god manifested in works of creation in two parts,1743,English,London,"ray, john, 1627-1705"
159,464,"ing their Causes, or any otherwise. The *Atomists,* who define Motion to be *a passage from one place to another,* What do they more than put one synonymous Word for another? For what is *Passage* other than *Motion",365000100,"moved by'an-
other. For it is impollible, that what moveth, and is moved
by another, (hould proceed in infinitum! Arit. Phyf. L g. c. g.
' Solum quod feipfum movet, quod nunsuam deferitur a fc,
nunqu am ne moveri quidem definit: quinetiam cacteris quae
moventur, hic sons, hoc principium eft movendi. Principii",141646,141956,0.771,Topical,T70270,religion,"Physico-Theology: or, a demonstration of the being and attributes of God, from His works of creation. Being the substance of sixteen sermons, Preached in St Mary-le-Bow Church, London; At the Honourable Mr Boyle's Lectures, in the Years 1711, and 1712. With large Notes, and many curious Observations. By W. Derham, D. D. late Canon of Windsor, Rector of Upminster in Essex, and F. R. S.",829-physico-theology or demonstration of being and attributes of god from his works of creation,1773,English,Edinburgh,"derham, w., 1657-1735., (william)"
160,464,"ing their Causes, or any otherwise. The *Atomists,* who define Motion to be *a passage from one place to another,* What do they more than put one synonymous Word for another? For what is *Passage* other than *Motion",1192700700,"move more than one way at once ?
And if it moves but one way, how can it move all the opposite Bodies with
their peculiar Propagations?

M m

But

Sensible Mo- 5. But to this it may be answered, first, that there are in every sensible Point
mentscompofed of Matter a sufficient number of diftint Particles to convey every one of thole
f nfinzte'otMer.Motions diftina, without interfer",660807,661191,0.771,Topical,T71737,science,"The posthumous works of Robert Hooke, M.D. S.R.S. Geom. Prof. Gresh. &c. containing his Cutlerian lectures, and other discourses, read at the meetings of the illustrious Royal Society. In which I. The present Deficiency of Natural Philosophy is discoursed of, with the Methods of rendering it more certain and beneficial. II. The Nature, Motion and Effects of Light are treated of, particularly that of the Sun and Comets. III. An Hypothetical Explication of Memory; how the Organs made use of by the Mind in its Operation may be Mechanically understood. IV. An Hypothesis and Explication of the cause of Gravity, or Gravitation, Magnetism, &c. V. Discourses of Earthquakes, their Causes and Effects, and Histories of several; to which are annext, Physical Explications of several of the Fables in Ovid's Metamorphoses, very different from other Mythologick Interpreters. VI. Lectures for improving Navigation and Astronomy, with the Descriptions of several new and useful Instruments and Contrivances; the whole full of curious Disquisitions and Experiments. Illustrated with sculptures. To these discourses is prefixt the author's life, giving an Account of his Studies and Employments, with an Enumeration of the many Experiments, Instruments, Contrivances and Inventions, by him made and produc'd as Curator of Experiments to the Royal Society. Publish'd by Richard Waller, R. S. Secr.",102772-posthumous works of robert hooke md srs geom prof gresh containing his cutlerian lectures and other discourses read at meetings of illustrious royal society in which i present deficiency of natural philosophy is discoursed of with methods of rendering it more certain and beneficial ii nature motion and effects of light are treated of particularly that of sun and comets iii hypothetical explication of memory how organs made use of by mind in its operation may be mechanically understood iv hypothesis and explication of cause of gravity or gravitation magnetism v discourses of earthquakes their causes and effects and histories of several to which are annext physical explications of several of fables in ovids metamorphoses very different from other mythologick interpreters vi lectures for improving navigation and astronomy with descriptions of several new and useful instruments and contrivances whole full of curious disquisitions and experiments illustrated with sculptures to these discourses is prefixt authors life giving account of his studies and employments with enumeration of many experiments instruments contrivances and inventions by him made and producd as curator of experiments to royal society publishd by richard waller r s secr,1705,English,London,"Hooke, Robert, 1635-1703."
161,464,"ing their Causes, or any otherwise. The *Atomists,* who define Motion to be *a passage from one place to another,* What do they more than put one synonymous Word for another? For what is *Passage* other than *Motion",52001500,"moved
the moment it freely moved itself. Thus
nothing but contradictory ideas can arise

from

( ,6 )
from the supposition of matter's having
power to move itself.

¥We know from experience, that matter
put in motion continues to move in a right
line, if it meets with no obftrudion. Whe-
ther this progressive motion is the passive es-
fe& of the original action, or if it requires
the continued influence of",38475,38884,0.771,Topical,T93867,philosophy,"Philosophical dissertations. By James Balfour, Esq; of Pilric.",154520-philosophical dissertations by james balfour of pilrig,1782,English,Edinburgh,"balfour, james, 1705-1795"
162,464,"ing their Causes, or any otherwise. The *Atomists,* who define Motion to be *a passage from one place to another,* What do they more than put one synonymous Word for another? For what is *Passage* other than *Motion",928100103,"and Motion to another, than it firtc had
itself, and yet almost retain all its own. The great
Philosopher for Motion, Mr. Mariotte, calls this,
in his Treatise of Percussion, p. 153, 154, a very
.ftrpri/Tng Paradox ; and a few Lines below, a won-
derful Thing; and that he might leave it past
doubt, proves it experimentally.

And Mr.",284549,284883,0.771,Meaning Match,T181382,religion,"The religious philosopher: or, the right use of contemplating the works of the creator. In three volumes. ... In the wonderful Structure of Animal Bodies, and in particular Man. ... In the no less wonderful and wise Formation of the Elements, and their various Effects upon Animal and Vegetable Bodies. ... In the most amazing Structure of the Heavens, with all its Furniture. Designed For the Conviction of Atheists and Infidels. Throughout which, all the late discoveries in anatomy, philosophy, and Astronomy, together with the various Experiments made use of to illustrate the same, are most copiously handled by that Learned Mathematician, Dr. Nieuwentyt. Translated from the original, by John Chamberlayne, Esq; F. R. S. To which is prefix'd, a letter to the translator, by the Reverend J. T Desaguliers, LL. D. F. R. S.",2946-regt gebruik der werelt beschouwingen,1721,English,London,"nieuwentyt, bernard, 1654-1718"
163,464,"ing their Causes, or any otherwise. The *Atomists,* who define Motion to be *a passage from one place to another,* What do they more than put one synonymous Word for another? For what is *Passage* other than *Motion",1037800402,"motion oF the
m»erit. éteftier, &c. V. To deteft. atoms, le mouvement de, déclinaifon des

atomnes.

C c 2 DEVICE,

204 DEV DEV DEV DEU
DEVICE, S. (invention or contri- Devilish, Adv. diablement, en diable, mettre entre les mains, l'n faire le dépo.
vance) invention, moyen",1344100,1344373,0.771,Meaning Match,T222911,philosophy,"Dictionnaire royal, françois-anglois et anglois-françois tiré des meilleurs auteurs, qui ont ecrit dans ces deux langues ci-devant compose a l'usage de feu S. A. R. le duc de Glocester par Mr. A. Boyer revu & Augment'e d'un grand nombre de mots & de phrases, tant angloises que françoises; et d'une dissertation sur la prosodie.",199-royal dictionary,1768,French,Basel,"Boyer, Abel, 1667-1729"
164,464,"ing their Causes, or any otherwise. The *Atomists,* who define Motion to be *a passage from one place to another,* What do they more than put one synonymous Word for another? For what is *Passage* other than *Motion",1255400301,"Jch ge-
rucht beweegen.
Easily moved, Ligt te beweegen.
Movement, Beweeging.
le4 The Movement of a watch , De veer van eem

uur'werk.
Moven. or Mover, een Beweeger, beroerder , san-

raader.
Moving, Beweeging, vaorftelling, - beweegende,

be'weegelyk.

MOU.
MOULD, Aarde, -",1237391,1237664,0.771,Topical,T152845,education,"A large dictionary English and Dutch, in two parts: Wherein each Language is set forth in its proper form; the various significations of the Words being exactly noted, and abundance of choice Phrases and Proverbs intermixt. To which is added a grammer, for both languages. The First Part. The fourth edition corrected and enlarged. = Groot woordenboek der Engelsche en Nederduytsche taalen; nevens eene spraakkonst derzelver. Door W. Sewel. Eerste Deel. De vierde druk verbetert en vermeerdert.",6033-a compleat dictionary english and dutch,1749,English,Amsterdam,"sewel, william, 1653-1720"
165,464,"ing their Causes, or any otherwise. The *Atomists,* who define Motion to be *a passage from one place to another,* What do they more than put one synonymous Word for another? For what is *Passage* other than *Motion",1177100142,"is measured by it,
Four Axioms are proposed concerning variable Mo-
tions, Two concerning Motions that are accelerated,
and Two concerning such as are retarded. The
First is, That the Space described by an accelerated
Motion is greater than the Space which would have
been described in the fame Time, if it had not been
accelerated, but had continued uniform from the
Beginning of the Time. The Second is, That the
Space which is described by",474798,475240,0.77,Topical,P2656,literature_and_arts,"Philosophical transactions: giving some accompt of the present undertakings, studies and labours of the ingenious in many considerable parts of the world.",X-P2656,,English,London|Oxford.,
166,464,"ing their Causes, or any otherwise. The *Atomists,* who define Motion to be *a passage from one place to another,* What do they more than put one synonymous Word for another? For what is *Passage* other than *Motion",888800101,"motion lideways, and provided them with
certain hooked parts, to enable them the better to hang together;
and from a caliual or fortuitous jumble of these hooked intanglqd
atoms, they supposed the whole universe to be formed.
ATOMICAL philosophy, denotes the doctrine of atoms; or a
method of accounting for the origin and formation of all things,
from the filppofition of atoms being",3031803,3032187,0.77,Meaning Match,T128978,education,"The new Royal cyclopædia, and encyclopædia; or, complete, modern and universal dictionary of arts and sciences. ... Illustrated with ... copper-plates, ... In three ... volumes. ... By George Selby Howard, ... Assisted by many gentlemen ... John Bettesworth, ... Henry Boswell, ... Felix Stonehouse, D.D. and others.",X-the new royal cyclopædia,1788,English,London,
167,464,"ing their Causes, or any otherwise. The *Atomists,* who define Motion to be *a passage from one place to another,* What do they more than put one synonymous Word for another? For what is *Passage* other than *Motion",430100302,"would ; Yet they move, and since they
move not of thewfelves, nor by their own INature,
one would examine, Lucilim, whether there is not
some Principle without them, which causes this
Motion. Whatever you find it, I call it God.

Should we suppose there great Bodies to be
without Motion, 1 (hould not then ask who moves
'em, but I should still be allow'd to enquire who
made them, as",609426,609810,0.77,Topical,T130565,literature_and_arts,"The works of Monsieur De La Bruyere. In two volumes. ... The sixth edition, revis'd by the Paris edition: with an original chapter, Of the manner of living with great men: written after the method of M. Bruyere, by N. Rowe, Esq;.",35572-works of monsieur de la bruyere in two volumes,1713,English,London,"la bruyere, jean de"
168,464,"ing their Causes, or any otherwise. The *Atomists,* who define Motion to be *a passage from one place to another,* What do they more than put one synonymous Word for another? For what is *Passage* other than *Motion",548400300,"advances into a new one, and there is so
much acquir'd to the Space behind the movingBody,
which it leaves, as there is lofl to it before in theSpace,
on which it incroaches, whilst the otherlateral parts
of the Globe are only-contiguous to Space, and pas
or slide, as it were, thro' it; if this Space therefore
inflead of being an abftraced one of Extension",321396,321754,0.769,Topical,T112866,science,"The principles of natural philosophy, in which is shewn the insufficiency of the present systems, to give us any just account of that science: and the necessity there is of some new principles, in order to furnish us with a true and real knowledge of nature. By Robert Green, M. A. and Fellow of Clare Hall.",59898-principles of natural philosophy in which is shewn insufficiency of present systems to give us any just account of that science and necessity there is of some new principles in order to furnish us with true and real knowledge of nature,1712,English,Cambridge,"greene, robert, 1678?-1730"
169,464,"ing their Causes, or any otherwise. The *Atomists,* who define Motion to be *a passage from one place to another,* What do they more than put one synonymous Word for another? For what is *Passage* other than *Motion",297300105,"they are properly and direcly
attributed to some mode of that substance. Motion is the mode of a body ; but
the swiftness, or slowness of it, or its direction to the north or south, are but modes
of motion. Walking is the mode or manner of man, or of a beast; but walking
gracefully implies a manner or mode superadded to that action. All comparative
and superlative degrees of any quality, are",61471,61865,0.769,Meaning Match,T100908,religion,"The works of the late reverend and learned Isaac Watts, D.D. published by himself, and now collected into six volumes. In which are also inserted the second part of the Improvement of the mind, An essay on education, and some additions to his Miscellaneous thoughts in prose and verse. Now first published from his manuscripts, and, the Direction of his Will, revised and corrected by D. Jennings, D.D. and the late P. Doddridge, D.D. ...",107991-works of reverend and learned isaac watts dd published by himself and now collected into six volumes,1753,English,London,"watts, isaac, 1674-1748"
170,464,"ing their Causes, or any otherwise. The *Atomists,* who define Motion to be *a passage from one place to another,* What do they more than put one synonymous Word for another? For what is *Passage* other than *Motion",159900100,"tô- 27°

01. 127.
mes. 2ème a

Les atômes ont un mouvement interne: la
gravité. Leur motion se feroit dans le plan
vertical, * si, par une loi particulière, ils ne dé-
crivoient une ellipse dans le vuide. (2)

La terre, le ciel, les planètes, les étoiles, les
animaux, l'homme compris, nacquirent du con-
cours fortuit de ces atômes;",642735,643068,0.769,Meaning Match,N7167,politics,"Essai historique, politique et moral, sur les révolutions anciennes et modernes, considérées dans leurs rapports avec la révolution françoise. ... Vol. I.",146202-essai historique politique et moral sur les revolutions anciennes et modernes considerees dans leurs rapports avec la revolution francoise vol i,1797,French,London|Hamburg.,"Chateaubriand, François-René de, 1768-1848"
171,464,"ing their Causes, or any otherwise. The *Atomists,* who define Motion to be *a passage from one place to another,* What do they more than put one synonymous Word for another? For what is *Passage* other than *Motion",569600101,"by mifunderflanding
him.

After having explained the efficient cause of all power
distributed throughout the universe, Aristotle proceeds to
define motion; but though the efforts of a great genius
are conspicuous, his definition is very lame and irper-
fed. The farther he advances, his reasoning becomes
more clear; finite and infinite, the vacuum and atoms,
space and time, place and the bodies contained in it,",1430346,1430759,0.769,Meaning Match,T134585,education,"The complete dictionary of arts and sciences. In which the whole circle of human learning is explained, And the Difficulties attending the Acquisition of Every Art, Whether Liberal or Mechanical, are Removed, in the most easy and familiar manner. Among the various Branches of Literature explained in this Work are the following, viz. Agriculture Algebra Anatomy Architecture Arithmetic Astronomy Botany Catoptrics Chemistry Chronology Commerce Conics Cosmography Dialling Dioptrics Ethics Fluxions Fortification Gardening Gauging Geography Geometry Grammar Gunnery Handicrafts Heraldry History Horsemanship Husbandry Hydraulics Hydrography Hydrostatics Law Levelling Logic Maritime And Military Affairs Mathematics Mechanics Merchandize Metaphysics Meteorology Music Navigation Optics Painting Perspective Pharmacy Philology Philosophy Physic Pneumatics Rhetoric Sculpture Series Statics Statuary Surgery Surveying Theology, &c. The theological, philological, and critical branches, by the Rev. Temple Henry Croker, A. M. Chaplain to the Right Honourable the Earl of Hillsborough. The medicinal, anatomical, and chemical, by Thomas Williams, M. D. The mathematical by Samuel Clark, Author of an Easy Introduction to the Theory and Practice of Mechanics. and the other parts by several gentlemen particularly conversant in the Arts or Sciences they have undertaken to explain.",16612-complete dictionary of arts and sciences in which whole circle of human learning is explained and difficulties attending acquisition of every art whether liberal or mechanical are removed in most easy and familiar manner,1764,English,London,"croker, temple henry, 1729 or 1730-1790?"
172,464,"ing their Causes, or any otherwise. The *Atomists,* who define Motion to be *a passage from one place to another,* What do they more than put one synonymous Word for another? For what is *Passage* other than *Motion",700300102,"Example, put into Motion, was transferred
by the Mover as far as B. then when it
was left by that which moved or put it in-
to Motion, the Air in the mean while,
which was in the Place of the moving
Body that is in A, fills the Place between
A and B, and. so by its Impulse commu-

* Is not this to an Hair the Vis ImnpreJfaj and the
Projeaion of the modern Philosoph",444684,445051,0.768,Meaning Match,T70602,religion,"The philosophical and theological works of the late truly learned John Hutchinson, Esq; In twelve volumes. Vol. I. Moses's Principia, Part I. ... Vol. II. Moses's Principia, Part II. ... Vol. III. Moses's Sine Principio; or, the meaning of the names and titles of God; ... Vol. IV. The confusion of tongues, and trinity of the gentiles; ... Vol. V. Power essential and mechanical ... Vol. VI. Glory or Gravity, or Glory Essential; ... Vol. VII. The Hebrew writings perfect. ... Vol. VIII. Containing the religion of Satan, or natural religion; and the data in Christianity, Part I. ... Vol. IX. The Data in Christianity, Part II. Vol. X. The Human Frame; ... Vol XI. Glory Mechanical; or the agents of nature, ... Vol. XII. A collection of several tracts. on the instincts in the several orders of creatures. ... With indexes.",50963-philosophical and theological works of john hutchinson in twelve volumes vol1,1749,English,London,"hutchinson, john, 1674-1737"
173,464,"ing their Causes, or any otherwise. The *Atomists,* who define Motion to be *a passage from one place to another,* What do they more than put one synonymous Word for another? For what is *Passage* other than *Motion",491900500,"investigating those things, which human
reason is incapable of conceiving. However, thus far the
loundeft philosophers agree concerning it, that it is somew\hat
incorporeal. For how can sluggish matter, which is of itself
void of all motion, be the source and firll cause of thought,
the molt excellent of all motions ? Wherefore, it is fuffici-
ent!y evident, that this first mover",567006,567388,0.768,Topical,N3670,science,"The medical works of Richard Mead, M. D. Physician to his late Majesty King George II. Fellow of the Royal Colleges of Physicians at London and Edinburgh, and of the Royal Society.",35765-medical works of richard mead m,1767,English,Dublin,"mead, richard, 1673-1754"
174,464,"ing their Causes, or any otherwise. The *Atomists,* who define Motion to be *a passage from one place to another,* What do they more than put one synonymous Word for another? For what is *Passage* other than *Motion",358500305,"arises from the Com-
parison of one Body with another.
Thus Motion is an abjolute Mode of a
Body; for I can confider a Body as
in Motion, without comparing it to
any thing else in the whole Creation:
But Swiftness and Slowness are rela-
tive Modes, the Ideas whereof are
produced by comparing the Motion of
.one Body with that of others; as the
Motion of a Bowl on a Bowling-Green",34172,34552,0.768,Meaning Match,T109990,philosophy,"Logic made familiar and easy to young gentlemen and ladies. To which is added, a compendious system of metaphysics, or, ontology. Being the fifth volume of the Circle of sciences, &c. Published by the King's Authority.",X-logic made familiar and easy,1752,English,Dublin,
175,464,"ing their Causes, or any otherwise. The *Atomists,* who define Motion to be *a passage from one place to another,* What do they more than put one synonymous Word for another? For what is *Passage* other than *Motion",1235400201,"e ces conféquences par les termes
mêmes de la définition , telle eft la
balè du fyfiême & la logique de l'au-
teur.

°0. Le mouvement eft-il effentiel à la
matiere ? L'auteur l'afture, lui qui avoit
dit néanmoins que les corps ne ren-
ferrmnt point en eux - mêmes la rai-
fon de leurs changemens, & que tous
les",10729,11040,0.768,Topical,T149830,science,Réflexions philosophiques sur Le système de la nature. Par M. Holland. Premiere Partie.,36122-reflexions philosophiques sur le système de la nature par m,1772,French,Neuchatel,"holland, georg jonathan von, 1742-1784"
176,464,"ing their Causes, or any otherwise. The *Atomists,* who define Motion to be *a passage from one place to another,* What do they more than put one synonymous Word for another? For what is *Passage* other than *Motion",630600102,"motion, and the order of the
world: and in both these the different hypotheses of
Anaximander and Democritus were equally defect-
ive. But whether the world were made by the cir-
aruvolution of infinite matter, endued with contrary qua-
lities, or by the motion of atoms, which had nothing but
bulk andfigure, signifies nothing as to the main point.
I do not deny but one hypothesis may in some",608426,608820,0.768,Topical,T145724,religion,"Origines sacræ: or a rational account of the grounds of natural and revealed religion. To which is added part of another book upon the same subject, left unfinished by the author. Together with A letter to a deist. In two volumes. ... By ... Edward Stillingfleet, ...",2199-origines sacrae or rational account of grounds of christian faith as to truth and divine authority of scriptures and matters therein contained,1797,English,Oxford,"Stillingfleet, Edward, 1635-1699."
177,464,"ing their Causes, or any otherwise. The *Atomists,* who define Motion to be *a passage from one place to another,* What do they more than put one synonymous Word for another? For what is *Passage* other than *Motion",223900203,"motion, and power. If it be asked,
how these atoms came to make a world, and
unite into the present system of things that
we behold, we are told: That after the infi-
nite alterations, as to motion and place, which
these atoms underwent during the eternity of
their existence, they at lalt united themselves
into all the present various combinations and
forms in which we now behold them. If
through our wonder and",373150,373564,0.768,Meaning Match,T63371,religion,"Sermons on the following subjects, viz. The religion of Christ. Christian Morality. Excellence of Christ's Doctrines The Possibility of Miracles. Character of Christ and his Apostles. Design of their Miracles. Certainty of the Miracles. Resurrection of Christ; and Consequences of it. His not appearing to all the People Of Christ's Ascension. The Descent of the Holy Spirit. The Doctrine of a Resurrection explained. The Change made by it in the Saints. Objections against a resurrection answered. By the late reverend Samuel Chandler, D. D. and F. R. and A. S. S. Published from his manuscript; with a preface, giving a brief account of the life, character and writings of the author. By Thomas Amory. ...",55371-sermons on following subjects viz,1768,English,London,"chandler, samuel, 1693-1766"
178,464,"ing their Causes, or any otherwise. The *Atomists,* who define Motion to be *a passage from one place to another,* What do they more than put one synonymous Word for another? For what is *Passage* other than *Motion",1214801100,"-motion, is to suppose a deftruCion of it,- or of
the efiential difference betwixt matter and spirit; jum-
bling the material and spiritual worlds into utter confu-
sion. For felf-motion is the fame with spontaneous mo-
tion, which is the fame with voluntary motion; tb that

a1i

an ascribing of this to mere matter, must be an afcri-
bing of will to",47982,48333,0.767,Topical,T184023,literature_and_arts,"An exposition of a false and abusive libel, entitled, The procedure of the Associate Synod in Mr Pirie's case represented, and his protest against their sentence vindicated: to which is added, An essay on excommunication. In which the doctrine of liberty and necessity, according to the principles of calvinists and of Christian philosophy, is briefly stated; and some view is taken of the Essays on the principles of morality and natural religion, particularly of the Essay on Liberty and Necessity.",62927-an exposition of false and abusive libel entitled procedure of associate synod in piries case represented and his protest against their sentence vindicated,1764,English,Edinburgh,"gib, adam, 1714-1788"
179,464,"ing their Causes, or any otherwise. The *Atomists,* who define Motion to be *a passage from one place to another,* What do they more than put one synonymous Word for another? For what is *Passage* other than *Motion",449400800,"Inaction or reft, but such Conception
miuft absolutely be attended with that of some ac-
cidents which suppose Motion. Besides, What
is Motion in Matter? at least I wotld fain know
what it is according to the Idea we form of
it? I take such Motion to be nomore than a

C 3 ree-

reciprocal Change of Situation of certain par-
ticles. Now this change of Situation cannot
be absolutely attributed but to",50526,50927,0.767,Meaning Match,T31443,history,"The life and adventures of Mademoiselle de la Sarre, Containing a great many Indidents presumed to be new, as not occurring in the common Course of Life, by Thomas Crowley Esqr.",122587-life and adventures of mademoiselle de la sarre containing great many indidents presumed to be new as not occurring in common course of life by thomas crowleyr,1751,English,Rotterdam,"crowley, thomas, approximately 1700-approximately 1785"
180,464,"ing their Causes, or any otherwise. The *Atomists,* who define Motion to be *a passage from one place to another,* What do they more than put one synonymous Word for another? For what is *Passage* other than *Motion",386101400,"Or,

Secondly,

(77)
Secondly, Upon the'Impulfe or
Contac of some other Bodies (k).

§. LXXII. The Motion of Bodies,
which results from the Physical and
Mechanical Laws and Powers of the
Bodies themselves, is that Species of
Motion which is supposed essential
to Matter: (I) but as the Proof of
this first Principle is refled upon the
Establishment of the second",61367,61729,0.767,Topical,T27268,philosophy,"An enquiry into the immateriality of thinking substances, human liberty, and the original of motion. Particularly in Answer to a late Pamphlet, intitled, A Philosophical Enquiry into the Physical Spring of Human Actions, and the immediate Cause of Thinking. By William Windle, A. B.",179373-an enquiry into immateriality of thinking substances human liberty and original of motion,1738,English,London,"windle, william, 1706 or 1707-"
181,464,"ing their Causes, or any otherwise. The *Atomists,* who define Motion to be *a passage from one place to another,* What do they more than put one synonymous Word for another? For what is *Passage* other than *Motion",31700400,"-
tion and that Exiltence from themselves..
Whatever moves itself, is called Self-moving; either be-
cause one part of it is active, and the other passive in this
motion; or else, because the whole is 'ative, and the whole
passive. Now if we imagine One part to communicate,
and the Other only to receive the Imprelfion; itill the fame
Question will return, as to that part.which begins the",578955,579345,0.767,Topical,T138749,philosophy,"Epictetus his morals, with Simplicius his comment. Made English from the Greek, by George Stanhope, D. D. Dean of Canterbury, and Chaplain in Ordinary to His Majesty.",234-enchiridion,1721,English,London,epictetus
182,464,"ing their Causes, or any otherwise. The *Atomists,* who define Motion to be *a passage from one place to another,* What do they more than put one synonymous Word for another? For what is *Passage* other than *Motion",415600202,",
as it does not manifest itself but by its
effets, and lafily, because by it all things
are performed in the universe.'

'Then you call motion God ?'-' Cer-
tainly,' said I, ' because it is-incompre-
henfible.'

· Then whatever is incomprehensible
is God ?-But, what do you fay of the
cause of motion ?':

That must be motion itself because",62664,63005,0.766,Meaning Match,T71312,literature_and_arts,"The vagabond, a novel, in two volumes. ... . By George Walker. Dedicated to the Lord Bishop of Landaff.",10433-vagabond novel,1799,English,London,"walker, george, 1772-1847"
183,464,"ing their Causes, or any otherwise. The *Atomists,* who define Motion to be *a passage from one place to another,* What do they more than put one synonymous Word for another? For what is *Passage* other than *Motion",350500500,"as yet known, are of one kind only,
and the fame every where, as in the most
commonly known muscles. Hence, the
terms moving and muscular fibres are of
the fame import.

LXXXII.

LXXXII.
A muscular fibre is supposed to have a
peculiar organization, different both from
that of the simple solid fibre, and from that
of the medullary fibres in every other part
of the nervous system; but wherein that
peculiarity of organization consist",38380,38814,0.766,No Match,N5828,science,"Institutions of medicine. Part I. Physiology. For the use of the students in the University of Edinburgh. By William Cullen, M.D. Professor of the Practice of Physic, &c. &c.",15571-institutions of medicine part i,1785,English,Edinburgh,"cullen, william, 1710-1790"
184,464,"ing their Causes, or any otherwise. The *Atomists,* who define Motion to be *a passage from one place to another,* What do they more than put one synonymous Word for another? For what is *Passage* other than *Motion",1236202000,"to
:arise, -residing in certain medicines, -and not to be
:explained'by mecharnical principles. Foralthough
the:general known laws of motion:are to be deem-
'ed mechan-ial, yet peculiar nmotions of the-inferifble
-parts, and pectiliar properties .depending thereon,
·are occult and specific.

2ao. 'The'words attra",195713,196027,0.766,Meaning Match,N23348,science,"Siris: a chain of philosophical reflexions and inquiries concerning the virtues of tar water, and divers other subjects connected together and arising one from another. By G. L. B. O. C.",3549-siris chain of philosophical reflexions and inquiries concerning virtues of tar water,1744,English,London,"berkeley, george, 1685-1753"
185,464,"ing their Causes, or any otherwise. The *Atomists,* who define Motion to be *a passage from one place to another,* What do they more than put one synonymous Word for another? For what is *Passage* other than *Motion",580700400,"the Ratio then of
the Times they have been describing those Spaces?

Here, since A's Motion was 5 Times as swift as B's, it
is evident that in the Time B moved 5 Miles, A moved
5 ; but A moved 50 Miles in the Whole, therefore A was
twice as long in Motion as B; for as 50 is to 25, so is 2
to I.

25. A and B are two moving Bodies, and A move",26745,27087,0.766,Topical,T96671,science,"Elements of algebra; to which is prefixed, a choice collection of arithmetical questions, with their solutions, including some new improvements worthy the attention of arithmeticians. The Principles of Algebra are clearly demonstrated, and applied in the Resolution of a great Variety of Problems on different Parts of the Mathematicks and Natural Philosophy. By John Mole, Of Nacton, near Ipswich, in the County of Suffolk.",169441-elements of algebra,1788,English,London,"mole, john, 1743-1827"
186,464,"ing their Causes, or any otherwise. The *Atomists,* who define Motion to be *a passage from one place to another,* What do they more than put one synonymous Word for another? For what is *Passage* other than *Motion",1637702300,"When one,
two, three are mentioned, they have no
reference to any space or diviflon of time,
(like'the notes of a bar in music) as might
be at first imagined; but what I conceive
by it is, that a simple pass should be made
by one uniform motion in the line; that a
feint fliould have one motion only in the
feint, and one more in bringing it to the
line and passing, that is, feint",29630,30011,0.766,Meaning Match,T183243,science,A Few mathematical and critical remarks on the sword,X-a few mathematical and critical remarks on the sword,1781,English,Dublin,
187,464,"ing their Causes, or any otherwise. The *Atomists,* who define Motion to be *a passage from one place to another,* What do they more than put one synonymous Word for another? For what is *Passage* other than *Motion",993400200,"its Motion every
Time it meets with any other Quantity of refifling Matter, and
never of itself recovers that Motion again. The Laws of thils
communicated Motion (Momentum) being most common to out
Observation, are well defcribedby Philosophers: But the Law!
by which the PrimaryAgents act, are little underflood, tho' they
be truly the Cause of all the Phaenomena in Nature, and there",22749,23134,0.765,Meaning Match,W20277,science,"An explication of the first causes of action in matter, and, of the cause of gravitation.",53786-an explication of first causes of action in matter and of cause of gravitation,1745,English,New York,"colden, cadwallader, 1688-1776"
188,464,"ing their Causes, or any otherwise. The *Atomists,* who define Motion to be *a passage from one place to another,* What do they more than put one synonymous Word for another? For what is *Passage* other than *Motion",306600400,"without Motion when the Body Ferments, be
difintangled and acquire Motion ? It is certain, that
by reason of the mentioned Law of Motion received
among Philosophers, it cannot be conceived, unless
some mighty moveable, and agitated Matter comes to
it from without, such as is the tErheral Matter; which,
according to the various Disposition of the fermenting
Bodies,or the Configuration of the Parts, and the Open",933437,933850,0.765,Meaning Match,N13176,science,"Riverius reformatus: or the modern Riverius; containing the modern practice of physick. Much like that of Riverius; but accommodated to the most Received Principles among the Modern Philosophers, as well as Physicians: With Practical Observations at the end of each Chapter. His secrets, and a tract of the venereal disease. To which is annex'd, Dr. Richard Mead's treatise of the power and influence of the sun and moon on humane bodies: faithfully translated. By a doctor of physick.",14993-riverius reformatus,1713,English,London,"la calmette, francois de"
189,464,"ing their Causes, or any otherwise. The *Atomists,* who define Motion to be *a passage from one place to another,* What do they more than put one synonymous Word for another? For what is *Passage* other than *Motion",377400600,"and not the sense of words.
When velocity is confidered only as an affection of mo-
tion, the velocity of a velocity is nonsense. But then
this is not the notion of a second Fluxion; and if by
inlarging the idea of velocity, you make it synonymous
to the word Fluxion, then the velocity of a velocity,
however oddly it may found, is nothing but plaincom-
mon sense. For",28056,28425,0.765,Meaning Match,T128788,science,"An introduction to the doctrine of fluxions, and defence of the mathematicians against the objections of the author of the Analyst, so far as they are designed to affect their general Methods of Reasoning.",33406-an introduction to doctrine of fluxions and defence of mathematicians against objections of author of analyst so far as they are designed to affect their general methods of reasoning,1736,English,London,
190,464,"ing their Causes, or any otherwise. The *Atomists,* who define Motion to be *a passage from one place to another,* What do they more than put one synonymous Word for another? For what is *Passage* other than *Motion",1632400105,"s, Macerations,
and Maturations, that can be performed by the Help
of Motion, ihould ever be able to make a thinking
Being, or grow up into the Soul of a Philosopher
That a Company of dead Atoms, which cannot move
unlef they are moved, can ever be capable of fra-
mning Syllogifmns in Mode and Figure, and disputing,
Pro and con, whether they are Atoms or",27828,28183,0.765,Meaning Match,T143518,religion,"The Christian life, from its beginning, to its consummation in glory; together with the several means and instruments of Christianity conducing thereunto. With directions for private devotion, and forms of prayer fitted to the several states of Christians. By John Scott, D.D. rector of St. Giles's in the Fields, London. In five volumes",255-christian life,1754,English,Edinburgh,"scott, john, 1639-1695"
191,464,"ing their Causes, or any otherwise. The *Atomists,* who define Motion to be *a passage from one place to another,* What do they more than put one synonymous Word for another? For what is *Passage* other than *Motion",1679800101,"supposed to be c in its own Nature

** moveable, mutually and mechanically to afint to
"" or di~rent from Motion, or a certain Determina-
"" tion of Motion; to move through "" Number-
"" less Intervals without any Vacuum.' If matter be
in "" its own Nature moveable,"" yet ifill if it be at
reft it requires a Mover to put it into Motion. It can-
not move itself, unless there be a Motiv",533452,533833,0.765,Topical,P2222,literature_and_arts,"The History of the works of the learned. Giving a general view of the state of learning throughout Europe, and containing an impartial account and accurate abstracts of the most valuable books publish'd in Great Britain and foreign parts. Interspers'd with dissertations on several curious and entertaining subjects, critical reflections, and memoirs of the most eminent writers in all branches of polite literature",X-the history of the works of the learned,1737,English,London [England],
192,464,"ing their Causes, or any otherwise. The *Atomists,* who define Motion to be *a passage from one place to another,* What do they more than put one synonymous Word for another? For what is *Passage* other than *Motion",239500102,"of dancing
"" atoms into the form of seven rolling globes::
"" and, that nature might be kept from a dull
""inactivity, each separate particle is endued
""with a principle of motion, or a power of at-
"" traction, whereby all the several parcels of
"" matter draw each other proportionably to
""their magnitudes and distances into such a
· This seems to be a banter upon Mr. WH",105591,105961,0.764,Topical,T98535,literature_and_arts,"The lucubrations of Isaac Bickerstaff, Esq.",174-lucubrations of isaac bickerstaff,1786,English,London,"addison, joseph, 1672-1719"
193,464,"ing their Causes, or any otherwise. The *Atomists,* who define Motion to be *a passage from one place to another,* What do they more than put one synonymous Word for another? For what is *Passage* other than *Motion",34501100,"a greater or lesser space in a certain time as
suppose a second.

6. Motion is a continual and successive change
of place. If the body moves equally, 'tis called
equable or uniform motion. If it increases or
decreases, 'tis called accelerated or retarded
motion. When it is compared with some body
at reft, 'tis called absolute motion. But when
compared with others in motion, it is called
relative motion.

7. Direction of motion is the",1479,1916,0.764,Meaning Match,T55771,science,"A treatise of the mechanical powers. I. Of the lever, II. The wheel and axle, III. The pulley, IV. The screw, V. The wedge, and, VI. The inclined plane. To which are added, several useful improvements in mill work, bevel, geer, friction. The best shape for teeth in wheels, &c. By John Imison.",21898-a treatise of mechanical powers i,1787,English,London,
194,464,"ing their Causes, or any otherwise. The *Atomists,* who define Motion to be *a passage from one place to another,* What do they more than put one synonymous Word for another? For what is *Passage* other than *Motion",771000200,"motion in the
' world. Some other principle was ne-
""ceffary for putting bodies into motion;
""and now they are in motion, some other

principle is necessary for conserving the
""motion *.""

The point in question is, What powers or
agents continue motion, after the vis imprejfa,
that which first put the body in motion, is
removed ? What evidence is there produced
to determine this point ? His definitions and
laws suppose some properties inherent in",99256,99706,0.764,Meaning Match,T131021,philosophy,"An enquiry after philosophy and theology. Tending to show when and whence mankind came at the knowledge of these two important points. By Robert Spearman, Esq;",23852-an enquiry after philosophy and theology tending to show when and whence mankind came at knowledge of two important points,1757,English,Dublin,"spearman, robert, 1703-1761"
195,464,"ing their Causes, or any otherwise. The *Atomists,* who define Motion to be *a passage from one place to another,* What do they more than put one synonymous Word for another? For what is *Passage* other than *Motion",171300404,"God ior
his Works, and become Idolaters inflead of speak-
ing Sense. And really, what are Motion and the
Laws of Impulle ? Motion is evidehtly nothing but
the Body moved or displaced. The Strength of
Motion, and the Duration of Motion, are nothing
but the constant Order and Oeconomy which God
has prescribed to himself, and according to which~
he regularly continues to preserve and dilpdfe of
every",84440,84840,0.764,Meaning Match,T131955,science,"Spectacle de la nature: or, nature display'd. Being discourses on such particulars of natural history as were thought most proper to excite the curiosity, and form the minds of youth. Containing What belongs to the Heavens, and the Relations of the several Parts of the Universe with the Wants of Man. Illustrated with copper plates. Vol. IV. Translated from the original French.",244-spectacle de la nature,1739,English,London,"pluche, noel antoine, 1688-1761"
196,464,"ing their Causes, or any otherwise. The *Atomists,* who define Motion to be *a passage from one place to another,* What do they more than put one synonymous Word for another? For what is *Passage* other than *Motion",53400201,"Motion is the Subject of Determination; for'tis by Motion
that a Body describes a certain Line: 'Tis because it moves,
that it departs from one Term, and comes near another in
a certain Way. 'Tis not the Way that makes the Motion;
tis Motion which describes a certain Way.
LASTLY, a Subfiance becomes the Subjed of another Sub-
fiance, when it Supports it. Thus the Ground",1063519,1063891,0.764,Meaning Match,T141100,philosophy,"A new treatise of the art of thinking; or, a compleat system of reflections, concerning the conduct and improvement of the mind. ... Written in French by Mr. Crousaz, ... Done into English. In two volumes. ...",96316-logique,1724,English,London,"crousaz, jean-pierre de, 1663-1750"
197,464,"ing their Causes, or any otherwise. The *Atomists,* who define Motion to be *a passage from one place to another,* What do they more than put one synonymous Word for another? For what is *Passage* other than *Motion",468800301,"à
ce qu'on loit arrivé à un être mu de lui-même,
ce qui ne fe conçoit pas.
L'accroiffement, la diminution, la fouftraEion,
la tranflation offrent les mêmes difficultés que le
mouvement.
Le tout ne fc comprend point; car qu'eft-ce
que le tout, finon l'aggrégation de toutes les
parties ? Toutes les parties ôtées, le tout",832034,832354,0.764,Topical,T138416,literature_and_arts,"Collection complette des ouvres philosophiques, littéraires et dramatiques de M. Diderot. ...",103977-collection complette des ouvres philosophiques litteraires et dramatiques de m,1773,French,Amsterdam,"diderot, denis, 1713-1784"
198,464,"ing their Causes, or any otherwise. The *Atomists,* who define Motion to be *a passage from one place to another,* What do they more than put one synonymous Word for another? For what is *Passage* other than *Motion",31800800,"alike;
there is then no sufficient reason why different
parts always produce the fame effect.

Thirdly, it may further be said by the New-
tonians; if one ask a sufficient reason why the
atom A, is in one place, and the atom B, ex-
aftly similar, is in another, the reason lies in the

motion which impels them; and if we alk the
reason of this motion, you must either fay, that
this motion",28308,28698,0.764,Meaning Match,T111221,science,The newtonian philosophy compared with that of Leibnitz. Translated from the French of M. de Voltaire.,53345-metaphysique de newton,1764,English,Glasgow,"voltaire, 1694-1778"
199,464,"ing their Causes, or any otherwise. The *Atomists,* who define Motion to be *a passage from one place to another,* What do they more than put one synonymous Word for another? For what is *Passage* other than *Motion",91400103,".. He places the essence of
matter in extension; because he conceives it
possible for matter to exist after the abstraction
of hardness, weight, and its other qualities,
but not if the extension be supposed to be done
away. Hence he concludes, that there can be
no vacuum or empty space in nature. Motion
he considers to be the translation of a body
from the vicinity of other bodies in contact with
it; and, consequently, he makes no",1826926,1827360,0.764,Meaning Match,T88108,history,"General biography; or lives, critical and historical, of the most eminent persons of all ages, countries, conditions, and professions, arranged according to alphabetical order. Chiefly composed by John Aikin, M.D. and the late Rev. William Enfield, LL.D. Volume the First.",50815-general biography or lives critical and historical of most eminent persons of all ages countries conditions and professions arranged according to alphabetical order,1799,English,London,"aikin, john, 1747-1822"